"Me contacter au 06 #### 06,pour renseignements.",con,ebayfr-e05p_0_100.xml
POUR LES MODELES PRECIS ME DEMANDER,con,ebayfr-e05p_0_100.xml
pour plus de renseignement veuillez me contacter,con,ebayfr-e05p_0_100.xml
"POUR QUESTIONS , PHOTOS OU AUTRES ME CONTACTER",con,ebayfr-e05p_0_100.xml
Autres photos possible n' hesitez pas.,con,ebayfr-e05p_0_100.xml
"pour plus d'info, je me ferais un plaisir de vous repondre!!",con,ebayfr-e05p_0_100.xml
PLUSIEURS MODELES DISPONIBLES ME CONTACTER,con,ebayfr-e05p_0_100.xml
Pour toutes autres questions merci de me contacter.,con,ebayfr-e05p_0_100.xml
Si vous avez des questions n'hésitez pas.,con,ebayfr-e05p_0_100.xml
je vous repondrer dans les plus bref délais,con,ebayfr-e05p_0_100.xml
Pour toutes questions n'hésitez pas à me contacter concernant cet objet!,con,ebayfr-e05p_0_100.xml
N'hésitez pas à me contacter si vous avez des questions.,con,ebayfr-e05p_0_100.xml
N'hésitez surtout pas à me contacter pour plus d'informations....,con,ebayfr-e05p_0_100.xml
N'hésitez pas à me contacter,con,ebayfr-e05p_0_100.xml
n'hésitez pas à poser vos questions,con,ebayfr-e05p_0_100.xml
pour plus de renseignement contacter moi,con,ebayfr-e05p_0_100.xml
si vous désirez d'autres photos merci de m'envoyer un mail .,con,ebayfr-e05p_0_100.xml
N'HESITEZ PAS A ME CONTACTER POUR PLUS D'INFOS OU DE PHOTOS: #####@AOL.COM,con,ebayfr-e05p_0_100.xml
autres destinations nous consulter envoi possible -,con,ebayfr-e05p_0_100.xml
"Si vous souhaitez d'autre photos, n'hésitez pas à m'en demander !",con,ebayfr-e05p_0_100.xml
Je,ego,ebayfr-e05p_0_100.xml
je,ego,ebayfr-e05p_0_100.xml
Bonnes enchères!!,enc,ebayfr-e05p_0_100.xml
Bonnes enchères.,enc,ebayfr-e05p_0_100.xml
Bonnes enchères,enc,ebayfr-e05p_0_100.xml
BONNE ENCHERES,enc,ebayfr-e05p_0_100.xml
bonne enchérea tous,enc,ebayfr-e05p_0_100.xml
Bonne enchère et merci.,enc,ebayfr-e05p_0_100.xml
Bonne encherea tous .,enc,ebayfr-e05p_0_100.xml
Bonne enchère a tous.,enc,ebayfr-e05p_0_100.xml
Bonnes enchères à tous,enc,ebayfr-e05p_0_100.xml
BONNE ENCHERE A TOUS,enc,ebayfr-e05p_0_100.xml
bonnes enchères,enc,ebayfr-e05p_0_100.xml
Bonnes enchêres,enc,ebayfr-e05p_0_100.xml
BONNES ENCHERES A TOUS,enc,ebayfr-e05p_0_100.xml
BONNES ENCHERES,enc,ebayfr-e05p_0_100.xml
consultez,imp,ebayfr-e05p_0_100.xml
Consultez,imp,ebayfr-e05p_0_100.xml
hésitez,imp,ebayfr-e05p_0_100.xml
Regardez,imp,ebayfr-e05p_0_100.xml
hesitez,imp,ebayfr-e05p_0_100.xml
HESITEZ,imp,ebayfr-e05p_0_100.xml
cout,ort,ebayfr-e05p_0_100.xml
composé d'Aluminium et de plastique,ort,ebayfr-e05p_0_100.xml
panatalon,ort,ebayfr-e05p_0_100.xml
paut-être,ort,ebayfr-e05p_0_100.xml
allemend,ort,ebayfr-e05p_0_100.xml
evidement,ort,ebayfr-e05p_0_100.xml
COMPREMANT,ort,ebayfr-e05p_0_100.xml
RI,ort,ebayfr-e05p_0_100.xml
colori,ort,ebayfr-e05p_0_100.xml
efftes,ort,ebayfr-e05p_0_100.xml
emaille,ort,ebayfr-e05p_0_100.xml
comprehention,ort,ebayfr-e05p_0_100.xml
ets,ort,ebayfr-e05p_0_100.xml
je les en vente mets 1 par 1,ort,ebayfr-e05p_0_100.xml
quand a lui,ort,ebayfr-e05p_0_100.xml
LE TOUT SANS TACHE NI ACCRO !!!,ort,ebayfr-e05p_0_100.xml
PNEUMATHIQUE,ort,ebayfr-e05p_0_100.xml
Provençale,ort,ebayfr-e05p_0_100.xml
c'est,pre,ebayfr-e05p_0_100.xml
C'est,pre,ebayfr-e05p_0_100.xml
Il y a,pre,ebayfr-e05p_0_100.xml
pour petit costaud à la mode !!!,slo,ebayfr-e05p_0_100.xml
affaire à ne pas rater,slo,ebayfr-e05p_0_100.xml
Votre petite fille aura bel allure dedans !,slo,ebayfr-e05p_0_100.xml
"TOUT SAVOIR SUR LES PERSONNAGES DES LOONEY TUNES, CONNAITRE LEUR ANNEE DE CREATION",slo,ebayfr-e05p_0_100.xml
Profitez-en!!!,slo,ebayfr-e05p_0_100.xml
A saisir !!,slo,ebayfr-e05p_0_100.xml
A noter que le film n'est pas encore sorti en dvd en France !,slo,ebayfr-e05p_0_100.xml
"Elle est magnifique,tres chic !",slo,ebayfr-e05p_0_100.xml
"A saisir, très RARE sur le marché!",slo,ebayfr-e05p_0_100.xml
ATTENTION,slo,ebayfr-e05p_0_100.xml
affaire a saisir,slo,ebayfr-e05p_0_100.xml
Créez d'originales poterie en argile et décorez-les à votre gôut.,slo,ebayfr-e05p_0_100.xml
TRES BONNE OCCASION A NE PAS RATER,slo,ebayfr-e05p_0_100.xml
Avis aux collectionneurs !!!,slo,ebayfr-e05p_0_100.xml
BONNE ENCHERES,stn,ebayfr-e05p_0_100.xml
bon etat,stn,ebayfr-e05p_0_100.xml
BONNE ETAT,stn,ebayfr-e05p_0_100.xml
bonne état,stn,ebayfr-e05p_0_100.xml
jamais porter,stn,ebayfr-e05p_0_100.xml
hesitez,stn,ebayfr-e05p_0_100.xml
pas,stn,ebayfr-e05p_0_100.xml
BONNE ENCHERE,sty,ebayfr-e05p_0_100.xml
aucun,sty,ebayfr-e05p_0_100.xml
PAS,sty,ebayfr-e05p_0_100.xml
servi,sty,ebayfr-e05p_0_100.xml
en rien,sty,ebayfr-e05p_0_100.xml
plus,sty,ebayfr-e05p_0_100.xml
Bonnes enchères,sty,ebayfr-e05p_0_100.xml
Bonne enchère,sty,ebayfr-e05p_0_100.xml
jamais,sty,ebayfr-e05p_0_100.xml
Bonnes enchères!,sty,ebayfr-e05p_0_100.xml
bonnes enchères,sty,ebayfr-e05p_0_100.xml
BONNES ENCHERES,sty,ebayfr-e05p_0_100.xml
hésitez,sty,ebayfr-e05p_0_100.xml
portés,sty,ebayfr-e05p_0_100.xml
porté,sty,ebayfr-e05p_0_100.xml
bon état,sty,ebayfr-e05p_0_100.xml
Bon état,sty,ebayfr-e05p_0_100.xml
utilisé,sty,ebayfr-e05p_0_100.xml
PORTEE,sty,ebayfr-e05p_0_100.xml
que,sty,ebayfr-e05p_0_100.xml
pas,sty,ebayfr-e05p_0_100.xml
Tout cela c'est plus de tranquilité pour les parents !!!,syn,ebayfr-e05p_0_100.xml
Vend,ann,ebayfr-e17p_0_100.xml
Je vends,ann,ebayfr-e17p_0_100.xml
je vends,ann,ebayfr-e17p_0_100.xml
tbe,ann,ebayfr-e17p_0_100.xml
Je vend,ann,ebayfr-e17p_0_100.xml
vends,ann,ebayfr-e17p_0_100.xml
parfaite,att,ebayfr-e17p_0_100.xml
Tres belle,att,ebayfr-e17p_0_100.xml
très bien,att,ebayfr-e17p_0_100.xml
PARFAITEMENT,att,ebayfr-e17p_0_100.xml
Très jolie,att,ebayfr-e17p_0_100.xml
Parfait,att,ebayfr-e17p_0_100.xml
super,att,ebayfr-e17p_0_100.xml
parfaitement,att,ebayfr-e17p_0_100.xml
parfait,att,ebayfr-e17p_0_100.xml
TRES RARE,att,ebayfr-e17p_0_100.xml
magnifique,att,ebayfr-e17p_0_100.xml
tres bien,att,ebayfr-e17p_0_100.xml
PARFAIT,att,ebayfr-e17p_0_100.xml
très rare,att,ebayfr-e17p_0_100.xml
exceptionnel,att,ebayfr-e17p_0_100.xml
SUPERBES,att,ebayfr-e17p_0_100.xml
très belle,att,ebayfr-e17p_0_100.xml
trés beau,att,ebayfr-e17p_0_100.xml
SUPERBE,bon,ebayfr-e17p_0_100.xml
Très jolie,bon,ebayfr-e17p_0_100.xml
Superbe,bon,ebayfr-e17p_0_100.xml
Magnifique,bon,ebayfr-e17p_0_100.xml
tres belle,bon,ebayfr-e17p_0_100.xml
MAGNIFIQUES,bon,ebayfr-e17p_0_100.xml
Très beau,bon,ebayfr-e17p_0_100.xml
Je,ego,ebayfr-e17p_0_100.xml
JE,ego,ebayfr-e17p_0_100.xml
je,ego,ebayfr-e17p_0_100.xml
;),emo,ebayfr-e17p_0_100.xml
:-),emo,ebayfr-e17p_0_100.xml
Bonnes enchères,enc,ebayfr-e17p_0_100.xml
BONNES ENCHERES A TOUTES,enc,ebayfr-e17p_0_100.xml
hésitez,imp,ebayfr-e17p_0_100.xml
Regardez,imp,ebayfr-e17p_0_100.xml
hesitez,imp,ebayfr-e17p_0_100.xml
Consultez,imp,ebayfr-e17p_0_100.xml
sympa,lex,ebayfr-e17p_0_100.xml
SYMPA,lex,ebayfr-e17p_0_100.xml
C'est,pre,ebayfr-e17p_0_100.xml
c'est,pre,ebayfr-e17p_0_100.xml
il y a,pre,ebayfr-e17p_0_100.xml
Jamais porté,stn,ebayfr-e17p_0_100.xml
jamais servi,stn,ebayfr-e17p_0_100.xml
hesitez,stn,ebayfr-e17p_0_100.xml
JAMAIS SERVIE,stn,ebayfr-e17p_0_100.xml
peu portée,stn,ebayfr-e17p_0_100.xml
roulée,sty,ebayfr-e17p_0_100.xml
SERVI,sty,ebayfr-e17p_0_100.xml
BONNES ENCHERES,sty,ebayfr-e17p_0_100.xml
PAS,sty,ebayfr-e17p_0_100.xml
pas,sty,ebayfr-e17p_0_100.xml
Bon état,sty,ebayfr-e17p_0_100.xml
portée,sty,ebayfr-e17p_0_100.xml
bon état,sty,ebayfr-e17p_0_100.xml
PORTEE,sty,ebayfr-e17p_0_100.xml
Bonnes enchères,sty,ebayfr-e17p_0_100.xml
utilisés,sty,ebayfr-e17p_0_100.xml
hésitez,sty,ebayfr-e17p_0_100.xml
plus,sty,ebayfr-e17p_0_100.xml
utilisé,sty,ebayfr-e17p_0_100.xml
Super,att,ebayfr-e17x_0_100.xml
TRES BELLE,att,ebayfr-e17x_0_100.xml
parfaitement,att,ebayfr-e17x_0_100.xml
parfaite,att,ebayfr-e17x_0_100.xml
parfait,att,ebayfr-e17x_0_100.xml
parfaites,att,ebayfr-e17x_0_100.xml
MAGNIFIQUE,att,ebayfr-e17x_0_100.xml
super,att,ebayfr-e17x_0_100.xml
Parfaitement,att,ebayfr-e17x_0_100.xml
PARFAIT,att,ebayfr-e17x_0_100.xml
superbe,att,ebayfr-e17x_0_100.xml
je,ego,ebayfr-e17x_0_100.xml
Je,ego,ebayfr-e17x_0_100.xml
Regardez,imp,ebayfr-e17x_0_100.xml
hésitez,imp,ebayfr-e17x_0_100.xml
hesitez,imp,ebayfr-e17x_0_100.xml
consultez,imp,ebayfr-e17x_0_100.xml
hesitat,imp,ebayfr-e17x_0_100.xml
Consultez,imp,ebayfr-e17x_0_100.xml
hésitat,imp,ebayfr-e17x_0_100.xml
sympa,lex,ebayfr-e17x_0_100.xml
Il y a,pre,ebayfr-e17x_0_100.xml
C'est,pre,ebayfr-e17x_0_100.xml
il y a,pre,ebayfr-e17x_0_100.xml
c'est,pre,ebayfr-e17x_0_100.xml
C'EST,pre,ebayfr-e17x_0_100.xml
qu',stn,ebayfr-e17x_0_100.xml
hesitez,stn,ebayfr-e17x_0_100.xml
hésitez,sty,ebayfr-e17x_0_100.xml
plus,sty,ebayfr-e17x_0_100.xml
pas,sty,ebayfr-e17x_0_100.xml
qu',sty,ebayfr-e17x_0_100.xml
jamais,sty,ebayfr-e17x_0_100.xml
bon état,sty,ebayfr-e17x_0_100.xml
PAS,sty,ebayfr-e17x_0_100.xml
que,sty,ebayfr-e17x_0_100.xml
TBE,ann,ebayfr-e18v_0_100.xml
Vend,ann,ebayfr-e18v_0_100.xml
je vend,ann,ebayfr-e18v_0_100.xml
Je vends,ann,ebayfr-e18v_0_100.xml
VENDS,ann,ebayfr-e18v_0_100.xml
Superbe,att,ebayfr-e18v_0_100.xml
superbes,att,ebayfr-e18v_0_100.xml
magnifiques,att,ebayfr-e18v_0_100.xml
parfaitement,att,ebayfr-e18v_0_100.xml
très rare,att,ebayfr-e18v_0_100.xml
Très jolis,att,ebayfr-e18v_0_100.xml
Très belle,att,ebayfr-e18v_0_100.xml
magnifique,att,ebayfr-e18v_0_100.xml
super jolies,att,ebayfr-e18v_0_100.xml
superbe,att,ebayfr-e18v_0_100.xml
très jolis,att,ebayfr-e18v_0_100.xml
très beau,att,ebayfr-e18v_0_100.xml
très joli,att,ebayfr-e18v_0_100.xml
TRES RARE,att,ebayfr-e18v_0_100.xml
TRÈS BELLE,att,ebayfr-e18v_0_100.xml
super,att,ebayfr-e18v_0_100.xml
TRES BEAU,att,ebayfr-e18v_0_100.xml
Magnifique,att,ebayfr-e18v_0_100.xml
mignonnettes,att,ebayfr-e18v_0_100.xml
Très beaux,att,ebayfr-e18v_0_100.xml
très jolie,att,ebayfr-e18v_0_100.xml
très belle,att,ebayfr-e18v_0_100.xml
TRÈS TRÈS RARE,att,ebayfr-e18v_0_100.xml
trés bien,att,ebayfr-e18v_0_100.xml
Super,att,ebayfr-e18v_0_100.xml
parfait,att,ebayfr-e18v_0_100.xml
parfaites,att,ebayfr-e18v_0_100.xml
SUPERBE,att,ebayfr-e18v_0_100.xml
Parfait,att,ebayfr-e18v_0_100.xml
super jolie,att,ebayfr-e18v_0_100.xml
très bien,att,ebayfr-e18v_0_100.xml
exceptionnel,att,ebayfr-e18v_0_100.xml
TRÈS BELLE,bon,ebayfr-e18v_0_100.xml
SUPERBES,bon,ebayfr-e18v_0_100.xml
Superbe,bon,ebayfr-e18v_0_100.xml
Magnifique,bon,ebayfr-e18v_0_100.xml
Très belle,bon,ebayfr-e18v_0_100.xml
Super,bon,ebayfr-e18v_0_100.xml
SUPERBE,bon,ebayfr-e18v_0_100.xml
Très beau,bon,ebayfr-e18v_0_100.xml
Adorable,bon,ebayfr-e18v_0_100.xml
Très belles,bon,ebayfr-e18v_0_100.xml
je,ego,ebayfr-e18v_0_100.xml
JE,ego,ebayfr-e18v_0_100.xml
Je,ego,ebayfr-e18v_0_100.xml
:-),emo,ebayfr-e18v_0_100.xml
;),emo,ebayfr-e18v_0_100.xml
:-,emo,ebayfr-e18v_0_100.xml
Bonnes enchères à tous et toutes,enc,ebayfr-e18v_0_100.xml
Bonnes enchères.,enc,ebayfr-e18v_0_100.xml
BONNES ENCHERES,enc,ebayfr-e18v_0_100.xml
Bonnes enchères à tous & à toutes !!!,enc,ebayfr-e18v_0_100.xml
Bonnes Enchère à tous,enc,ebayfr-e18v_0_100.xml
Bonnes enchères,enc,ebayfr-e18v_0_100.xml
BONNE ENCHERE A TOUS,enc,ebayfr-e18v_0_100.xml
Merci et bonnes enchères,enc,ebayfr-e18v_0_100.xml
Bonnes enchères à toutes et à tous ....,enc,ebayfr-e18v_0_100.xml
bonnes enchères !,enc,ebayfr-e18v_0_100.xml
Bonnes enchères à tous !,enc,ebayfr-e18v_0_100.xml
Bonnes enchères à tous !... :-),enc,ebayfr-e18v_0_100.xml
Bonnes enchères!,enc,ebayfr-e18v_0_100.xml
Bonnes enchères à toutes et à tous !,enc,ebayfr-e18v_0_100.xml
Bonnes enchères à tous.,enc,ebayfr-e18v_0_100.xml
Bonnes enchères à vous et à très bientôt!!!,enc,ebayfr-e18v_0_100.xml
Regardez,imp,ebayfr-e18v_0_100.xml
hésiter,imp,ebayfr-e18v_0_100.xml
hésité,imp,ebayfr-e18v_0_100.xml
hésitez,imp,ebayfr-e18v_0_100.xml
sympa,lex,ebayfr-e18v_0_100.xml
Il y a,pre,ebayfr-e18v_0_100.xml
il y a,pre,ebayfr-e18v_0_100.xml
c'est,pre,ebayfr-e18v_0_100.xml
C'est,pre,ebayfr-e18v_0_100.xml
pas,stn,ebayfr-e18v_0_100.xml
hésité,stn,ebayfr-e18v_0_100.xml
PAS,stn,ebayfr-e18v_0_100.xml
JAMAIS,sty,ebayfr-e18v_0_100.xml
pas,sty,ebayfr-e18v_0_100.xml
froissé,sty,ebayfr-e18v_0_100.xml
hésitez,sty,ebayfr-e18v_0_100.xml
bonnes enchères,sty,ebayfr-e18v_0_100.xml
bon état,sty,ebayfr-e18v_0_100.xml
PAS,sty,ebayfr-e18v_0_100.xml
Bonnes enchères,sty,ebayfr-e18v_0_100.xml
râpé,sty,ebayfr-e18v_0_100.xml
utilisée,sty,ebayfr-e18v_0_100.xml
PORTEES,sty,ebayfr-e18v_0_100.xml
visibles,sty,ebayfr-e18v_0_100.xml
aucun,sty,ebayfr-e18v_0_100.xml
BONNES ENCHERES,sty,ebayfr-e18v_0_100.xml
Bon état,sty,ebayfr-e18v_0_100.xml
BONNE ENCHERE,sty,ebayfr-e18v_0_100.xml
servie,sty,ebayfr-e18v_0_100.xml
plus,sty,ebayfr-e18v_0_100.xml
jamais,sty,ebayfr-e18v_0_100.xml
usée,sty,ebayfr-e18v_0_100.xml
portée,sty,ebayfr-e18v_0_100.xml
BON ÉTAT,sty,ebayfr-e18v_0_100.xml
souffert,sty,ebayfr-e18v_0_100.xml
tombé,sty,ebayfr-e18v_0_100.xml
porté,sty,ebayfr-e18v_0_100.xml
servi,sty,ebayfr-e18v_0_100.xml
manipulée,sty,ebayfr-e18v_0_100.xml
rien,sty,ebayfr-e18v_0_100.xml
qu',sty,ebayfr-e18v_0_100.xml
c'est la photo qui donne un gris,syn,ebayfr-e18v_0_100.xml
C'est le flash qui fait une couleur orangé ! !,syn,ebayfr-e18v_0_100.xml
VRAIMENT,vst,ebayfr-e18v_0_100.xml
Vraiment,vst,ebayfr-e18v_0_100.xml
vraiment,vst,ebayfr-e18v_0_100.xml
