"BRIQUET CHALUMEAU ELECTRONIQUE RECHARGEABLE Réglage de la flamme et blocage de la flamme en marche ou à l' arrêt Les briquets sont livrés chargés PAS DE PERSONNALISATION SUR CET ARTICLE Hauteur : 11 cm - Livraison offerte Le briquet se recharge comme un briquet classique , avec du gaz que vous trouve bombe dans tous les bureaux de tabac ou autres .",SEN:0,e17x-001-0,ORAL
USTENSILE DE PÂTISSERIE Poche à douille et douilles en inox au choix EXPÉDIÉ SOUS 24H DEPUIS LA FRANCE / LIVRAISON GRATUITE --- -- --- -- - -- --- -- ------ -- --- -- - -- --- -- ------ -- --- -- - -- --- -- ------ -- --- -- - -- --- -- ------ -- --- -- - -- -- Ces ustensiles sont indispensables à tout pâtissier .,SEN:0,e17x-002-0,ORAL
1/ Cette poche à douille bleu est en silicone .,SEN:1,e17x-002-1,ORAL
Elle mesure 31 cm x 16.5,SEN:2,e17x-002-2,UNK
"cm Réutilisable et très facile à nettoyer , elle s' adapte à toutes les douilles et adaptateurs souhaités .",SEN:3,e17x-002-3,ORAL
Idéal pour pocher mais apporte également une aide précieuse en cuisine pour verser vos préparatio sans en mettre partout .,SEN:4,e17x-002-4,ORAL
"Les douilles sont idéales pour pocher et former diverses décorations sur vos desserts et cupcakes ( muffins et autres cakes ) avec de la crème , un glaçage , une ganache , de la meringue , du chocolat , chantilly ou simplement garnir vos choux , éclairs et autres pâtisseries .",SEN:5,e17x-002-5,ORAL
"En cuisine , elles seront appré pour être aussi utilisées pour vos mets salés comme les oeufs farcis , mayonnaise , fromage à la crèm mini-pommes",SEN:6,e17x-002-6,ORAL
duchesse et plus encore .,SEN:7,e17x-002-7,ORAL
"2/ Les 6 douilles cannelées se compose ainsi : - 5 douilles dites étoile fermée ou cannelée - pour former les meringues , des étoiles , des bordures d coquillages , des bordures étoilées , les ruffle cakes , des fleurs , des lignes cannelées ...",SEN:8,e17x-002-8,ORAL
"- 1 douille unie rondes - pour faire des lignes parfaites , des pois , des bordures de perles , des coque macarons ...",SEN:9,e17x-002-9,ORAL
Ce set de 6 douilles est fourni avec un adaptateur pour douille .,SEN:10,e17x-002-10,ORAL
"3/ Les 6 douilles dites florales sont idéales pour pocher et former une décoration florales sur vos des et se compose de : - à feuille - pour faire des feuilles , des bordures , des festons , des plis ...",SEN:11,e17x-002-11,ORAL
"- étoile fermée - pour former les meringues , des étoiles , des bordures de coquillages , des bordures étoilées ...",SEN:12,e17x-002-12,UNK
"- unie ( rondes ) - pour faire des lignes parfaites , des pois , des bordures de perles , des coques de macarons ...",SEN:13,e17x-002-13,ORAL
"- pétale - pour faire des arcs et des rubans , des roses et des fleurs , des festons et des volants ...",SEN:14,e17x-002-14,ORAL
"- ondulée - pour faire les ruffle cakes , des fleurs , des lignes cannelées ...",SEN:15,e17x-002-15,ORAL
"- spéciale - pour faire des coeurs , des fleurs , des sapins ...",SEN:16,e17x-002-16,UNK
Possibilité d' acheter séparément ou en lots à prix réduit .,SEN:17,e17x-002-17,UNK
Klarstein Lucia Orangina Robot de cuisine Pétrin Mixeur Hachoir - orange Performance de 1200 watts max .,SEN:0,e17x-003-0,ORAL
6 vitesses de fonctionnement Bol en acier inoxydable de 5L Divers accessoires pour viandes et pâtes Robot de cuisine et machine à pétrir très silencieuse avec 1200 watts max .,SEN:1,e17x-003-1,ORAL
"Module hachoir inclus Verre mixeur en verre de 1,5L de volume 6 vitesses de fonctionnement Bol en acier inoxydable de 5L pour max .",SEN:2,e17x-003-2,ORAL
"2 kg de préparation de pâte Divers accessoires pour viandes et pâtes Systéme de serrage automatique pour fixer les outils Très facile à utiliser et facile à nettoyer Crochet mélangeur moulé sous pression - mélange uniformément des quantités importantes de pâte Crochet pétrisseur moulé sous pression - pour les pâtes lourdes , par ex .",SEN:3,e17x-003-3,ORAL
"la pâte à pain Fouet pour les ingrédients aérés , comme les blancs d' œufs Système de rotation planétaire Couvercle du bol d' acier amovible Extinction de sécurité Mécanisme de déverrouillage pour le bras multifonction - peut être plié pour une fixation et une manipulation faciles du bol Mécanique robuste - performance constante grâce au contrôle électronique de la vitesse en fonction de la charge Positionnement stable via pieds ventouses Verre doseur en verre avec graduation Alimentation : 230V , 50Hz 23 x 64 x 48 cm ( LxHxP ; tout monté ) 23 x 38 x 35 ( LxHxP ; sans hachoir ni mixeur ) Poids : env .",SEN:4,e17x-003-4,ORAL
"11 kg 1 x Appareil 1 x Bol en acier inoxydable 1 x Shaker avec couvercle amovible 1 x Crochet pétrisseur 1 x Crochet mélangeur 1 x Fouet 3 x Accessoires saucisses ( 3 mm , 5 mm , 7 mm ) et tube saucisse Accessoires pâtes notamment macaroni , penne , tagliatelles , spaghettis Robot de cuisine super performant avec bol mélangeur en acier , accessoires hachoir et mixeur amovibles et pas moins de 1200W de puissance .",SEN:5,e17x-003-5,ORAL
Set de modules cuisine très étendu avec 3 pièces crochets / fouets et différents outils pâtes et viandes .,SEN:6,e17x-003-6,ORAL
Design moderne de bon goût .,SEN:7,e17x-003-7,ORAL
"Le Klarstein Lucia Orangina est un robot de cuisine on ne peut plus performant qui se destine au traitement des aliments avec assiduité , fort de ses modules mélangeur et pétrisseur ainsi que de son hachoir .",SEN:8,e17x-003-8,ORAL
Le robot de cuisine Klarstein s' attèle à la tâche traditionnelle qui consiste à préparer vos ingrédients en les mélangeant et en les fouettant de sorte à offrir une base consistante à la réalisation de vos idées cuisine les plus folles .,SEN:9,e17x-003-9,ORAL
Des œufs en neige cotonneux à la pâte à biscuit bonne à se damner jusqu' au pain quotidien - l' appareil se charge de faire de vous un véritable chef d' autant que son énergie au travail se laisse régler très facilement sur différents niveaux .,SEN:10,e17x-003-10,ORAL
"Son hachoir , terme passable car quelque peu réducteur , se charge quant à lui de produire des incontournables de la gastronomie à l' aide de ses différentes pièces : pâtes , viandes hachées , petits gâteaux , rien ne résiste à votre fidèle marmiton .",SEN:11,e17x-003-11,ORAL
La Klarstein Lucia Orangina se dote en outre d' un accessoire spécial milkshakes et autres smoothies pour une complémentarité des fonctions absolument sans faille .,SEN:12,e17x-003-12,ORAL
"D' un point de vue esthétique , le robot de cuisine Klarstein opte enfin pour un design à mille lieux des appareils électro-ménagers",SEN:13,e17x-003-13,ORAL
"tristes et sans chaleur aucune et parvient ainsi à trouver la place centrale qui lui revient au sein de toutes les cuisines modernement équipées . ,",SEN:14,e17x-003-14,ORAL
d' autant que l' appareil est très peu encombrant .,SEN:15,e17x-003-15,ORAL
Le hachoir ainsi que les différents accessoires mélangeurs sont enfin entièrement modulaires de sorte à pouvoir les fixer et retirer en un tour de main .,SEN:16,e17x-003-16,ORAL
Tous les accessoires se laissent de la même manière nettoyer et ranger très facilement .,SEN:17,e17x-003-17,ORAL
Rouge ( 401194 ) Batterie de Cuisine 8 Pièces ( 1 Poêle - 3 Casseroles - 4 Couvercles ) en Aluminium et Revêtement en Céramique Rouge TECTAKE .,SEN:0,e17x-004-0,ORAL
Cet ensemble d' ustensile de cuisine est idéal pour la cuisson à faible teneur en matières grasses .,SEN:1,e17x-004-1,ORAL
"Fabriqué en aluminium avec un revêtement en céramique , l' ensemble est également facile à utiliser et possède une bonne finition .",SEN:2,e17x-004-2,ORAL
"Grâce à son revêtement céramique , des températures élevées sont possibles .",SEN:3,e17x-004-3,ORAL
Un fond en sandwich garantit une cuisson économe en énergie .,SEN:4,e17x-004-4,ORAL
Vert ( 401195 ) Batterie de Cuisine 8 Pièces ( 1 Poêle - 3 Casseroles - 4 Couvercles ) en Aluminium et Revêtement en Céramique Vert TECTAKE .,SEN:5,e17x-004-5,ORAL
Cet ensemble d' ustensile de cuisine est idéal pour la cuisson à faible teneur en matières grasses .,SEN:6,e17x-004-6,ORAL
"Fabriqué en aluminium avec un revêtement en céramique , l' ensemble est également facile à utiliser et possède une bonne finition .",SEN:7,e17x-004-7,ORAL
"Grâce à son revêtement céramique , des températures élevées sont possibles .",SEN:8,e17x-004-8,ORAL
Un fond en sandwich garantit une cuisson économe en énergie .,SEN:9,e17x-004-9,ORAL
Noir ( 401196 ) Batterie de Cuisine 8 Pièces ( 1 Poêle - 3 Casseroles - 4 Couvercles ) en Aluminium et Revêtement en Céramique Noir TECTAKE .,SEN:10,e17x-004-10,ORAL
Cet ensemble d' ustensile de cuisine est idéal pour la cuisson à faible teneur en matières grasses .,SEN:11,e17x-004-11,ORAL
"Fabriqué en aluminium avec un revêtement en céramique , l' ensemble est également facile à utiliser et possède une bonne finition .",SEN:12,e17x-004-12,ORAL
"Grâce à son revêtement céramique , des températures élevées sont possibles .",SEN:13,e17x-004-13,ORAL
Un fond en sandwich garantit une cuisson économe en énergie .,SEN:14,e17x-004-14,ORAL
"Points forts Convient pour des cuisinières électriques , cuisinières à gaz , plaques de cuisson et plaques vitrocéramiques .",SEN:15,e17x-004-15,ORAL
Batterie de cuisine en aluminium avec revêtement en double couche céramique .,SEN:16,e17x-004-16,ORAL
Poignée ergonomique .,SEN:17,e17x-004-17,UNK
Inclus 4 couvercles en verre avec sortie de vapeur .,SEN:18,e17x-004-18,ORAL
Cuisson à faible tenue en graisse - pas de graisse nécessaire .,SEN:19,e17x-004-19,ORAL
Fond en sandwich pour plus d' efficacité énergétique .,SEN:20,e17x-004-20,UNK
Résistant au lave - vaisselle .,SEN:21,e17x-004-21,LIT
Peu encombrant ( empilable ) .,SEN:22,e17x-004-22,UNK
"Caractéristiques techniques 1 Poêle avec couvercle en verre : Ø 28 cm x 5,5 cm de hauteur .",SEN:23,e17x-004-23,ORAL
1 Casserole avec couvercle en verre : Ø 16 cm x 8 cm de hauteur .,SEN:24,e17x-004-24,ORAL
"1 Casserole avec couvercle en verre : Ø 20 cm x 9,5 cm de hauteur .",SEN:25,e17x-004-25,ORAL
"1 Casserole avec couvercle en verre : Ø 24 cm x 10,5 cm de hauteur .",SEN:26,e17x-004-26,ORAL
Matériau : Aluminium avec revêtement en céramique .,SEN:27,e17x-004-27,UNK
/ Couvercle en verre .,SEN:28,e17x-004-28,UNK
/ Poignées en plastique .,SEN:29,e17x-004-29,UNK
"Poids total : 4,5 kg .",SEN:30,e17x-004-30,UNK
Livraison 1 Poêle .,SEN:31,e17x-004-31,UNK
3 Casseroles .,SEN:32,e17x-004-32,UNK
4 Couvercles .,SEN:33,e17x-004-33,UNK
"Les livraisons se font en France métropolitaine à l' exception des îles qui ne sont pas reliées au continent par un pont ( Corse , Ile d' Yeux etc. ) .",SEN:34,e17x-004-34,ORAL
Les livraisons ne se font pas dans les DOM - TOM .,SEN:35,e17x-004-35,ORAL
"Paiement Nous vous proposons les moyens de paiement suivants : PayPal Virement bancaire Paiement par virement : Afin de faciliter le tr aitement de votre commande , merci de nous indiquer par email : Votre pseudo eBay ?",SEN:36,e17x-004-36,ORAL
Livraison Les expéditions ont lieu du lundi au vendredi ( sauf jours fériés ) Commandes avec paiement par PayPal Dans la mesure où votre achat est réglé a vec PayPal avant 9H et que celui-ci,SEN:37,e17x-004-37,ORAL
"est en statut « accepté » , votre colis sera envoyé le jour même ( sauf les week - ends",SEN:38,e17x-004-38,ORAL
et jours fériés ) .,SEN:39,e17x-004-39,ORAL
Commandes avec paiement par virement Si vous avez choisi comme moyen d e paiement le virement votre article sera ?,SEN:40,e17x-004-40,UNK
Information Votre satisfaction est notre priorité .,SEN:41,e17x-004-41,ORAL
Nous prenons un soin tout particulier à l' élaboration de chacune de nos fiches produit : nos photos sont réalisées en studio professionnel par notre équipe Media et les descriptions sont élaborées par notre service qualité .,SEN:42,e17x-004-42,ORAL
Nous traitons vos commandes dans les meilleurs délais afin de vous livrer aussi vite que possible,SEN:43,e17x-004-43,ORAL
Lot de 6 spatules à raclettes 2 rouge 2 noir 2 Gris Marque Easy Make Ces 6 spatules en nylon vous permettront de faire glisser le fromage de vos coupelles à raclette sans abimer leur revêtement antiadhésif,SEN:0,e17x-005-0,ORAL
Cire De Soja 100 % Naturelle Végétale 1KG .,SEN:0,e17x-006-0,UNK
Création de Bougie .,SEN:1,e17x-006-1,ORAL
Copeaux de cire de soja pour creer ses bougies facilement .,SEN:2,e17x-006-2,ORAL
100 % biodegradable .,SEN:3,e17x-006-3,UNK
"Gràce a la cire de soja , vous pouvez créer vos propres bougies tout en respectant l environnement .",SEN:4,e17x-006-4,ORAL
"Facilement utilisable , il suffit de faire fondre les copeaux dans un bain marie pour utiliser la cire",SEN:5,e17x-006-5,ORAL
"Set de poêles et casseroles TEFAL- Ingenio 5 Essential Noir - 10 Pièces batterie Set de poêles et casseroles TEFAL- Ingenio 5 Essential Noir - 10 Pièces batterie DETAILS Set de poêles et casseroles TEFAL- Ingenio 5 Essential Noir - 10 Pièces batterie Ingenio Essential , ce sont toutes les qualités du rangement optimal et de l' utilisation sur plaque comme au four , dans une version pour votre cuisine au quotidien .",SEN:0,e17x-007-0,ORAL
Résistance Powerglide : le revêtement extra antiadhésif jour après jour .,SEN:1,e17x-007-1,ORAL
Revêtement Tefal de nouvelle génération renforcé en particules minérales assurant une grande durabilité et une facilité d' usage jour après jour .,SEN:2,e17x-007-2,ORAL
Praticité Gain de place grâce à la poignée amovible .,SEN:3,e17x-007-3,ORAL
"Polyvalence : cuisson sur plaque , au four et conservation au réfrigérateur ( pas de poignée ) .",SEN:4,e17x-007-4,ORAL
Maîtrise de la température grâce au thermo-spot .,SEN:5,e17x-007-5,ORAL
"Numéro de modèle L2009802 Couleur Noir Poids de l' article 3 Kg Dimensions du produit ( L x l x h ) 29 x 29 x 24 cm Diamètre 26 centimètres Matériau Aluminium Caractéristiques Manche amovible Tous feux sauf induction Ingenio Essential , ce sont toutes les qualités du rangement optimal et de l' utilisation sur plaque comme au four , dans une version pour votre cuisine au quotidien .",SEN:6,e17x-007-6,ORAL
Résistance Powerglide : le revêtement extra antiadhésif jour après jour .,SEN:7,e17x-007-7,ORAL
Revêtement Tefal de nouvelle génération renforcé en particules minérales assurant une grande durabilité et une facilité d' usage jour après jour .,SEN:8,e17x-007-8,ORAL
Praticité Gain de place grâce à la poignée amovible .,SEN:9,e17x-007-9,ORAL
"Polyvalence : cuisson sur plaque , au four et conservation au réfrigérateur ( pas de poignée ) .",SEN:10,e17x-007-10,ORAL
Maîtrise de la température grâce au thermo-spot .,SEN:11,e17x-007-11,ORAL
"De la plaque de cuisson , au four , à table , au réfrigérateur , Ingenio est la réponse astucieuse pour une cuisine polyvalente .",SEN:12,e17x-007-12,ORAL
"Grâce à sa parfaite empilabilité , gagnez de la place dans vos placards .",SEN:13,e17x-007-13,ORAL
"Sa poignée amovible , sûre et brevetée peut supporter jusqu' à 10 kg et est garantie dix ans .",SEN:14,e17x-007-14,ORAL
"Ingenio Essential est compatible avec tous les feux sauf l' induction et dispose d' un indicateur de température Thermo-Spot ,",SEN:15,e17x-007-15,ORAL
pour des résultats toujours réussis et savoureux .,SEN:16,e17x-007-16,ORAL
"Extra anti-adhésif ,",SEN:17,e17x-007-17,LIT
"jour après jour , le revêtement Powerglide , renforcé en particules minérales , est facile d' usage et durable .",SEN:18,e17x-007-18,ORAL
"Compatible avec les plaques de cuisson gaz , électrique et vitrocéramique .",SEN:19,e17x-007-19,ORAL
Passe au lave - vaisselle,SEN:20,e17x-007-20,LIT
sauf la poignée .,SEN:21,e17x-007-21,ORAL
Passe au four jusqu' à 250 ° sauf la poignée .,SEN:22,e17x-007-22,ORAL
Revêtement intérieur et extérieur anti-adhésif .,SEN:23,e17x-007-23,UNK
Fabriqué en France .,SEN:24,e17x-007-24,UNK
"Composition du Set : Casseroles 16/18 cm + Poêles 20/22/26 cm + Couvercles hermétiques 16/18 cm + spatule à angle et Louche ENJOY Cassade + poignée Ingénio Classic noir Extra antiadhésif , jour après jour : le revêtement Powerglide , renforcé en particules minérales , est facile d' usage et durable .",SEN:25,e17x-007-25,ORAL
"Polyvalence : Avec sa poignée amovible , cuisinez de la plaque au four , servez directement à table et conservez les restes au réfrigérateur .",SEN:26,e17x-007-26,ORAL
Une parfaite empilabilité pour un rangement facile et un revêtement extérieur antiadhésif pour un nettoyage simplifié Des résultats toujours réussis : le Thermospot devient rouge quand la température idéale de cuisson est atteinte pour des résultats toujours réussis .,SEN:27,e17x-007-27,ORAL
Poignée 100 % sûre et garantie 10 ans Tefal : une cuisson plus saine sans ajout de matière grasse pour des aliments préservés Garantie : 2 ans / 10 ans pour la poignée Paiements & Retours PAIEMENT AVEC PAYPAL ACCEPTE Remboursement sous 14 jours sur nos produits .,SEN:28,e17x-007-28,ORAL
Conformément aux dispositions visées sous l' article L.121 - 21,SEN:29,e17x-007-29,LIT
"du Code de la Consommation , le Client possède un droit de rétractation .",SEN:30,e17x-007-30,ORAL
"Le délai de rétractation légal est de 14 jours à compter de la réception des produits commandés auprès du Vendeur , sans que le Client ait à justifier de motifs .",SEN:31,e17x-007-31,ORAL
"Si l' expiration du délai arrive à terme un samedi , dimanche ou jour férié le délai est prorogé jusqu' au premier jour ouvrable suivant à minuit .",SEN:32,e17x-007-32,ORAL
"En cas d' exercice du droit de rétractation dans le délai susvisé , seul le prix du ou des produits achetés et les frais d' envoi standard seront remboursés ; les frais de retour resteront à la charge du Client .",SEN:33,e17x-007-33,ORAL
Le Client sera immédiatement informé par le Vendeur de la bonne réception de sa volonté de se rétracter .,SEN:34,e17x-007-34,ORAL
"Le message envoyé au Client précisera les conséquences découlant de la rétractation à savoir , le retour du produit commandé par colis suivi dans son emballage d' origine et que le Client sera remboursé du prix du produit retourné .",SEN:35,e17x-007-35,ORAL
"Un bon de retour sur lequel sera inscrit l' adresse de retour , sera adressé au Client dès réception de la décision d' exercer son droit de rétractation .",SEN:36,e17x-007-36,ORAL
Le Client devra apposer son bon de retour de manière visible sur son colis et renvoyer ledit colis à l' adresse indiquée sur le bon de retour .,SEN:37,e17x-007-37,ORAL
Tout colis non identifié par le service après-vente,SEN:38,e17x-007-38,ORAL
du Vendeur ou non réceptionné à l' adresse susmentionnée sera systématiquement refusé .,SEN:39,e17x-007-39,ORAL
"Lors du retour , il est recommandé de sur-emballer",SEN:40,e17x-007-40,ORAL
les emballages d' origine des produits à retourner .,SEN:41,e17x-007-41,ORAL
"Le Vendeur ne reprendra que les produits renvoyés dans leur intégralité ( emballages , câbles , accessoires , manuels , housses , caches , protections , etc ... ) ,",SEN:42,e17x-007-42,ORAL
"avec leur emballage d' origine , l' ensemble devant être intact et en bon état permettant leur commercialisation .",SEN:43,e17x-007-43,ORAL
Si le produit retourné par le Client arrive sans emballage et endommagé auprès du service après-vente,SEN:44,e17x-007-44,ORAL
"du Vendeur , le Vendeur appliquera une décote sur le produit retourné .",SEN:45,e17x-007-45,ORAL
"Le remboursement suppose que le Client n' a pas endommagé le produit , ou que celui-ci",SEN:46,e17x-007-46,ORAL
ne l' a pas renvoyé incomplet .,SEN:47,e17x-007-47,UNK
"Le Client est libre de choisir le mode d' envoi de son produit et de souscrire ou non une assurance en cas de perte , de vol , de spoliation ou de destruction de son colis .",SEN:48,e17x-007-48,ORAL
Le Vendeur ne prendra pas en charge ni les frais ni le coût du transport et ne saurait être tenu pour responsable de la non réception du colis du Client .,SEN:49,e17x-007-49,ORAL
"De manière générale , tous les frais et risques liés au retour du produit sont à la charge de l' expéditeur .",SEN:50,e17x-007-50,ORAL
Le remboursement par le Vendeur sera différé jusqu' à la récupération Expedition & Livraison Livraison GRATUITE partout en France .,SEN:51,e17x-007-51,ORAL
Pour toutes commandes passées avant 12h00 ( du lundi au vendredi ) expédition le jour même - après 12h00 : expédition le lendemain matin .,SEN:52,e17x-007-52,ORAL
"Le délai de livraison , une fois votre commande expédiée est de 48 à 72h00 pour les livraisons en France Métropolitaine .",SEN:53,e17x-007-53,ORAL
"Malgré tous nos efforts pour vous satisfaire au plus vite , nous ne pouvons pas être tenu pour responsable des retards de la Poste",SEN:54,e17x-007-54,ORAL
LOT de 8 SPATULES RACLETTE EN BOIS DE HETRE Longueur : 13 cm Largeur : 4 cm Epaisseur : 3 mm NEUF Envoi rapide et soigné N ' hésitez pas de me contacter pour tout renseignement,SEN:0,e17x-008-0,ORAL
Kit complet compresseur AS18 - 2 aérographe avec un pistolet AB-130 Click to enlarge / Cliquez pour agrandir Données du produit Article référence : TC-20 K Marque : Bc - elec,SEN:0,e17x-009-0,LIT
EAN : 5453003452317 Nombre de colis:1 Prix Public:€ Ce kit Airbursh de très haute qualité qui entoure le puissant compresseur à piston sans huile TC-20B offre à tous les débutants tout ce dont ils ont besoin .,SEN:1,e17x-009-1,ORAL
Le pistolet aérographe AB-130 à action double contenu dans ce kit se prête tout particulièrement à la pulvérisation sur de grandes surfaces .,SEN:2,e17x-009-2,ORAL
"Grâce à son tuyau à raccords rapides , son support pratique font de ce kit , un ensemble idéal pour tout débutant .",SEN:3,e17x-009-3,ORAL
"Données Techniques Mini compresseur AS18 - 2 ( avec manomètre , régulateur de pression ) Modèle : Compresseur à piston , sans huile Puissance : 1/5 CV ( 150W ) - 50Hz Vitesse de rotation : 1450 / 1700 t / min Débit d' air : 23l / min Couleur : gris argent Réglage de pression : 0 - 4bar Ajustement de réglage : marche : 2 bar , arrêt automatique : 4 bar Pression réelle de service en marche continue : env .",SEN:4,e17x-009-4,ORAL
2.5,SEN:5,e17x-009-5,UNK
"bar avec buse de 0.2 ,",SEN:6,e17x-009-6,ORAL
env .,SEN:7,e17x-009-7,UNK
1.7,SEN:8,e17x-009-8,UNK
bar avec buse de 0.5 mm,SEN:9,e17x-009-9,ORAL
"Pression max : 4bar Raccord du tuyau : 1/8 "" ( 9.51 mm )",SEN:10,e17x-009-10,ORAL
Longueur du câble : 1.9 m,SEN:11,e17x-009-11,UNK
Dimensions : 240 x 135 x 210 mm Poids : 3.4Kg,SEN:12,e17x-009-12,ORAL
( léger et portable ) Volume sonore : env .,SEN:13,e17x-009-13,ORAL
47 db ( très silencieux ) Avec protection thermique Marche / arrêt automatique Pistolet aérographe double action ( AB-130 ) Modèle : Double action AB-130 Longueur : 147 mm Aucune pièce pièce en matière plastique Corps chromé Arrivée de peinture par gravité Système d' aiguille : inoxydable Gobelet de peinture métallique de 7ml avec couvercle Pression de service : de 1 à 3.4bar,SEN:14,e17x-009-14,ORAL
Diamètre de buse : 0.3 mm,SEN:15,e17x-009-15,ORAL
"Joints insensibles aux solvants forts Totalement démontable : facile à démonter et à nettoyer Raccord : filetage 1/8 "" ou tuyau d' air de 4 mm ( adaptateur joint ) Accessoires Support pour 4 pistolets aérographes ( AH-303 ) tuyau textile de 2 m ( AH-24 ) Contenu Mini compresseur airbrush AS18 - 2 Pistolet aérographe AB-130 Support de pistolet AH-303 Tuyau pour aérographe ( AH-24 ) Prenez note de ceci : A la livraison , veuillez vérifier le bon état du produit .",SEN:16,e17x-009-16,ORAL
"Si le produit a été endommagé durant le transport , indiquez le absolument sur le bordereau de livraison papier ou électronique .",SEN:17,e17x-009-17,ORAL
Toute réclamation ultérieure ne sera pas acceptée par l' assurance .,SEN:18,e17x-009-18,UNK
"Nos prix incluent toutes les taxes d' importation , droits de douane et TVA .",SEN:19,e17x-009-19,ORAL
Vous ne payez rien de plus que ce qui est affiché .,SEN:20,e17x-009-20,ORAL
Vous avez une garantie légale européenne .,SEN:21,e17x-009-21,ORAL
Certains autres revendeurs ne vous offrent qu' une garantie factice et les prix annoncés sont des prix Hors Taxes .,SEN:22,e17x-009-22,ORAL
Comparez en connaissance de causes .,SEN:23,e17x-009-23,ORAL
"Machine à saucisses viande hachée Poussoir entonnoir merguez gateaux Spritz - Couleur : argent - Matériau : aluminium - Capacité 2,5 kg - 3 diamètres de tubes ( 12 mm , 16 mm , 20 mm ) - Base d''aspiration incluse - Avec manivelle - Facile à nettoyer 3 millions de clients satisfaits Livraison rapide Paiement sécurisé par virement ou avec Paypal Achetez sans risque Cette machine manuelle à saucisses est l''outil idéal pour la cuisine ou votre commerce .",SEN:0,e17x-010-0,ORAL
Faites votre propre saucisse avec cet appareil facile à installer de remplissage de saucisse .,SEN:1,e17x-010-1,ORAL
"L''appareil est en aluminium solide et peut être fixé fermement sur la table avec sa ventouse , afin que votre travail soit facilité sans risque de glissement .",SEN:2,e17x-010-2,ORAL
3 différents tubes permettent de choisir votre épaisseur de saucisse .,SEN:3,e17x-010-3,ORAL
"Avec sa grande capacité de 2,5 kg vous pouvez travailler rapidement sans avoir à recharger constamment .",SEN:4,e17x-010-4,ORAL
"Avantages du produit : - Couleur : argent - Matériau : aluminium - Capacité 2,5 kg - 3 diamètres de tubes ( 12 mm , 16 mm , 20 mm ) - Base d''aspiration incluse - Avec manivelle - Facile à nettoyer Caractéristiques techniques : - Capacité : 2,5 kg - Taille de remplissage piston : L 29 cm x Ø 10,8 cm - Dimensions totales : L 58 cm x H 16 cm x P 11,5 cm Contenu de la livraison : - 1 x machine à saucisses - 1 x support de table ( ventouse ) - 1 x manivelle - 3 x 3 tubes - 1 x clé de montage La décoration n' est pas comprise dans la livraison .",SEN:5,e17x-010-5,ORAL
Vous recevrez uniquement l' article dont il est question dans la description .,SEN:6,e17x-010-6,ORAL
"Garder au froid : Sac de glace peut être utilisé comme un réfrigérateur mobile pour les boissons glacées , le lait , le jus , le lait maternel , les fruits , les fruits de mer et ainsi de suite ...",SEN:0,e17x-011-0,ORAL
"Il y a aussi le transport de médicaments , de vaccins et autres .",SEN:1,e17x-011-1,ORAL
"Garder au chaud : généralement utilisé pour la nourriture d' isolation thermique , le déjeuner , le dîner dans un restaurant , hors de la ville Temps pour garder au chaud : environ 2 - 3 heures Temps pour garder au froid : aliments ou boire congelés environ 4 - 6 heures(Temps jusqu' à 12 heures en conjonction avec un sac de glace ) Caractéristiques : Couleur : rose foncé , bordeaux , rouge , bleu clair , saphir bleu , orange Capacité : 8L Taille : 26 x 16 x 22 cm Longueur de la bandoulière : 1 m Matériel : Tissu Oxford Emballage inclus : 1 x sac isotherme Avertissements : Différence de 2 - 3 cm existe en raison de la manière de mesure différente , veuillez confirmer la taille détaillée avant de commander , merci pour votre compréhension & coopération .",SEN:2,e17x-011-2,ORAL
"S' il y a quelque chose d' inattendu , contactez -nous ,",SEN:3,e17x-011-3,ORAL
s' il vous plaît .,SEN:4,e17x-011-4,ORAL
Pradel Excellence - Sac de 7 Couteaux Boucher 1 aiguiseur - NEUF Description Sacoche de coutellerie de 6 couteaux boucher .,SEN:0,e17x-012-0,ORAL
"Idéal pour la découpe de tous les aliments , viandes et poissons .",SEN:1,e17x-012-1,ORAL
"Composition : 1 couteau de cuisine ( lame 10 cm ) , 1 couteau boucher ( lame 27 cm ) , 1 couteau chef ( lame 21 cm ) , 1 couteau à désosser ( lame 13 cm ) , 1 couteau désosser flexible ( lame 15 cm ) , 1 couteau à saigner ( lame 21 cm ) et 1 fusil à aiguiser ( longueur 25 cm ) .",SEN:2,e17x-012-2,ORAL
Les manches sont en plastique jaune faciles à nettoyer .,SEN:3,e17x-012-3,ORAL
Cet ensemble est présenté dans une sacoche très pratique et convertible en tablier de cuisine .,SEN:4,e17x-012-4,ORAL
"Contenu du coffret 7 couteaux , 1 aiguiseur , 1 sacoche Caractéristiques 6 couteaux pour toutes les découpes + fusil à aiguiser Manches jaunes ergonomiques Compatible lave vaisselle Paiement Modalités de paiement : paiement par PayPal .",SEN:5,e17x-012-5,ORAL
"Pour un chèque , faire une demande au préalable .",SEN:6,e17x-012-6,ORAL
Livraison Livraison gratuite en France Métropolitaine .,SEN:7,e17x-012-7,UNK
Possibilité de faire une commande groupée .,SEN:8,e17x-012-8,ORAL
"Politique de retour Retours acceptés sous conditions : Pour nous retourner un article , merci de nous contacter au préalable pour que les instructions vous soient communiquées .",SEN:9,e17x-012-9,ORAL
MINI BOUILLOTTE CHAUFFERETTE DE POCHE SKI RANDONNEE COCOONING REUTILISABLE FACILE AGREABLE CONFORT BIEN ETRE CHALEUR,SEN:0,e17x-013-0,UNK
Ces 6 couteaux vont vous permettre de couper avec précision et finesse .,SEN:0,e17x-014-0,ORAL
Vous allez redécouvrir l' art de la découpe par le tranchant extraordinaire de la lame .,SEN:1,e17x-014-1,ORAL
Les lames sont affûtables comme pour des couteaux classiques et elles sont de plus parfaitement inoxydables .,SEN:2,e17x-014-2,ORAL
"Manches ergonomiques pour une bonne prise en main , compatible usage alimentaire .",SEN:3,e17x-014-3,ORAL
Tous ces couteaux ont un tranchant lisse et de longue durée .,SEN:4,e17x-014-4,ORAL
"Composition : - Couperet : lame 17,5 cm / L.",SEN:5,e17x-014-5,UNK
totale 32 cm - Ct .,SEN:6,e17x-014-6,LIT
du chef : lame 20 cm / L.,SEN:7,e17x-014-7,UNK
totale 32 cm - Ct .,SEN:8,e17x-014-8,LIT
à pain : lame 20 cm / L.,SEN:9,e17x-014-9,UNK
totale 32 cm - Ct .,SEN:10,e17x-014-10,LIT
"à légume : lame 12,5 cm / L.",SEN:11,e17x-014-11,UNK
totale 24 cm - Ct .,SEN:12,e17x-014-12,LIT
"office : lame 8,5 cm / L.",SEN:13,e17x-014-13,UNK
totale 21 cm - Fusil à affûter 30 cm EN STOCK .,SEN:14,e17x-014-14,LIT
LIVRAISON GRATUITE ET RAPIDE POUR LA FRANCE UNIQUEMENT .,SEN:15,e17x-014-15,UNK
Paiement possible par Paypal ou chèque personnel .,SEN:16,e17x-014-16,UNK
Consultez mes autres objets !,SEN:17,e17x-014-17,UNK
N' oubliez pas de m' ajouter à votre liste de favoris !,SEN:0,e17x-015-0,ORAL
N' oubliez pas de m' ajouter à votre liste de favoris CLIQUEZ SUR LE LIEN ?,SEN:1,e17x-015-1,ORAL
?,SEN:2,e17x-015-2,UNK
?,SEN:3,e17x-015-3,UNK
?,SEN:4,e17x-015-4,UNK
https://www.#####.com,SEN:5,e17x-015-5,UNK
"ici , pas de frais de port ils sont offerts livraison en colissimo ! ! ! !",SEN:6,e17x-015-6,ORAL
"PORTE ENCENS EN BOIS AUX MOTIFS ETHNIQUES Description : Porte encens en bois pour bâtons de 25,3 cm de longueur et 3,5 cm de largeur .",SEN:0,e17x-016-0,ORAL
"Fabrication artisanale , peut présenter quelques défauts ou une couleur un peu différente de celle de la photo Expédition : Demandez -moi",SEN:1,e17x-016-1,ORAL
le regroupement de vos achats pour que je puisse vous modifier les frais d' envoi .,SEN:2,e17x-016-2,ORAL
Au - delà,SEN:3,e17x-016-3,LIT
de 250 g les colis sont facturés et envoyés en Colissimo .,SEN:4,e17x-016-4,ORAL
Conditions de retour : Satisfait ou remboursé !,SEN:5,e17x-016-5,ORAL
Vous avez 30 jours à compter de la date de réception pour renvoyer votre commande .,SEN:6,e17x-016-6,ORAL
Le colis doit contenir la totalité des produits expédiés n' ayant subis aucune modification .,SEN:7,e17x-016-7,ORAL
Profitez -en,SEN:8,e17x-016-8,LIT
"pour venir visiter ma boutique où d' autres produits sont en stock : Encens Indien , Japonais , Tibétain ....",SEN:9,e17x-016-9,ORAL
"ainsi que des Encens en grains , mais également des bijoux , des livres et des pierres roulées .",SEN:10,e17x-016-10,ORAL
Plaque de boite aux lettres ou plaque de porte 1 ligne 10X2.5,SEN:0,e17x-017-0,ORAL
CM + double face 3 M bande autocollante MATIÈRE SPÉCIALE EXTÉRIEURE Préciser l ' inscription à la commande 25 caractères maxi Frais de port offerts pour la france métropolitaine Autres dimensions nous contacter ( # # # # # @orange.fr ),SEN:1,e17x-017-1,ORAL
"Décorer les murs intérieurs ou les fenêtres de la maison , salle de bains , bureau , dortoir ou stocker comme vous aimez .",SEN:0,e17x-018-0,ORAL
"Peut être appliqué sur une surface lisse tout comme : plastique , murs , fenêtres etc.",SEN:1,e17x-018-1,ORAL
"Facile à appliquer et à enlever , simplement éplucher et coller aux murs .",SEN:2,e17x-018-2,ORAL
Assurez -vous,SEN:3,e17x-018-3,LIT
"de décoller le film protecteur bleu de revêtement de surface , alors vous pouvez voir l' effet de miroir du stocker .",SEN:4,e17x-018-4,ORAL
"Lot de 32 pcs carrés en plastique PET Livraison Normalement delais 7 - 11 jours ouvrables estimes pour une livraison L' article se peut venir des entrepots dans differents pays , comme les stocks changent trop vite .",SEN:5,e17x-018-5,ORAL
"Si vous achetez 2 articles ou plus , les produits auraient ete envoyes de differents entrepots dans colis differents , il arrive que une commande soit envoye de plusieurs parties avec differents delais livraison Pas de livraison pour DOM - TOM ni le Canada ( distance lointaine pour la garantie sur le délai ) Selon informations des transporteurs : PAS POSSIBLE DE LIVRER A UNE BOITE restant dans la poste Payment Le seul paiement accepte est le PAYPAL Les frais de port NE peuvent PAS etre groupés ni réductibles , car notre systeme de livraison est automatiquement traite Important : Assurer que votre adresse sur ebay et paypal sont pareils et toutes correctes Customer Services Merci nous contacter via message ebay , avant lancer litige ou laisser l' evaluation , pour resoudre probleme plus vite et plus directement Garantie et conditions de vente Garantie : Tous nos produits sont livrés en état neuf et sous garantie de 60 jours Remplacement possible avec les condition acquises sur l' article abîmé , cassé , ou défectueux venant de livraison Retour de colis : Tout article non satisfaisant doit retourne sous 7 jours à compté de la date de réception , et en état non utilisé avec tous ses accessoires .",SEN:6,e17x-018-6,ORAL
Contactez via ebay messagerie pour les démarches nécessaires sur le retour,SEN:7,e17x-018-7,ORAL
LE CARNET ANNÉE ARMÉNIE Le graphisme de la couverture de l' exclusif carnet année de l' Arménie rend hommage à la richesse de la calligraphie arménienne .,SEN:0,e17x-019-0,ORAL
Il s' inspire de motifs issus de l' art décoratif traditionnel et des couleurs du drapeau arménien .,SEN:1,e17x-019-1,ORAL
Il est enrichi d' une « lettrine enluminure » dite « Tertchna - Kir,SEN:2,e17x-019-2,ORAL
» contraction des mots « oiseau » et « lettre » .,SEN:3,e17x-019-3,ORAL
"L' encens , la myrrhe , les notes boisées et la vanille s' évadent du papier lorsqu' il se consume .",SEN:4,e17x-019-4,ORAL
"Francis Kurkdjian , célèbre créateur - parfumeur , est l' auteur de cet arôme .",SEN:5,e17x-019-5,ORAL
Sa mission ?,SEN:6,e17x-019-6,UNK
"Revisiter l' odeur mythique pour se rapprocher des senteurs arméniennes , en lui donnant un côté mystique et orientaliste .",SEN:7,e17x-019-7,ORAL
Résultat : une édition authentique conçue pour un véritable voyage olfactif .,SEN:8,e17x-019-8,ORAL
"Conseils d' utilisation : Détacher une lamelle , la plier en forme d' accordéon , la poser dans un brûleur Papier d' Arménie , l' allumer en soufflant légèrement pour éviter de l' enflammer car elle doit se consumer lentement",SEN:9,e17x-019-9,ORAL
LA TAIE POUR OREILLER 60 X 40 .,SEN:0,e17x-020-0,UNK
"Conseil d' entretien : Lavage machine 60 ° , Sèche linge 2 points , Repassage 2 points .",SEN:1,e17x-020-1,LIT
Important ne convient aux oreillers ergonomiques et anatomiques .,SEN:2,e17x-020-2,ORAL
Pour les oreillers ergonomiques et anatomiques commandez taie pour oreiller 60x40x10 .,SEN:3,e17x-020-3,ORAL
Confectionnée dans une toile très résistante en pur coton .,SEN:4,e17x-020-4,ORAL
"Tissage serré , 57 fils par cm2 et 120 Gr par m2 , assure une grande stabilité dimensionnelle .",SEN:5,e17x-020-5,ORAL
Excellente tenue des coloris au lavage .,SEN:6,e17x-020-6,UNK
Fermeture portefeuille .,SEN:7,e17x-020-7,UNK
"Coordonnée aux housses de couettes , drap plat et draps housses disponible dans la boutique Futur Compose .",SEN:8,e17x-020-8,ORAL
Composition : 100 % coton Dimension : 40 x 60 .,SEN:9,e17x-020-9,UNK
"- Attention , certains coloris peuvent différer selon votre type d' écran .",SEN:10,e17x-020-10,ORAL
- Pas trouvé ce que vous cherchiez !,SEN:11,e17x-020-11,ORAL
Appelez le +33 ( 0)3 20 80 43 92 .,SEN:12,e17x-020-12,ORAL
- Remboursement de 15 % lors de la remise en main propre .,SEN:13,e17x-020-13,ORAL
"- Article Neuf , 14 jours pour être satisfait ou remboursé .",SEN:14,e17x-020-14,UNK
- Dimensions spéciales sur demande .,SEN:15,e17x-020-15,UNK
- Fabrication artisanale française,SEN:16,e17x-020-16,UNK
Matière Côté dormeur en molleton gratté poli - coton,SEN:0,e17x-021-0,LIT
"Dessous film polyuréthane ( PU ) contrecollé imperméable , micro-respirant ,",SEN:1,e17x-021-1,LIT
"léger et insonore une fois posée TRAITEMENT Traitement hygiène active - Triple protection : acariens , bactéries et moisissures ..",SEN:2,e17x-021-2,ORAL
Taille au choix FINITION Rabat de 25 cm en jersey extensible .,SEN:3,e17x-021-3,ORAL
Base entièrement élastiquée ENTRETIEN Lavable machine à 40 ° Format Lit Pour 1 ou 2 Personnes PORT .,SEN:4,e17x-021-4,UNK
Si vous choisissez Mondial Relay Mondial Relay prendra le point relay le plus proche de chez vous si vous avez un point favori merci de nous le communiquer pous pouvez aussi choisir votre point relay ici www.mondialrelay.fr,SEN:5,e17x-021-5,ORAL
"Vous aurez 15 jours pour le retirer , passé ce délai , il reviendra chez moi .",SEN:6,e17x-021-6,ORAL
A tout moment vous pouvez suivre votre coli en cliquant sur le n° se suivie Un service client de qualité Notre entreprise vous offre un service client de qualité .,SEN:7,e17x-021-7,ORAL
"Nous sommes à votre écoute du lundi au vendredi de 9h00 à 17h00 , cela vous garantit un service professionnel et toujours à votre écoute .",SEN:8,e17x-021-8,ORAL
Conditions générales de vente .,SEN:9,e17x-021-9,ORAL
Paiement . Vous,SEN:10,e17x-021-10,UNK
"pouvez payer vos achats par PayPal , Carte bancaire , Ou virement Délai de livraison .",SEN:11,e17x-021-11,ORAL
"Sauf indication contraire dans l' annonce , le délai de livraison est environ de 3 a 6 jours .",SEN:12,e17x-021-12,ORAL
"Couverture , Plaid , Couverture Polaire Microfibre + Sac Couverture Polaire , Plaid Polaire , Couverture Polaire Microfibre 220 cm x 240 cm + Sac de Rangement ou de Transport Gris TECTAKE .",SEN:0,e17x-022-0,ORAL
"Pendant les jours froids d' automne et d' hiver , on se pelotonne confortablement dans cette couverture super douce et moelleuse .",SEN:1,e17x-022-1,ORAL
Notre couverture est très douce et chaude et de qualité haut de gamme .,SEN:2,e17x-022-2,ORAL
Sa face avant est une imitation fourrure d' un brillant raffiné et d' aspect vison .,SEN:3,e17x-022-3,ORAL
La face arrière est en laine polaire douce et chaude .,SEN:4,e17x-022-4,ORAL
"Couverture , Plaid , Couverture Polaire Microfibre + SacVideo will open in a new window Points forts Super douce et moelleuse .",SEN:5,e17x-022-5,ORAL
Chaude .,SEN:6,e17x-022-6,UNK
Lavable à 30 ° C .,SEN:7,e17x-022-7,UNK
Sacoche avec fermeture éclair incluse .,SEN:8,e17x-022-8,UNK
Caractéristiques techniques Dimensions ( Lxl ) : 220 cm x 240 cm .,SEN:9,e17x-022-9,UNK
Poids : environ 320 g / m² .,SEN:10,e17x-022-10,UNK
Matière : 100 % Polyester .,SEN:11,e17x-022-11,UNK
Avertissement : La chaise visible sur la photographie ne fait pas partie de la livraison .,SEN:12,e17x-022-12,ORAL
couleur : Gris Livraison 1 Couverture douillette .,SEN:13,e17x-022-13,UNK
1 Sac de rangement ou de transport .,SEN:14,e17x-022-14,ORAL
"Les livraisons se font en France métropolitaine à l' exception des îles qui ne sont pas reliées au continent par un pont ( Corse , Ile d' Yeux etc. ) .",SEN:15,e17x-022-15,ORAL
Les livraisons ne se font pas dans les DOM - TOM .,SEN:16,e17x-022-16,ORAL
"Convient pour un lit 1 personne , composée d' une housse de couette et une taie .",SEN:0,e17x-023-0,ORAL
Housse de couette 140 x 200 cm - 1 taie 50 x 75 cm Microfibres polyester - Lavable en machine .,SEN:1,e17x-023-1,UNK
Article authentique sous licence officielle Pat Patrouille,SEN:2,e17x-023-2,UNK
lot de 2 Oreillers plumes et duvet oie finition liseret 60 x 60 comme neuf vendu cause allergie Tout le linge vendu dans ma boutique est lavé et repassé avant la vente .,SEN:0,e17x-024-0,ORAL
Emballage soigné,SEN:1,e17x-024-1,UNK
De Luxe Parure Housse de Couette 140x220 cm + 1 Taie d' oreiller 60x70 cm Made in Holland / Fabriqué en Pays - Bas,SEN:0,e17x-025-0,UNK
""" Twinkle Stars "" Découvrez la qualité et le confort des produits Sleep Time Essentials dans l' univers du lit avec un design très tendance .",SEN:1,e17x-025-1,ORAL
Caractéristiques : Matiére : Coton Mélangé Lavage : 40 ° Repassage facile Couleur : Beige ( Sand ) Fermeture : Rabat de 20 cm sur tout la largeur Set contient : 1 Housse de couette 140x220 cm + Taie d' oreiller 60x70 cm,SEN:2,e17x-025-2,ORAL
SACHET THE VIDE Sachet pour mettre votre thé ou infusion jetable chaque petit sachet avec cordon Très pratique pour composer vos propres mélanges dim : 5.5,SEN:0,e17x-026-0,UNK
X 7 cm merci de votre visite,SEN:1,e17x-026-1,ORAL
Porte dosettes pivotant en Bambou 80 capsules Porte dosettes pivotant en Bambou 80 capsulesPorte dosettes pivotant en Bambou 80 capsulesPorte dosettes pivotant en Bambou 80 capsulesPorte dosettes pivotant en Bambou 80 capsules Support pivotant 80 capsules / dosettes Nespresso en Bambou .,SEN:0,e17x-027-0,UNK
Ce distributeur à dosettes en Bambou sera idéal dans votre cuisine .,SEN:1,e17x-027-1,UNK
Caractéristiques : Pour 80 dosettes En Bambou Pivotant 8 rangées de 10 Stable Dimensions : Hauteur : 420 mm .,SEN:2,e17x-027-2,ORAL
Largeur : 140 mm .,SEN:3,e17x-027-3,ORAL
Profondeur : 140 mm .,SEN:4,e17x-027-4,ORAL
Poids : + - 1 kg Belle qualité .,SEN:5,e17x-027-5,UNK
30 m rouleau 20 cm sac sous vide alimentaire texturé bouilli boilable Température résistant : moins de 100 degrés celsius .,SEN:0,e17x-028-0,ORAL
On peut faire bouilli dans le sac mais ce dernier ne peut être cuit à la vapeur .,SEN:1,e17x-028-1,ORAL
Ces sachets peuvent être aussi utilisés dans le congélateur .,SEN:2,e17x-028-2,ORAL
CONTENU D' EMBALLAGE Sac bouilli x 100,SEN:3,e17x-028-3,UNK
Moule à gâteau modulable en silicone 4pcs Magique Moule à gâteau magique permettant de réaliser toutes sortes de forme de gâteau .,SEN:0,e17x-029-0,ORAL
Ce moule modulable est à la fois pratique et facile à nettoyer .,SEN:1,e17x-029-1,ORAL
Température résistant à la chaleur de -40 C - +230 C.,SEN:2,e17x-029-2,ORAL
Comment utiliser les formes magiques pour créer un gâteau original Créez votre forme : connectez simplement le moule de cuisson pour créer la forme souhaitée .,SEN:3,e17x-029-3,ORAL
"Une fois que vous avez créé votre forme , placez - le",SEN:4,e17x-029-4,UNK
sur un plateau de four doublé avec le côté mat vers le haut .,SEN:5,e17x-029-5,ORAL
"Ne pliez pas le papier d' aluminium , car cela fera couler le lors de la cuisson Une fois que vous êtes satisfait de votre forme , versez soigneusement votre mélange et placez - le",SEN:6,e17x-029-6,ORAL
dans le four .,SEN:7,e17x-029-7,ORAL
"Remarque : avec des mélanges qui se sont écoulés , une petite quantité risque de tomber sous le moule à gâteau magique .",SEN:8,e17x-029-8,ORAL
Regardez la magie se produire !,SEN:9,e17x-029-9,ORAL
Continuez à inspecter votre gâteau alors qu' il monte magiquement dans le four .,SEN:10,e17x-029-10,ORAL
Regarder comme cuisson du moule à gâteau magique garde la forme que vous avez créée .,SEN:11,e17x-029-11,ORAL
Laissez refroidir .,SEN:12,e17x-029-12,UNK
Veillez à retirer le plateau du four .,SEN:13,e17x-029-13,ORAL
Utilisez toujours l' équipement approprié pour enlever tous les produits chauds du four .,SEN:14,e17x-029-14,ORAL
"Placez le plateau sur une surface sûre et résistante à la chaleur , et laissez le gâteau refroidir .",SEN:15,e17x-029-15,ORAL
Attention moule à gâteau magique sont chauds et retiennent la chaleur .,SEN:16,e17x-029-16,ORAL
Retirer les moule à gâteau magique .,SEN:17,e17x-029-17,ORAL
"Une fois que le gâteau a refroidi , retirez en toute sécurité les serpents de cuisson du gâteau .",SEN:18,e17x-029-18,ORAL
"Conseil , commencez par un coin et décochez une section .",SEN:19,e17x-029-19,ORAL
"Ensuite , tirez le moule à gâteau magique de cuisson loin du bord du gâteau .",SEN:20,e17x-029-20,ORAL
"Description Pour réaliser des frites maison voici ce coupe frites avec ventouse pour un meilleure accroche sur votre plan , indispensable dans votre cuisine .",SEN:0,e17x-030-0,ORAL
"Coupe frite avec ventouse pour table , Grille 20 frites par coup , Frite Dimension : Environ 1.2x1.2 cm .",SEN:1,e17x-030-1,UNK
Livraison Paiement Retours Informations France Métropolitaine : Les colis sont généralement expédiés en 48h après réception de votre paiement .,SEN:2,e17x-030-2,ORAL
Vous avez le choix d' une livraison en relais via Mondial Relay ou à domicile .,SEN:3,e17x-030-3,ORAL
Dom / Tom : Veuillez nous contacter .,SEN:4,e17x-030-4,ORAL
"International : Pour les acheteurs en Belgique et au Luxembourg , la livraison se fait en relais via Mondial Relay .",SEN:5,e17x-030-5,ORAL
"Pour l' Allemagne , l' Autriche , l' Espagne , L' Italie , Portugal et le Royaume Uni l' expédition est à domicile .",SEN:6,e17x-030-6,ORAL
"Les frais d' expédition comprennent l' emballage , la manutention et les frais d' expédition .",SEN:7,e17x-030-7,ORAL
Ils peuvent contenir une partie fixe et une partie variable en fonction du prix ou du poids de votre commande .,SEN:8,e17x-030-8,ORAL
Nous vous conseillons de regrouper vos achats en une unique commande afin de profité de frais de transport réduit .,SEN:9,e17x-030-9,ORAL
APIS DE CUISSON SILPAT 30x40 cm - DEMARLE DESCRIPTIF TECHNIQUE MATERIAUX : tricot de verre imprégné de silicone DIMENSIONS : L.,SEN:0,e17x-031-0,ORAL
40 cm x l.,SEN:1,e17x-031-1,UNK
"30 cm ( dimensions four particuliers ) CONDITIONNEMENT : UNITE - vendu neuf sous emballage MARQUE : DEMARLE CODE PRODUIT : 321000 PRESENTATION DU PRODUIT La véritable toile de cuisson SILPAT fabriquée en France par Demarle ( distribué par Matfer ) est la référence absolue en matière de cuisson , présente dans chaque cuisine elle est d' une résistance inégalable avec sa structure en tricot de verre .",SEN:2,e17x-031-2,ORAL
Résistante de -40 ° à +300 ° elle n' a pas besoin d' être graissée et répond aux normes HACCP .,SEN:3,e17x-031-3,ORAL
Attention aux imitations !,SEN:4,e17x-031-4,UNK
"FABRICANT / DISTRIBUTEUR Logo demarle Matfer La société Matfer Bourgeat est le leader mondial des petits équipements et ustensiles de cuisine professionnel , forte de 200 ans d' expérience dans le domaine de la restauration elle est reconnue internationalement pour la qualité et la longévité de son matériel .",SEN:5,e17x-031-5,ORAL
"EXPEDITION RAPIDE Chef Oui Chef Store met tout en oeuvre pour expédier au plus vite vos achats : Expédition le jour même pour toutes les commandes validées avant 15H00 du lundi au vendredi , avant 10H00 le samedi matin Expédition sous 24H00 pour toutes commandes validées entre 15H01 et 0H00 Expedition de toutes les commandes validées à partir de samedi 10H00 lors de la levée du courrier du lundi Heures de levée du Courrier : 16H00 du lundi au vendredi et 12H00 le samedi Livraison gratuite Chef Oui Chef Store vous propose toujours un mode de livraison offerte en France Métropolitaine , en Ecopli pour les petits objets et en Colissimo pour les plus imposants et onéreux .",SEN:6,e17x-031-6,ORAL
"Vous avez bien entendu le choix dans la sélection du mode de livraison et êtes libre de choisir votre transporteur , consultez l' onglet Livraison et Paiements pour plus de détails .",SEN:7,e17x-031-7,ORAL
Pour les achats simultanés de 3 objets ou plus Chef Oui Chef Store surclasse gratuitement votre commande avec un mode de livraison plus rapide ou suivi selon sa valeur .,SEN:8,e17x-031-8,ORAL
Satisfait rembourse 1 VOTRE SATISFACTION EST NOTRE PRIORITE !,SEN:9,e17x-031-9,UNK
Retours possibles jusqu' à 30 jours après la réception de l' article Tous nos articles bénéficient d' une garantie légale de conformité et d' une garantie contre les vices cachés n' hésitez pas à nous contacter ou à consulter les CGV pour plus d' informations .,SEN:10,e17x-031-10,ORAL
4 figurines avec les personnages PeppaPig ...,SEN:0,e17x-032-0,ORAL
!,SEN:1,e17x-032-1,UNK
Ces garnitures sont idéal pour décorer un gâteau ou des cupcakes !,SEN:2,e17x-032-2,ORAL
peuvent être utilisé comme jouets .,SEN:3,e17x-032-3,UNK
Tous les sujets sont individuellement emballés dans des sacs transparents et scellées .,SEN:4,e17x-032-4,ORAL
"Étant donné que ces jouets sont peints à la main , ils peuvent avoir de légères imperfections mais n' affecte pas l' aspect général .",SEN:5,e17x-032-5,ORAL
taille : entre 5 et 8 cm,SEN:6,e17x-032-6,ORAL
Description Lot de 3 Poêles céramique titanium argent Les poêles en céramique sont faciles à nettoyer et résistantes .,SEN:0,e17x-033-0,ORAL
"Elles ne collent pas , ne se rayent pas et le fond est anti-bactérien",SEN:1,e17x-033-1,ORAL
!,SEN:2,e17x-033-2,UNK
"Avec cet ensemble complet de 3 poêles céramiques , cuisinez de savoureux plats !",SEN:3,e17x-033-3,ORAL
La céramique supporte des températures plus élevées que les revêtements classiques et permet à la chaleur de se répartir de manière homogène dans votre poêle .,SEN:4,e17x-033-4,ORAL
Elle respecte à la fois votre santé et l' environnement : Aucun risque de surchauffe ni de dégagement de fumée toxique .,SEN:5,e17x-033-5,ORAL
Informations techniques Dimensions des 3 poêles : 18 x 4 cm .,SEN:6,e17x-033-6,UNK
22 x 4 cm .,SEN:7,e17x-033-7,UNK
26 x 5 cm .,SEN:8,e17x-033-8,UNK
Matières : titanium et céramique .,SEN:9,e17x-033-9,ORAL
"Revêtement en titanium argent , antiadhésif , antirayure qui permet une meilleure résistance à la chaleur et donc une meilleure durabilité .",SEN:10,e17x-033-10,ORAL
"Poêle compatible tous feux : plaques électriques , gaz , induction , vitrocéramique ...",SEN:11,e17x-033-11,UNK
Coloris : noir .,SEN:12,e17x-033-12,UNK
Recettes d' une blogueuse culinaire adepte de nos poêles Escalope de poulet à la crème Pâtes carbonara Livraison Tous nos colis sont préparés et expédiés avec soin .,SEN:13,e17x-033-13,ORAL
Nous livrons la majorité d' entre eux par Colissimo .,SEN:14,e17x-033-14,ORAL
"Lorsque que votre commande est prise en compte par notre service , elle est expédiée sous 48 heures .",SEN:15,e17x-033-15,ORAL
"Ensuite , le délai moyen de livraison par Colissimo est de 48 heures , ce qui permet d' avoir une livraison sous un délai moyen entre 3 et 5 jours à compter de votre commande sur Ebay .",SEN:16,e17x-033-16,ORAL
Un e-mail,SEN:17,e17x-033-17,LIT
avec votre numéro de colis à suivre sur www.colissimo.fr,SEN:18,e17x-033-18,ORAL
vous est systématiquement envoyé .,SEN:19,e17x-033-19,ORAL
Nos envois par Colissimo sont réalisés en remise contre signature .,SEN:20,e17x-033-20,ORAL
"Si vous n' êtes pas présent à votre domicile lors de la livraison , un avis de passage est déposé .",SEN:21,e17x-033-21,ORAL
"Pour certains de nos produits ( les plus lourds ) , nous les expédions par transporteur .",SEN:22,e17x-033-22,ORAL
"Là aussi , un e-mail",SEN:23,e17x-033-23,LIT
vous est envoyé avec les coordonnées du transporteur .,SEN:24,e17x-033-24,ORAL
"Dans ces cas là , le délai moyen de livraison est de 8 à 10 jours .",SEN:25,e17x-033-25,ORAL
Paiement Pour réaliser vos paiements sur notre boutique Ebay nous vous recommandons d' utiliser Paypal .,SEN:26,e17x-033-26,UNK
Ce moyen de paiement vous permet notamment d' être protégé si jamais nous ne tenions pas nos promesses .,SEN:27,e17x-033-27,ORAL
Les paiements par Carte bancaire Visa et Mastercard sont aussi acceptés .,SEN:28,e17x-033-28,ORAL
"Dans certains cas , nous pouvons aussi accepter les paiements par chèque .",SEN:29,e17x-033-29,ORAL
Merci de prendre contact avec nous .,SEN:30,e17x-033-30,ORAL
Garantie Garantie contractuelle : nos produits sont garantis pièces et main d' œuvre pendant 1 an à compter de leur date d' achat .,SEN:31,e17x-033-31,ORAL
"La garantie se limite expressément et , à notre choix , à la remise en état ou au remplacement des pièces reconnues par nous comme étant défectueuses , main d' œuvre comprise .",SEN:32,e17x-033-32,ORAL
"Pour bénéficier de la garantie , il est nécessaire de présenter la facture du Produit et de faire un retour postal .",SEN:33,e17x-033-33,ORAL
Au - delà,SEN:34,e17x-033-34,LIT
"de la première année d' achat , l' acheteur bénéficie , en outre , de la garantie éventuellement offerte par le constructeur et exécutée par ce dernier .",SEN:35,e17x-033-35,ORAL
"Les détériorations et défauts provoqués par l' usure naturelle ou par accident extérieur , ou encore par une intervention technique d' un tiers ou de l' acheteur sont exclus de la garantie .",SEN:36,e17x-033-36,ORAL
Tout matériel étant détérioré physiquement n' est plus sous garantie .,SEN:37,e17x-033-37,ORAL
"Service client Une question , un conseil ?",SEN:38,e17x-033-38,UNK
Contactez nos conseillers par mail à # # # # # # @shopix.fr,SEN:39,e17x-033-39,UNK
"WRAPMASTER 1000 L' INDISPENSABLE dans vos cuisines DEVIDOIR FILM ETIRABLE ALIMENTAIRE Livré avec : une bobine de film 300 mm x 100 mètres PRATIQUE : Portable ou posé avec patins anti glisse ( pose murale possible ) Coupe aisée et précise par simple pression sur le capot ( assure une coupe parfaite ) Chargement et changement de bobines en quelques secondes Maintient le film ou l' aluminium prêt à l' emploi pour la prochaine utilisation Hygiène totale : bobine protégée de son environnement et le distributeur solide ( en ABS ) est lavable en machine Economique : plus de film perdu ( froissé ou mal découpé ) Sécurité : système de coupe protégé Idéal métier de bouche , restauration , traiteur , ventes à emportées , etc vous trouverez les recharges dans notre boutique , ou sur www.alg-emballage.com",SEN:0,e17x-034-0,ORAL
1 MOULE A GLACE PILEE SPECIAL COCKTAIL ET MOJITO DIMENSIONS 20 X 11 CM MATIERE SILICONE PLIEZ C' EST PILÉ !,SEN:0,e17x-035-0,UNK
IDEAL POUR DES SOIREES ENTRE AMIS REUSSIES !,SEN:1,e17x-035-1,UNK
MARQUE CMP NORMES CE Paiement accepté : paypal chèque virement bancaire timbre poste Commande traitée sous 48 heures ( jours ouvrables ) Nous contacter # # # # # @bbox.fr,SEN:2,e17x-035-2,ORAL
Tél .,SEN:3,e17x-035-3,UNK
: 04- # # # #,SEN:4,e17x-035-4,UNK
"Planche à découper Bambou , Point Virgule Planche à découper Bambou , Point Virgule Cette grande planche à Découper est dotée d' une rainure qui vous permettra de récupérer le jus de cuisson . Un",SEN:0,e17x-036-0,ORAL
"autre avantage non négligeable , elle est lavable au lave - vaisselle!Elle",SEN:1,e17x-036-1,ORAL
"est pratique , tendance et le matériau utilisé qui est le bambou est naturellement hygiénique . Opter",SEN:2,e17x-036-2,ORAL
"pour le bambou , c' est opter pour la nature ! En",SEN:3,e17x-036-3,ORAL
"effet , le bambou est une ressource naturelle renouvelable qui ne nécessite pas l' abattage d' arbres . De",SEN:4,e17x-036-4,ORAL
"plus , il est plus résistant et dense que la plupart des essences de bois exotiques . Enfin ,",SEN:5,e17x-036-5,ORAL
"le bambou n' endommage pas vos couteaux , absorbe très peu d' humidité et élimine très rapidement les bactéries . Bref ,",SEN:6,e17x-036-6,ORAL
le bambou représente le matériau idéal pour votre cuisine ! Caractéristiques,SEN:7,e17x-036-7,ORAL
produit : Matière : bambou Dimension : 40 x 30 cm Lavable au lave vaisselle Marque : Point Virgule,SEN:8,e17x-036-8,UNK
Cette mandoline est livrée avec trois lames pour une découpe de précision à la taille parfaite !,SEN:0,e17x-037-0,ORAL
"Elle fait 39,5 x 13 cm et pèse environ 1 kg .",SEN:1,e17x-037-1,ORAL
"OPINEL COUTEAU LUXE N ° 8,10,12 ou 15 L' EFFILEE MANCHE BUBINGA LAME INOX CUISINE Opinel habille ses couteaux Effilé de bois de bubinga : découvrez cette collection au design tout en finesse et à l' allure racée .",SEN:0,e17x-038-0,ORAL
Sa lame ultrafine et pointue est idéale pour la pêche et la préparation du poisson .,SEN:1,e17x-038-1,ORAL
Taille au choix .,SEN:2,e17x-038-2,UNK
Virole tournante avec Virobloc .,SEN:3,e17x-038-3,UNK
Références : N ° 8 : OPINEL 675 N ° 10 : OPINEL 775 N ° 12 : OPINEL 875 N ° 15 : OPINEL 975 Acier inoxydable Sandvik : L' acier inoxydable Sandvik mis au point pour Opinel est réputé pour son tranchant et sa facilité d' entretien .,SEN:4,e17x-038-4,ORAL
L' acier inoxydable capable de subir le traitement thermique qui lui donne sa bonne dureté est appelé martensitique .,SEN:5,e17x-038-5,ORAL
Il a une teneur en carbone au moins égale à 0.40 %,SEN:6,e17x-038-6,ORAL
ce qui permet d' obtenir un tranchant très satisfaisant sans être sensible à la corrosion .,SEN:7,e17x-038-7,ORAL
"Bubinga vernis naturel Lame effilée de 8 , 10 , 12 ou 15 cm Système double sécurité Virobloc : Tous les couteaux fermants Opinel sont équipés du système breveté Virobloc à l' exception des Tradition petites tailles .",SEN:8,e17x-038-8,ORAL
"Inventée par Marcel Opinel en 1955 , cette bague de sécurité en acier inoxydable permet de bloquer la lame en position ouverte ( sécurité d' utilisation ) .",SEN:9,e17x-038-9,ORAL
"Aujourd'hui , le Virobloc permet également de bloquer la lame en position fermée ( sécurité de transport ) Taille du manche : 10 , 12 , 14 ou 17 cm Matière du manche Bubinga vernis naturel Matière de la lame Acier Inoxydable Sandvik Longueur de la lame 8 , 10 , 12 ou 15 cm Nous sommes revendeurs de produits officiels Opinel .",SEN:10,e17x-038-10,ORAL
"Si vous avez une demande spéciale ou besoin d' un modèle que nous ne présentons pas , n' hésitez pas à nous consulter , nous serons heureux de répondre à votre demande !",SEN:11,e17x-038-11,ORAL
"MAXI LOT 4 TAMPONS ALIMENTAIRES DECORATIFS POUR GATEAUX CUISINE CREATIVE FUNNY + BLOC ACRYLIQUE Matériaux utilisés : Acrylique , Plastique MAXI LOT DE 4 TAMPONS ALIMENTAIRES TRANSPARENTS SPECIAL CUISINE CREATIVE AVEC UN BLOC ACRYLIQUE DE 5 CM MA RECETTE DU BONHEUR FLEUR POUR TOI 100 % GOURMAND IDEAL POUR DECORER VOS PATISSERIES .",SEN:0,e17x-039-0,UNK
PEUT ETRE UTILISÉ POUR REALISER DES EMPREINTES OU POUR IMPRIMER DES MOTIFS À L' AIDE D' ENCRES ALIMENTAIRES .,SEN:1,e17x-039-1,UNK
S' UTILISENT AVEC UN BLOC TRANSPARENT ( FOURNI DANS LE KIT ) Qui sommes nous ?,SEN:2,e17x-039-2,UNK
"Contact Livraison Achat Groupé Paiement Retour Evaluation La boutique "" Sissi Scrapbooking "" vous propose depuis 2008 sur Ebay des produits de scrapbooking et de mercerie de qualité et à petit prix .",SEN:3,e17x-039-3,ORAL
"Fort de notre expérience , nous avons su fidéliser notre clientèle grâce à des arrivages permanents de nouveautés , des prix toujours attractifs et à un service de qualité .",SEN:4,e17x-039-4,ORAL
"Tous les produits que nous vous proposons sont neufs et jamais utilisés , et vous sont envoyés sous 24h suivant la reception de votre paiement .",SEN:5,e17x-039-5,ORAL
"Au delà du fait de vendre des produits , nous avons le doux espoir que nous participons à vous apporter une touche de bonheur et de gaiété grâce à toutes nos petites merveilles qui vous permettront de laisser libre cours a votre imagination et à votre esprit créatif ...",SEN:6,e17x-039-6,ORAL
"Pentole Agnelli Casserole haute avec manche , aluminium haute 20 cm acier Product Details Marque : Pentole Agnelli Numéro de modèle : ALUM10520 Couleur : acier Poids de l' article : 100 g Dimensions du produit ( L x l x h ): 20 x 17,8 x 14 cm Capacité : 4 litres Matériau : Aluminium Moyenne des commentaires client : Soyez la première personne à écrire un commentaire sur cet article Haute Qualité Avec manche tubulaire En aluinox Avec notre boutique , oubliez le stress des livraisons hors-délais",SEN:0,e17x-040-0,ORAL
( voir nos évaluations ) .,SEN:1,e17x-040-1,UNK
"Nos partenaires s' engagent à livrer vos colis dans les meilleurs délais , de manière rapide , simple et efficace !",SEN:2,e17x-040-2,ORAL
La livraison est gratuite à toutes les adresses autres que des boîtes APO / PO dans la France et la Belgique .,SEN:3,e17x-040-3,ORAL
Notre stock se trouvent dans des entrepôts basés en France .,SEN:4,e17x-040-4,ORAL
"Toutes les commandes sont expédié via DHL , La Poste , Chronopost ou UPS ( selon l' emplacement et le poids du colis ) .",SEN:5,e17x-040-5,ORAL
"Sauf indication contraire , toutes les commandes seront expédiées dans les 48 heures suivant la date de votre paiement .",SEN:6,e17x-040-6,ORAL
Consultez nos évaluations positives pour voir les bonnes critiques sur la rapidité de nos livraisons que nous vous offrons .,SEN:7,e17x-040-7,ORAL
"Shipping is FREE to all addresses other than APO / PO boxes in the lower 48 states , France and Belgium .",SEN:8,e17x-040-8,UNK
Our stock all ships from our France - based,SEN:9,e17x-040-9,LIT
warehouses .,SEN:10,e17x-040-10,UNK
"Shipped via USPS , DHL , La Poste , Chronopost or UPS ( depending on location and package weight ) Unless stated otherwise , all orders will ship within 24 hours of your payment being processed .",SEN:11,e17x-040-11,UNK
Check our feedback to see the great reviews of FAST shipping we offer .,SEN:12,e17x-040-12,UNK
Shipping - livraison PAIEMENT PAYPAL : Gardez l' esprit tranquille .,SEN:13,e17x-040-13,LIT
PAYPAL protège vos achats .,SEN:14,e17x-040-14,UNK
"Si vous n' êtes pas livré ou que l' objet ne correspond pas à sa description , ils vous rembourserons et vous aiderons à trouver une solution avec nous ( soumis à conditions ) .",SEN:15,e17x-040-15,ORAL
Nous offrons une politique de retour de 30 jours pour nos produits .,SEN:16,e17x-040-16,ORAL
Nous sommes derrière nos produits .,SEN:17,e17x-040-17,UNK
Les articles peuvent nous être retournés pour échange ou remboursement complet dans les 30 jours à compter de la date de réception de votre marchandise .,SEN:18,e17x-040-18,ORAL
Nous ne sommes pas responsables pour tout achat après cette période de 30 jours .,SEN:19,e17x-040-19,ORAL
Les frais de retour sont de la responsabilité de l' acheteur sauf si le retour est le résultat de notre erreur .,SEN:20,e17x-040-20,ORAL
Nous prenons à notre charge les frais de renvois si un échange est demandé .,SEN:21,e17x-040-21,ORAL
Refunded Returns Si vous avez des questions s' il vous plaît contactez -nous,SEN:22,e17x-040-22,UNK
"par « Posez une question au vendeur "" .",SEN:23,e17x-040-23,ORAL
Nous vous répondrons dans 1 jour ouvrable ou moins .,SEN:24,e17x-040-24,UNK
Tous les retours doivent être effectués dans les 30 jours à compter de la date d' achat et UNIQUEMENT avec notre étiquette retour ! !,SEN:25,e17x-040-25,ORAL
S' il vous plaît noter que nous ne pouvons plus rembourser après la limite de 30 jours .,SEN:26,e17x-040-26,ORAL
"Lors d' un retour , veuillez noter que cela peut prendre jusqu' à 7 jours ouvrables pour que le retour soit traiter .",SEN:27,e17x-040-27,ORAL
Nous faisons de notre mieux pour traiter le plus rapidement possible .,SEN:28,e17x-040-28,ORAL
PAY SAFE : PAYPAL PAYMENT IS ACCEPTED We offer a 30-day return policy for our products .,SEN:29,e17x-040-29,LIT
We stand behind our products .,SEN:30,e17x-040-30,UNK
Items can be returned for exchange or full refund within 30 days from the date you receive your merchandise .,SEN:31,e17x-040-31,UNK
We are not responsible for any purchase after this 30-day period .,SEN:32,e17x-040-32,LIT
Return shipping is the responsibility of buyer unless the return is a result of our mistake .,SEN:33,e17x-040-33,UNK
We will pay for shipping replacement back to you if an exchange is requested .,SEN:34,e17x-040-34,LIT
"If you have any questions please contact us through "" Ask seller a question "" link .",SEN:35,e17x-040-35,UNK
We will respond within 1 business day or less .,SEN:36,e17x-040-36,UNK
All returns must be done within 30 days of the date of purchase .,SEN:37,e17x-040-37,UNK
Please note that we cannot give refunds after the 30 day limit has expired .,SEN:38,e17x-040-38,UNK
"When sending in a return , please note that it can take up to 7 business days for the return to be processed .",SEN:39,e17x-040-39,UNK
We do our best to process as quickly as possible .,SEN:40,e17x-040-40,UNK
"Service 3 Pieces a Escargot - Assiette Fourchette et Pince Description Ce service à escargot comprend 3 pièces indispensables : 1 assiette pour 12 escargots , diamètre 20 cm 1 fourchette à escargot 1 pince pour la saisie des coquilles Ces 3 articles sont de couleur argent , en acier inox et passent au lave - vaisselle",SEN:0,e17x-041-0,ORAL
Livraison et Paiement Les articles sont expédiés dès validation du règlement de la commande selon le mode de transport choisi .,SEN:1,e17x-041-1,ORAL
Plusieurs modes de paiement sont disponibles .,SEN:2,e17x-041-2,ORAL
Merci de procéder au règlement de votre commande dans les meilleurs délais pour une expédition rapide .,SEN:3,e17x-041-3,ORAL
"Garantie Nous appliquons une garantie de 12 mois dans les conditions standard prévue par la loi , sur nos produits en achat immédiat .",SEN:4,e17x-041-4,ORAL
"Cette garantie peut être plus longue en fonction du fabricant , cela sera précisé sur la documentation du produit .",SEN:5,e17x-041-5,ORAL
"Nous recherchons la satisfaction client optimale , c' est pourquoi si vous n' étiez pas satisfait n' hésitez pas à nous contacter avant de laisser une évaluation négative .",SEN:6,e17x-041-6,ORAL
Contacts .,SEN:7,e17x-041-7,UNK
Pour toute question contactez directement notre service client à l' adresse suivante : # # # # @bonkoo.fr,SEN:8,e17x-041-8,UNK
"ADAPTER DE HAUTE QUALITE , FABRIQUE EN CEE AVEC CET GPL - LPG ADAPTATEUR VOUS POURREZ REMPLIR DES BOUTEILLES DE GAS , AVEC CLAPET ANTI-RETOUR COMPATIBLE AVEC UNE BOUTEILLE FRANÇAISE AVEC FILETAGE À GAUCHE EN EUROPE , EN FRANCE , PORTUGAL et en outres 22 Nations DANS N´IMPORTE QUELLE STATIONS , AVEC DU PROPAN / BUTAN AUTOGAS ET MEME GPL ( OU LPG ) NE REMPLIR PAS ; B , D , IRL , LUX , FIN , GB , NL , N , E !",SEN:0,e17x-042-0,UNK
E - CODE : E37 67R - 01 0049 ATTENTION !,SEN:1,e17x-042-1,LIT
!,SEN:2,e17x-042-2,UNK
!,SEN:3,e17x-042-3,UNK
"2 versions disponibles en fonction du stock , toutes deux usinées selon des normes plus élevées .",SEN:4,e17x-042-4,UNK
Corps entièrement en laiton Aluminium aérospatial Les deux sont les mêmes coûts et produiront les mêmes résultats MODE D ' Emploi : 1 .,SEN:5,e17x-042-5,ORAL
S' assurez que la bouteille est totalement vide .,SEN:6,e17x-042-6,ORAL
2 .,SEN:7,e17x-042-7,UNK
Visser l' adaptateur sur la bouteille 3 .,SEN:8,e17x-042-8,ORAL
Mettre le pistolet en place sur l' adaptateur 4 .,SEN:9,e17x-042-9,ORAL
Ouvrir de robinet de la bouteille 5 .,SEN:10,e17x-042-10,ORAL
Remplir la bouteille de gaz liquide ( GPL / LPG ) Attention ; une bouteille de 11 kg peut contenir un maximum de 22 litres ( 1 litre de GPL = 500 grammes ) Ne jamais surcharger la bouteille au dela de 22 litres !,SEN:11,e17x-042-11,ORAL
6 .,SEN:12,e17x-042-12,UNK
Fermer le robinet de la bouteille .,SEN:13,e17x-042-13,ORAL
7 .,SEN:14,e17x-042-14,UNK
Relacher le pistolet de remplissage 1 LITRE GPL / LPG = CA .,SEN:15,e17x-042-15,ORAL
"500 GRAMMES 11 KG BOUTEILLE ( VIDE ) = 22 LITRES GPL ( 100 % ) POUR LA SÉCURITÉ , REMPLIR 80 % VOLUME DE BOUTEILLE , EG 17.6L",SEN:16,e17x-042-16,UNK
IMPRIMER CE QUIDE !,SEN:17,e17x-042-17,UNK
AVEC ADAPTATEUR ON RESOUT UNE CARTE AVEC LES DIFFERENTE PLASSE DANS TOUTES L' EUROPE PISTOLET DE REMPLISAGE ET ADAPTATEUR BESOIN REGARDEZ SUR VIDEO MARGUEZ YOUTUBE .,SEN:18,e17x-042-18,UNK
"COM AVEC LES MOTS QUE EN CHERECES "" AUTOGAS TANKEN "" OU "" FILLING LPG """,SEN:19,e17x-042-19,UNK
"LED H7 200W 30000LM Headlight Car Conversion CREE Bulb Beam 6500 K White LD1033 "" Caractéristiques : Installation facile , juste plug - and - play .",SEN:0,e17x-043-0,LIT
Pas besoin de Ballast ou de pilote .,SEN:1,e17x-043-1,ORAL
"S2 COB puissance élevée 100W pour les deux ampoules , garantit la grande luminosité de 10000LM pour chaque ampoule .",SEN:2,e17x-043-2,ORAL
"Le grand design de refroidissement , le ventilateur intégré , a amélioré hautement la performance de dissipation de chaleur .",SEN:3,e17x-043-3,ORAL
Durée de vie de jusqu' à 30000 heures .,SEN:4,e17x-043-4,ORAL
Convient à la plupart des véhicules avec DC 9V-32V.,SEN:5,e17x-043-5,ORAL
"IP65 étanche , aucun besoin de s' inquiéter des jours pluvieux .",SEN:6,e17x-043-6,ORAL
Spécifications : Type d' ampoule : H7 Type de LED : S2 COB Matière : Alliage d' aluminium Tension : DC 9 - 32V Courant : 3.0A,SEN:7,e17x-043-7,UNK
? Max ?,SEN:8,e17x-043-8,UNK
Puissance : 200W ( 100W / Ampoule ) Lumens : 30000LM ( 15000LM / Ampoule ) Température de couleur : 6500 K Blanc Niveau étanche : IP65 Durée de vie : > 30.000,SEN:9,e17x-043-9,ORAL
heures Taille de l' ampoule : env .,SEN:10,e17x-043-10,ORAL
"85 x 35 x 35 mm Température de fonctionnement : -40 ° C ~ +80 ° C Note : We also sell the Anti Flicker Decoders for these car lights , please CONTACT us if needed .",SEN:11,e17x-043-11,ORAL
"If your car is from following models , you might need to install Anti Flicker Decoders for replacing your car light : Mercedes - Benz :",SEN:12,e17x-043-12,LIT
"C180 , C200 , S350 , S600 BMW : 320 , 520 , 530 , X3 , X5 Volkswagen ( VW ): Touran , Tiguan , Scirocco , Golf 6 , New Sagitar , New Magotan Skoda : New Octavia , New Superb Buick : New Regal , New LaCrosse HYUNDAI : ix35 , Sonata 8 KIA : Forte Koup , K5 Jeep : Commander , Wrangler Ford : Mondeo , F - Series DODGE : RAM Le Paquet Comprend : 2 x Kit LED Lumière de Voiture """,SEN:13,e17x-043-13,UNK
1 COQUE NEUVE 2 BOUTONS C3 C2 C4 C1 C8 C5 ETC ...,SEN:0,e17x-044-0,UNK
"version normal 2 ou 3 porte , picasso ou pluriel hdi ou essence autre modele possible ... refrence",SEN:1,e17x-044-1,UNK
CE0536 ecrit sur la coque au niveau de la fente ou se range la cle .,SEN:2,e17x-044-2,ORAL
l' emplacement de la pile est sur la coque .,SEN:3,e17x-044-3,ORAL
sur votre lame il n' y a pas derainures de chaque cotes les plus fins .,SEN:4,e17x-044-4,ORAL
avec logo citroen et connecteur de pile .,SEN:5,e17x-044-5,ORAL
vendu sans electronique et sans pile ideale si bouton percé ou mecanisme du bouton poussoire hs aucun recodage necessaire si votre ancienne cle demarre votre citroen.redonner,SEN:6,e17x-044-6,UNK
un coup de jeune a votre cle .,SEN:7,e17x-044-7,ORAL
il vous reste qu' a degoupiller votre lame ...,SEN:8,e17x-044-8,ORAL
montage rapide .,SEN:9,e17x-044-9,UNK
lame 7 mm sans rainure ENVOI SOUS 24H EN LETTRE PRIORITAIRE OU LETTRE SUIVI DANS UNE ENVELOPE A BULLE,SEN:10,e17x-044-10,ORAL
KIT MONTAGE TURBO 1.6,SEN:0,e17x-045-0,UNK
HDI 110 CH CITROËN - PEUGEOT 1.6,SEN:1,e17x-045-1,LIT
HDI 110 CV - FORD 1.6,SEN:2,e17x-045-2,LIT
TDCi - MAZDA 1.6,SEN:3,e17x-045-3,LIT
MZ - CD 110 CV MINI 1.6,SEN:4,e17x-045-4,LIT
D 110CV - VOLVO 1.6D,SEN:5,e17x-045-5,LIT
110CV DESCRIPTION ET CONTENU DU PRODUIT Problème connu sur les moteurs 1.6l,SEN:6,e17x-045-6,ORAL
"HDI PSA , la casse du turbo n' est pas systématiquement liée à sa fragilité !",SEN:7,e17x-045-7,ORAL
Les moteurs nouvelle génération 1.6l,SEN:8,e17x-045-8,UNK
hdi souffrent d' un problème d' encrassement du circuit d' huile dont la conséquence est la panne du turbo de suralimentation .,SEN:9,e17x-045-9,ORAL
La rupture du turbo est généralement due à un manque de lubrification de celui-ci .,SEN:10,e17x-045-10,ORAL
"L' axe du turbo repose sur un coussin d' huile moteur sous pression , il tourne à des vitesses extrêmes .",SEN:11,e17x-045-11,ORAL
Tout manque d' huile le détériore donc très rapidement !,SEN:12,e17x-045-12,ORAL
C' est pourquoi il est indispensable d' utiliser ce kit de montage lors du remplacement de votre turbo afin d' éviter d' avoir le même soucis de casse après le montage du nouveau turbocompresseur .,SEN:13,e17x-045-13,ORAL
Nous vous proposons ce kit complet de montage pour turbo de moteur 1.6l,SEN:14,e17x-045-14,ORAL
Hdi 110ch .,SEN:15,e17x-045-15,UNK
Pièce similaire à la pièce d' origine .,SEN:16,e17x-045-16,ORAL
Caractéristiques du kit de montage pour turbocompresseur de moteur 1.6l,SEN:17,e17x-045-17,ORAL
HDi 110ch : Kit complet livré tel que sur la photo .,SEN:18,e17x-045-18,ORAL
Composition du kit : - 1 Crépine d' huile .,SEN:19,e17x-045-19,UNK
- 1 Tuyau de retour d' huile .,SEN:20,e17x-045-20,ORAL
- 1 Tuyau rigide de graissage du turbo .,SEN:21,e17x-045-21,ORAL
- 2 Vis raccord de graissage du turbo .,SEN:22,e17x-045-22,ORAL
- 4 Joints pour raccords de graissage .,SEN:23,e17x-045-23,ORAL
- 1 Raccord de retour d' huile ( pipe ) .,SEN:24,e17x-045-24,ORAL
- 1 Joint pour raccord de retour d' huile .,SEN:25,e17x-045-25,ORAL
Pièce de qualité .,SEN:26,e17x-045-26,ORAL
Nous contrôlons la qualité de nos pièces et apportons une grande importance à la satisfaction de nos clients .,SEN:27,e17x-045-27,ORAL
"RÉFÉRENCES ÉQUIVALENTES Référence OEM : 0375J6 , 0375L6 , 0375N1 , 0375N9 , 0375P7 , 0375P8 , 1685819 , 31319528 , 36001457 , 36002480 , 3M5Q6K682AE , 3M5Q6K682AF , 3M5Q6K682AH , 3M5Q6K682AK , 8603746 , 96 507 644 80 , 96 518 398 80 , 96 541 287 80 , 96 561 258 80 , 96 572 486 80 , 96 604 935 80 , 96 606 413 80 , 96 631 990 80 , 96 631 992 80 , 9650764480 , 9651839880 , 9652748680 , 9654128780 , 9656125880 , 9657248680 , 9657571880 , 9660493580 , 9660641380 , 9663199080 , 9663199280 Autres références:740821 - 0001 , 740821 - 0002 , 740821 - 5001S , 740821 - 5002S , 750030 - 0001 , 750030 - 0002 , 750030 - 5001S , 750030 - 5002S , 753420 - 0002 , 753420 - 0003 , 753420 - 0004 , 753420 - 0005 , 753420 - 0006 , 753420 - 5002S , 753420 - 5003S , 753420 - 5004S , 753420 - 5005S , 753420 - 5006S , 762328 - 0001 , 762328 - 0002 , 762328 - 0003 , 762328 - 5001S , 762328 - 5002S , 762328 - 5003S AFFECTATIONS VÉHICULES Voir tableau de compatibilité véhicules",SEN:28,e17x-045-28,UNK
"CARACTÉRISTIQUES Diamètre maximum de filetage : M36 Résistance : Moyenne Couple de rupture boulon M10 : 26 Nm Plage de températures de service : -55 ° C à +180 ° C Réf Constructeur : 1370535 Quantité : 5ml EAN : 5010266001234 DESCRIPTION AVANTAGES : Adapté à tous les métaux , y compris les substrats passifs ( par ex . ,",SEN:0,e17x-046-0,ORAL
"acier inoxydable , aluminium , surfaces plaquées ) Conçu pour tolérer une légère contamination par huiles industrielles ( par ex .",SEN:1,e17x-046-1,ORAL
"huiles moteur , solutions antirouille ou fluides de coupe ) S' oppose au desserrage de pièces sous contraintes de vibrations telles que les vis de pompes , de carters de boîte de vitesses ou de presses Permet le démontage avec des outils manuels pour l' entretien Conforme à la norme NSF n° 123000 DOMAINE D' APPLICATION : Freinage de vis de volants moteurs , vis de carburateur , vis de carter de distribution , têtes d' amortisseurs , vis de serrures et de gâches de portières , vis et écrous de chapeaux de bielles , couvercles de boîtes , boulons de supports moteurs .",SEN:2,e17x-046-2,ORAL
"LIVRAISON : L' affranchissement se fait en Lettre Prioritaire en 24h/48h ouvrés , dans son emballage d' origine .",SEN:3,e17x-046-3,ORAL
"CONTENU DU COLIS : Flacon LOCTITE , Facture avec TVA LOCTITE EST FABRIQUÉ EN U.E",SEN:4,e17x-046-4,UNK
"LIVRAISON PAIEMENT RETOUR PRÉSENTATION LIVRAISON Les frais de livraison sont exclusivement gratuits en France métropolitaine , et payant dans le reste du monde .",SEN:5,e17x-046-5,ORAL
"La livraison des articles a lieu au domicile de l' Acheteur à l' adresse indiquée sur ebay , signalée lors de la commande .",SEN:6,e17x-046-6,ORAL
Mon Grossiste Auto s' engage à remettre le produit à la poste dans un délai maximum de 48 heures ( jour ouvré ) à compter de la commande .,SEN:7,e17x-046-7,ORAL
Mon Grossiste Auto ne peut être tenu pour responsable en cas de dépassement de délai .,SEN:8,e17x-046-8,ORAL
"En particulier , le dépassement de ces délais ne peut donner lieu à aucune annulation de la commande , à aucune réduction du prix payé par l' Acheteur , et à aucun versement au titre de dommages et intérêts dès lors que le client est livré dans les trente jours suivant la confirmation de sa commande .",SEN:9,e17x-046-9,ORAL
ELM 327 BLUETOOH est une valise de diagnostique automobile multimarque qui se connecte sur la prise OBD2 ( 16 broches ) du véhicule ( une app peut vous aider à localiser la votre ) .,SEN:0,e17x-047-0,ORAL
"( Nous fournissons gratuitement le logiciel qui vous permettra d' enlever vos défauts , le coût serait d' environ 30 € si vous étiez amené à l' acheter . )",SEN:1,e17x-047-1,ORAL
Voilà une très bonne raison d' acheter votre ELM 327 chez nous ! !,SEN:2,e17x-047-2,ORAL
Vous pourrez : - lecture et effacement des codes défauts génériques .,SEN:3,e17x-047-3,ORAL
( nos logiciels permettent uniquement de diagnostiquer les défauts moteur et transmission .,SEN:4,e17x-047-4,ORAL
"Dans le cas d' un voyant ABS , Airbag ou ESP allumé seule une valise constructeur est capable de retourner un diagnostic . )",SEN:5,e17x-047-5,ORAL
- Affichage des valeurs courantes sous forme de graphiques ou de tableaux des capteurs moteurs tels que : Régime Moteur RPM Valeur de charge calculée Température du liquide de refroidissement Statut du système injection Vitesse du véhicule injection Vitesse du véhicule Calcul à court terme de carburant Calcul à long terme de carburant Pression d' admission L' avance à l' allumage Température de l' air d' admission Etc ...,SEN:6,e17x-047-6,ORAL
"Interface compatible avec Windows , XP , Vista , 7 , 8 et 10 .",SEN:7,e17x-047-7,ORAL
Compatible avec les smartphones et tablettes Android à partir de la version 4.0 .,SEN:8,e17x-047-8,ORAL
Logiciel Torque et Dashcommand disponible sur Google Play ..,SEN:9,e17x-047-9,ORAL
Compatible avec Windows Phone .,SEN:10,e17x-047-10,UNK
Une multitude de logiciels sont disponible sur Google Play .,SEN:11,e17x-047-11,ORAL
( la version Bluetooth de l' ELM 327 n' est pas compatible avec l' IOS d' Apple ) Compatible avec : Tous les véhicules essence depuis 2001 Tous les véhicules Diesel / GPL depuis octobre 2003 Tous véhicules utilitaires depuis 2007 Contenu du colis : ELM 327 BLUETOOH + logiciels envoyer par email+ Tutos à visionner en français .,SEN:12,e17x-047-12,ORAL
"Paiment par Paypal uniquement , si vous avez besoin d' informations n' hésitez pas à nous contacter par email : # # # # # # @gmail.com",SEN:13,e17x-047-13,ORAL
DESCRIPTION CHARGEUR GYSPACK PRO TENSION : 12 V AMPÉRAGE CHARGE : 600/1750A LUMIÈRE : 7 LEDS PRISE EXTERNE : 12V DC DIMENSION : 34X20X43CM CONNECTION : PINCE ISOLÉ RÉFÉRENCE : GYSPACK PRO LES POINT FORTS : -2 en 1 : Démarreur et alimentation 12V.,SEN:0,e17x-048-0,ORAL
"• Démarre instantanément moto , voiture , camping car sans risque pour l' électronique du véhicule .",SEN:1,e17x-048-1,UNK
"• Alimente tous les appareils électriques en 12V DC , grâce à sa batterie interne 22 Ah .",SEN:2,e17x-048-2,ORAL
• Lumière d' appoint pour facilité la visibilité pendant l' intervention .,SEN:3,e17x-048-3,ORAL
"- GYSPACK PRO démarre instantanément voiture , camping car , fourgons , essence ou diesel ( Courant de démarrage 1750A en pic ) -Grâce à sa puissante batterie intégrée 22 Ah , le GYSPACK PRO se transforme en source d' alimentation autonome 12V pour tous les appareils électriques télé , lampe , pc portable ...",SEN:4,e17x-048-4,ORAL
"- Une intervention dans l' obscurité , le GYSPACK PRO est muni d' une lampe constituée de 7 LED haute luminosité .",SEN:5,e17x-048-5,ORAL
-Chargeur automatique 230V /12V Floating : pour une charge de la batterie interne sans surveillance .,SEN:6,e17x-048-6,ORAL
"- Recharge la batterie à 100 % , preserve sa durée de vie et ses performances .",SEN:7,e17x-048-7,ORAL
- Peut rester branché en permanence au secteur ( à mettre en charge après chaque utilisation ) .,SEN:8,e17x-048-8,UNK
Testeur intégré pour visualiser l' état de charge de la batterie interne .,SEN:9,e17x-048-9,ORAL
Coupe-batterie,SEN:10,e17x-048-10,LIT
ON / OFF protection contre les surtensions au branchement .,SEN:11,e17x-048-11,ORAL
Alarme sonore prévenant une inversion de polarité en cas d' erreur de manipulation .,SEN:12,e17x-048-12,ORAL
"Câbles cuivre 2 x 1.10 m ,",SEN:13,e17x-048-13,UNK
ø25 mm² avec pinces 500 A isolées .,SEN:14,e17x-048-14,UNK
"NOTE IMPORTANTE Les compatibilités des batteries , chargeurs , piles , roulettes ou roulements sont fournies à titre indicatif .",SEN:15,e17x-048-15,ORAL
"Veillez à toujours vérifier les dimensions , ampérage et / ou polarité de votre matériel précédent AVANT de passer commande .",SEN:16,e17x-048-16,ORAL
"Il existe pour un même millésime de véhicule des variantes de batteries , n' hésitez pas à nous contacter au préalable .",SEN:17,e17x-048-17,ORAL
LIVRAISON La livraison est effectuée par des transporteurs spécialisés .,SEN:18,e17x-048-18,ORAL
Nos produits sont soigneusement emballés afin d' éviter toute casse .,SEN:19,e17x-048-19,ORAL
Un numéro de suivi vous sera envoyé pour chaque commande .,SEN:20,e17x-048-20,ORAL
( Hors colis de moins d' un Kg envoyé en lettre Mini-Max,SEN:21,e17x-048-21,UNK
sans suivi . ),SEN:22,e17x-048-22,UNK
"Si malgré tous nos efforts un incident devait survenir , veuillez contacter notre service client afin de trouver ensemble une solution avantageuse pour vous .",SEN:23,e17x-048-23,ORAL
Le délai moyen de livraison est de 1 - 4 jours ouvrés .,SEN:24,e17x-048-24,ORAL
Certaines destinations peuvent demander un délai jusqu' à 120 h.,SEN:25,e17x-048-25,UNK
"En cas d' urgence , nous pouvons vous proposer la livraison express par Chrononopost .",SEN:26,e17x-048-26,ORAL
( livraison le lendemain chez vous avant 13h ) Contactez nous pour un devis .,SEN:27,e17x-048-27,ORAL
Nous sommes actuellement dans l' impossibilité de livrer la Corse et les DOM - TOM .,SEN:28,e17x-048-28,ORAL
Les frais de livraison sont indiqués dans l' annonce .,SEN:29,e17x-048-29,ORAL
"Ils sont , le plus souvent , gratuits .",SEN:30,e17x-048-30,ORAL
"1x POMMEAU LEVIER DE VITESSE POUR PEUGEOT # # # Merci verifier forme connection avant valider transaction 1x POMMEAU LEVIER DE VITESSE POUR PEUGEOT 106 107 205 206 207 306 307 308 309 405 406 407 508 605 607 806 807 Merci verifier les mesures sur photo avant valider transaction , comme certaines voiture de meme modeles utilisent des pommeaus differents Materiel : plastique et metal Produit generique sans logo Ne convient pas aux leviers a bague de marche arriere ni aux boites automatiques A 5 Regimes de vitesse Prise en main confortable Etat : neuf Aussi autres produits de nouveaute et a bon prix dans notre boutique ebay : https://stores.ebay.fr/frBuyonfire",SEN:0,e17x-049-0,ORAL
Objets dans l' emballage 1x POMMEAU LEVIER DE VITESSE POUR PEUGEOT GO2 106 107 205 206 207 306 307 308 405 407 Payment Nous acceptons UNIQUEMENT le paiement de PAYPAL .,SEN:1,e17x-049-1,ORAL
"Le gagnant doit regler le paiement sous 7 jours apres la fin d' enchere , sinon , notre système vous ouvrira automatiquement un litige eBay pour déclarer le non paiement Nous n' avons pas de service de regroupement pour plusieurs articles .",SEN:2,e17x-049-2,ORAL
"Si vous avez des questions sur nos conditons , merci de nous contacter avant d' encherir Shipping Tous les objets seront expédiés de notre entrepôt dans 48 heures des réceptions de paiement Le délai de la livraison est estimé à 10 jours ouvrables environ ( non inclus les Jours féries et les weekends ) Les frais de port ne sont pas négociable ni regroupés .",SEN:3,e17x-049-3,ORAL
Nous n' avons pas le service de remise en main propre .,SEN:4,e17x-049-4,ORAL
"Les frais de port sont bien raisonable , ils contienne les coûts de l' emballage , de main d' oeuvre , de l' entrepôt et de l' éxpedition . Si",SEN:5,e17x-049-5,ORAL
"vous n' êtes pas d' accord avec nos frais de port , prions de ne pas enchérir L' article sera envoyé uniquement à votre adresse inscrite sur paypal .",SEN:6,e17x-049-6,ORAL
ATTENTIONS : Pas de livraison à la BOITE POSTALE ! ! !,SEN:7,e17x-049-7,ORAL
"Nous n' expédions pas vers les DOM - TOM ni le Canada , vu la distance trop lointaine pour nous de garantir le délai Returns Tous les articles vendus sont garantis sous 30 jours ( en cas de l' arrive abimé , defectueux , de perte durant la livraison ) Tous les émails sont traités sous un délai de 48H , nous faisons le mieux pour aider nos clients Dans le cas ou vous n' êtes pas satisfait de la transaction , merci de nous contacter avant laisser des mauvaises evaluations .",SEN:8,e17x-049-8,ORAL
"Nous ferons le mieux pour resoudre vos problèmes Si vous êtes satisfaits de votre achat et de nos services , merci de bien vouloir nous laisser également une évaluation positive et les 4 Evaluations détaillées à 5 étoiles .",SEN:9,e17x-049-9,ORAL
"La fin de l' enchère signifie que vous avez été bien d' accord avec le tarif : prix de l' article+les frais de port , et avec toutes les conditions citées si - dessus .",SEN:10,e17x-049-10,ORAL
"Customer Services Nos fournisseurs modifient parfois les etiquettes de leurs produits , de ce fait , vous recevriez peut-être",SEN:11,e17x-049-11,ORAL
des produits différents que la photo descriptive .,SEN:12,e17x-049-12,ORAL
"Cependant , rassurez -vous",SEN:13,e17x-049-13,LIT
que leur modeles et fonctions sont toujours conforment à la descriptions .,SEN:14,e17x-049-14,ORAL
Nous nous excusons pour tous les inattendus ! !,SEN:15,e17x-049-15,ORAL
"Filtre antiparasite 12v à 36v pour voiture bus camion bateau Élimine les interférences minimes , bruit de moteur , alternateur , parasites ...",SEN:0,e17x-050-0,ORAL
dans les hauts parleurs Réduit ou élimine les interférences parasites et les traits sur les écrans et caméra de recul .,SEN:1,e17x-050-1,ORAL
"Pour autoradio , ampli , tuner tnt , caméra de recul , écran dvd GPS ...",SEN:2,e17x-050-2,ORAL
Cela permettra de réduire ou éliminé la plupart des parasites .,SEN:3,e17x-050-3,ORAL
"Très facile à installé avec sa fiche de branchement 12v pour les écrans , ou a découper pour une connexion autoradio .",SEN:4,e17x-050-4,ORAL
"Attention , les parasites peuvent avoir plusieurs raisons , ce filtre 12v ne va pas réparer votre alternateur réparer votre batterie remplacer vos haut parleurs stabilisé votre masse au châssis branché votre positive a l' après contact .. ex ,",SEN:5,e17x-050-5,ORAL
en claire les parasites peuvent avoir plusieurs sources .,SEN:6,e17x-050-6,ORAL
Description : Power input:12V-36V Power output:12V The low pressure differential:0.2V,SEN:7,e17x-050-7,LIT
Rated power:20W Rated current:1.5A~3A,SEN:8,e17x-050-8,UNK
Power efficiency : 96 % CC soft - startup,SEN:9,e17x-050-9,LIT
Time : about 500ms Output ripple:50mV(MAX ) 20 M Operating Temperature : industrial - strength,SEN:10,e17x-050-10,LIT
( -40C- +75C ) Full temperature:50C Load Regulation:±1 % Voltage regulation:±2 % Dynamic response speed:5 % 200uS,SEN:11,e17x-050-11,UNK
