ENSEMBLE,NOUN,ROOT,SEN:0,e05p-001,LIT
COTELAC,NOUN,ROOT,SEN:0,e05p-001,LIT
bon,ADJ,amod,SEN:0,e05p-001,LIT
etat,NOUN,ROOT,SEN:0,e05p-001,LIT
de,ADP,case,SEN:0,e05p-001,LIT
couleur,NOUN,nmod,SEN:0,e05p-001,LIT
kaki,ADJ,amod,SEN:0,e05p-001,LIT
composé,VERB,ROOT,SEN:0,e05p-001,LIT
de,ADP,case,SEN:0,e05p-001,LIT
4,NUM,nummod,SEN:0,e05p-001,LIT
pièces,NOUN,obl:agent,SEN:0,e05p-001,LIT
matiere,VERB,amod,SEN:0,e05p-001,LIT
polyester,VERB,xcomp,SEN:0,e05p-001,LIT
la,DET,det,SEN:0,e05p-001,LIT
jupe,NOUN,obj,SEN:0,e05p-001,LIT
taille,NOUN,amod,SEN:0,e05p-001,LIT
1,PRON,punct,SEN:0,e05p-001,LIT
soit,AUX,advmod,SEN:0,e05p-001,LIT
32cmx2,NUM,flat:name,SEN:0,e05p-001,LIT
a,AUX,aux:tense,SEN:0,e05p-001,LIT
plat,ADJ,flat:name,SEN:0,e05p-001,LIT
monté,VERB,acl,SEN:0,e05p-001,LIT
sur,ADP,case,SEN:0,e05p-001,LIT
elastique,ADJ,amod,SEN:0,e05p-001,LIT
tissu,NOUN,xcomp,SEN:0,e05p-001,LIT
gaufré,VERB,acl,SEN:0,e05p-001,LIT
avec,ADP,case,SEN:0,e05p-001,LIT
des,DET,det,SEN:0,e05p-001,LIT
impression,NOUN,obl:mod,SEN:0,e05p-001,LIT
de,ADP,case,SEN:0,e05p-001,LIT
fils,NOUN,nmod,SEN:0,e05p-001,LIT
ja,DET,amod,SEN:0,e05p-001,LIT
une,DET,dep,SEN:0,e05p-001,LIT
et,CCONJ,cc,SEN:0,e05p-001,LIT
vert,PROPN,conj,SEN:0,e05p-001,LIT
d',ADP,case,SEN:0,e05p-001,LIT
eau,NOUN,nmod,SEN:0,e05p-001,LIT
fendu,VERB,acl,SEN:0,e05p-001,LIT
derriere,VERB,xcomp,SEN:0,e05p-001,LIT
2,NUM,nummod,SEN:0,e05p-001,LIT
poches,ADJ,advmod,SEN:0,e05p-001,LIT
devant,ADP,punct,SEN:0,e05p-001,LIT
.,PUNCT,ROOT,SEN:0,e05p-001,LIT
-,PUNCT,ROOT,SEN:1,e05p-001,ORAL
Le,DET,det,SEN:1,e05p-001,ORAL
chemisier,NOUN,amod,SEN:1,e05p-001,ORAL
vert,PROPN,nmod,SEN:1,e05p-001,ORAL
kaki,PROPN,amod,SEN:1,e05p-001,ORAL
simple.-La,NOUN,amod,SEN:1,e05p-001,ORAL
veste,ADJ,ROOT,SEN:2,e05p-001,LIT
taille,NOUN,amod,SEN:2,e05p-001,LIT
2,NUM,nummod,SEN:2,e05p-001,LIT
soit,CCONJ,advmod,SEN:2,e05p-001,LIT
40,NUM,punct,SEN:2,e05p-001,LIT
42,NUM,nummod,SEN:2,e05p-001,LIT
encolure,NOUN,ROOT,SEN:2,e05p-001,LIT
marron,NOUN,nmod,SEN:2,e05p-001,LIT
en,ADP,case,SEN:2,e05p-001,LIT
laine.-le,NOUN,nmod,SEN:2,e05p-001,LIT
petit,ADJ,amod,SEN:3,e05p-001,LIT
gilet,NOUN,ROOT,SEN:3,e05p-001,LIT
plus,ADV,advmod,SEN:3,e05p-001,LIT
epais,ADJ,amod,SEN:3,e05p-001,LIT
taille,NOUN,ROOT,SEN:3,e05p-001,LIT
1,NUM,nummod,SEN:3,e05p-001,LIT
meme,NOUN,ROOT,SEN:3,e05p-001,LIT
principe,ADJ,amod,SEN:3,e05p-001,LIT
que,PRON,mark,SEN:3,e05p-001,LIT
la,DET,det,SEN:3,e05p-001,LIT
veste,NOUN,dep,SEN:3,e05p-001,LIT
Créez,PROPN,ROOT,SEN:0,e05p-002,LIT
d',ADP,case,SEN:0,e05p-002,LIT
originales,DET,det,SEN:0,e05p-002,LIT
poterie,NOUN,nmod,SEN:0,e05p-002,LIT
en,ADP,case,SEN:0,e05p-002,LIT
argile,NOUN,nmod,SEN:0,e05p-002,LIT
et,CCONJ,cc,SEN:0,e05p-002,LIT
décorez,ADV,conj,SEN:0,e05p-002,LIT
-,PUNCT,ROOT,SEN:0,e05p-002,LIT
les,DET,punct,SEN:0,e05p-002,LIT
à,ADP,case,SEN:1,e05p-002,ORAL
votre,DET,det,SEN:1,e05p-002,ORAL
gôut,NOUN,ROOT,SEN:1,e05p-002,ORAL
.,PUNCT,punct,SEN:1,e05p-002,ORAL
Convient,NOUN,ROOT,SEN:2,e05p-002,ORAL
aux,ADP,case,SEN:2,e05p-002,ORAL
enfants,NOUN,obl:arg,SEN:2,e05p-002,ORAL
à,ADP,dep,SEN:2,e05p-002,ORAL
partir,VERB,fixed,SEN:2,e05p-002,ORAL
de,ADP,case,SEN:2,e05p-002,ORAL
8,NUM,nummod,SEN:2,e05p-002,ORAL
ans,NOUN,dep,SEN:2,e05p-002,ORAL
.,PUNCT,punct,SEN:2,e05p-002,ORAL
Contenu,NOUN,ROOT,SEN:3,e05p-002,ORAL
:,PUNCT,punct,SEN:3,e05p-002,ORAL
*,DET,appos,SEN:3,e05p-002,ORAL
tour,NOUN,ROOT,SEN:4,e05p-002,ORAL
avec,ADP,case,SEN:4,e05p-002,ORAL
moteur,NOUN,nmod,SEN:4,e05p-002,ORAL
éléctrique,ADJ,amod,SEN:4,e05p-002,ORAL
*,PROPN,amod,SEN:4,e05p-002,ORAL
4,NUM,nummod,SEN:5,e05p-002,ORAL
pots,NOUN,ROOT,SEN:5,e05p-002,ORAL
de,ADP,case,SEN:5,e05p-002,ORAL
peinture,NOUN,nmod,SEN:5,e05p-002,ORAL
spéciale,ADJ,amod,SEN:5,e05p-002,ORAL
*,DET,appos,SEN:5,e05p-002,ORAL
2,NUM,nummod,SEN:6,e05p-002,ORAL
spatules,NOUN,ROOT,SEN:6,e05p-002,ORAL
*,PROPN,amod,SEN:6,e05p-002,ORAL
1,NUM,nummod,SEN:7,e05p-002,ORAL
éponge,NOUN,ROOT,SEN:7,e05p-002,ORAL
*,ADJ,amod,SEN:7,e05p-002,ORAL
1,NUM,nummod,SEN:8,e05p-002,ORAL
pinceau,NOUN,ROOT,SEN:8,e05p-002,ORAL
*,DET,appos,SEN:8,e05p-002,ORAL
le,DET,det,SEN:9,e05p-002,LIT
morceau,NOUN,nsubj,SEN:9,e05p-002,LIT
d',ADP,case,SEN:9,e05p-002,LIT
argile,NOUN,nmod,SEN:9,e05p-002,LIT
d',ADP,case,SEN:9,e05p-002,LIT
un,DET,det,SEN:9,e05p-002,LIT
kg,NOUN,nmod,SEN:9,e05p-002,LIT
n',ADV,advmod,SEN:9,e05p-002,LIT
est,AUX,cop,SEN:9,e05p-002,LIT
probablemement,ADV,advmod,SEN:9,e05p-002,LIT
plus,ADV,advmod,SEN:9,e05p-002,LIT
utilisable,ADJ,ROOT,SEN:9,e05p-002,LIT
(,PUNCT,punct,SEN:9,e05p-002,LIT
trop,ADV,advmod,SEN:9,e05p-002,LIT
sec,ADJ,advmod,SEN:9,e05p-002,LIT
),PUNCT,punct,SEN:9,e05p-002,LIT
",",PUNCT,punct,SEN:9,e05p-002,LIT
il,PRON,expl:subj,SEN:9,e05p-002,LIT
faut,VERB,conj,SEN:9,e05p-002,LIT
en,PRON,mark,SEN:9,e05p-002,LIT
acheter,VERB,xcomp,SEN:9,e05p-002,LIT
un,DET,obj,SEN:9,e05p-002,LIT
à,ADP,case,SEN:9,e05p-002,LIT
vos,DET,det,SEN:9,e05p-002,LIT
frais,NOUN,nmod,SEN:9,e05p-002,LIT
*,DET,fixed,SEN:9,e05p-002,LIT
manuel,NOUN,ROOT,SEN:10,e05p-002,LIT
d',ADP,case,SEN:10,e05p-002,LIT
instructions,NOUN,nmod,SEN:10,e05p-002,LIT
piles,VERB,amod,SEN:10,e05p-002,LIT
non,ADV,advmod,SEN:10,e05p-002,LIT
fournies,ADJ,amod,SEN:10,e05p-002,LIT
.,PUNCT,punct,SEN:10,e05p-002,LIT
L',DET,det,SEN:11,e05p-002,LIT
ensemble,NOUN,nsubj,SEN:11,e05p-002,LIT
était,AUX,cop,SEN:11,e05p-002,LIT
un,DET,det,SEN:11,e05p-002,LIT
cadeau,NOUN,ROOT,SEN:11,e05p-002,LIT
",",PUNCT,punct,SEN:11,e05p-002,LIT
déballé,VERB,conj,SEN:11,e05p-002,LIT
",",PUNCT,punct,SEN:11,e05p-002,LIT
le,DET,det,SEN:11,e05p-002,LIT
carton,NOUN,nsubj,SEN:11,e05p-002,LIT
légèrement,ADV,advmod,SEN:11,e05p-002,LIT
abimé,ADJ,conj,SEN:11,e05p-002,LIT
",",PUNCT,punct,SEN:11,e05p-002,LIT
mais,CCONJ,cc,SEN:11,e05p-002,LIT
utilisé,VERB,conj,SEN:11,e05p-002,LIT
TRES,NOUN,ROOT,SEN:0,e05p-003,LIT
BEAU,NOUN,ROOT,SEN:0,e05p-003,LIT
LOT,NOUN,ROOT,SEN:0,e05p-003,LIT
DE,ADP,case,SEN:0,e05p-003,LIT
5,NUM,nummod,SEN:0,e05p-003,LIT
BOUTONS,NOUN,nmod,SEN:0,e05p-003,LIT
Pour,ADP,case,SEN:0,e05p-003,LIT
les,DET,det,SEN:0,e05p-003,LIT
enchérisseurs,NOUN,amod,SEN:0,e05p-003,LIT
étrangers,ADJ,amod,SEN:0,e05p-003,LIT
",",PUNCT,punct,SEN:0,e05p-003,LIT
les,DET,det,SEN:0,e05p-003,LIT
frais,NOUN,nsubj:pass,SEN:0,e05p-003,LIT
de,ADP,case,SEN:0,e05p-003,LIT
port,NOUN,nmod,SEN:0,e05p-003,LIT
vous,PRON,iobj,SEN:0,e05p-003,LIT
seront,AUX,aux:pass,SEN:0,e05p-003,LIT
communiqués,VERB,ROOT,SEN:0,e05p-003,LIT
à,ADP,case,SEN:0,e05p-003,LIT
la,DET,det,SEN:0,e05p-003,LIT
fin,NOUN,obl:mod,SEN:0,e05p-003,LIT
de,ADP,case,SEN:0,e05p-003,LIT
l',DET,det,SEN:0,e05p-003,LIT
enchère,NOUN,nmod,SEN:0,e05p-003,LIT
en,ADP,case,SEN:0,e05p-003,LIT
fonction,NOUN,nmod,SEN:0,e05p-003,LIT
de,ADP,case,SEN:0,e05p-003,LIT
votre,DET,det,SEN:0,e05p-003,LIT
pays,NOUN,nmod,SEN:0,e05p-003,LIT
.,PUNCT,punct,SEN:0,e05p-003,LIT
Merci,NOUN,ROOT,SEN:1,e05p-003,ORAL
de,ADP,case,SEN:1,e05p-003,ORAL
m',PRON,det,SEN:1,e05p-003,ORAL
écrire,NOUN,nmod,SEN:1,e05p-003,ORAL
en,ADP,case,SEN:1,e05p-003,ORAL
français,ADJ,nmod,SEN:1,e05p-003,ORAL
.,PUNCT,punct,SEN:1,e05p-003,ORAL
Regardez,VERB,ROOT,SEN:2,e05p-003,LIT
mes,DET,det,SEN:2,e05p-003,LIT
autres,ADJ,amod,SEN:2,e05p-003,LIT
ventes,NOUN,obj,SEN:2,e05p-003,LIT
afin,ADV,advmod,SEN:2,e05p-003,LIT
de,ADP,case,SEN:2,e05p-003,LIT
bénéficier,VERB,obl:arg,SEN:2,e05p-003,LIT
de,ADP,case,SEN:2,e05p-003,LIT
tarifs,NOUN,obj,SEN:2,e05p-003,LIT
avantageux,ADJ,amod,SEN:2,e05p-003,LIT
sur,ADP,case,SEN:2,e05p-003,LIT
le,DET,det,SEN:2,e05p-003,LIT
port,NOUN,obl:mod,SEN:2,e05p-003,LIT
Bonnes,PROPN,nmod,SEN:2,e05p-003,LIT
enchères,ADJ,amod,SEN:2,e05p-003,LIT
à,ADP,obj,SEN:2,e05p-003,LIT
tous,ADJ,conj,SEN:2,e05p-003,LIT
LOT,NOUN,ROOT,SEN:0,e05p-004,LIT
DE,ADP,case,SEN:0,e05p-004,LIT
DEUX,NUM,nummod,SEN:0,e05p-004,LIT
ANCIENNES,ADJ,nmod,SEN:0,e05p-004,LIT
LAMPES,PROPN,nmod,SEN:0,e05p-004,LIT
A,NOUN,amod,SEN:0,e05p-004,LIT
RAFAICHIR,PROPN,ROOT,SEN:0,e05p-004,LIT
POUR,ADP,case,SEN:0,e05p-004,LIT
AMATEUR,NOUN,obl:mod,SEN:0,e05p-004,LIT
D',ADP,case,SEN:0,e05p-004,LIT
OBJETS,NOUN,nmod,SEN:0,e05p-004,LIT
ANCIENS,ADJ,amod,SEN:0,e05p-004,LIT
COUP,NOUN,ROOT,SEN:0,e05p-005,LIT
DE,ADP,case,SEN:0,e05p-005,LIT
FOUDRE,PROPN,nmod,SEN:0,e05p-005,LIT
A,AUX,case,SEN:0,e05p-005,LIT
BOLLYWOOD,PROPN,ROOT,SEN:0,e05p-005,LIT
-,PUNCT,punct,SEN:0,e05p-005,LIT
Bride,PROPN,ROOT,SEN:0,e05p-005,LIT
and,X,amod,SEN:0,e05p-005,LIT
Prejudice,NOUN,flat:name,SEN:0,e05p-005,LIT
DVD,PROPN,nmod,SEN:0,e05p-005,LIT
2004,NUM,nmod,SEN:0,e05p-005,LIT
Film,NOUN,ROOT,SEN:0,e05p-005,LIT
en,ADP,case,SEN:0,e05p-005,LIT
VO,NOUN,nmod,SEN:0,e05p-005,LIT
soustitré,VERB,amod,SEN:0,e05p-005,LIT
Français,NOUN,nmod,SEN:0,e05p-005,LIT
et,CCONJ,cc,SEN:0,e05p-005,LIT
Anglais,PROPN,conj,SEN:0,e05p-005,LIT
Avec,ADP,case,SEN:0,e05p-005,LIT
Aishwarya,PROPN,nmod,SEN:0,e05p-005,LIT
Rai,PROPN,nmod,SEN:0,e05p-005,LIT
et,CCONJ,cc,SEN:0,e05p-005,LIT
Martin,PROPN,conj,SEN:0,e05p-005,LIT
Anderson,PROPN,flat:name,SEN:0,e05p-005,LIT
",",PUNCT,punct,SEN:0,e05p-005,LIT
de,ADP,case,SEN:0,e05p-005,LIT
Gurinder,PROPN,nmod,SEN:0,e05p-005,LIT
Chadha,PROPN,flat:name,SEN:0,e05p-005,LIT
.,PUNCT,punct,SEN:0,e05p-005,LIT
Adaptation,NOUN,ROOT,SEN:1,e05p-005,LIT
de,ADP,case,SEN:1,e05p-005,LIT
l',DET,det,SEN:1,e05p-005,LIT
oeuvre,NOUN,nmod,SEN:1,e05p-005,LIT
littéraire,ADJ,amod,SEN:1,e05p-005,LIT
Pride,X,amod,SEN:1,e05p-005,LIT
and,X,amod,SEN:1,e05p-005,LIT
Prejudice,NOUN,nmod,SEN:1,e05p-005,LIT
de,ADP,case,SEN:1,e05p-005,LIT
Jane,PROPN,nmod,SEN:1,e05p-005,LIT
Austen,PROPN,flat:name,SEN:1,e05p-005,LIT
.,PUNCT,punct,SEN:1,e05p-005,LIT
Nouveau,ADJ,amod,SEN:2,e05p-005,LIT
film,NOUN,ROOT,SEN:2,e05p-005,LIT
de,ADP,case,SEN:2,e05p-005,LIT
la,DET,det,SEN:2,e05p-005,LIT
réalisatrice,NOUN,nmod,SEN:2,e05p-005,LIT
de,ADP,case,SEN:2,e05p-005,LIT
Bend,NOUN,nmod,SEN:2,e05p-005,LIT
it,CCONJ,det,SEN:2,e05p-005,LIT
like,ADJ,amod,SEN:2,e05p-005,LIT
Beckham,PROPN,appos,SEN:2,e05p-005,LIT
qui,PRON,nsubj,SEN:2,e05p-005,LIT
a,AUX,aux:tense,SEN:2,e05p-005,LIT
fait,VERB,acl:relcl,SEN:2,e05p-005,LIT
un,DET,det,SEN:2,e05p-005,LIT
carton,NOUN,obj,SEN:2,e05p-005,LIT
en,ADP,case,SEN:2,e05p-005,LIT
Angleterre,PROPN,obl:mod,SEN:2,e05p-005,LIT
.,PUNCT,punct,SEN:2,e05p-005,LIT
(,PUNCT,punct,SEN:3,e05p-005,LIT
tout,ADV,advmod,SEN:3,e05p-005,LIT
comme,ADP,case,SEN:3,e05p-005,LIT
Bride,PROPN,ROOT,SEN:3,e05p-005,LIT
et,CCONJ,cc,SEN:3,e05p-005,LIT
Prejudice,NOUN,conj,SEN:3,e05p-005,LIT
d',ADP,case,SEN:3,e05p-005,LIT
ailleurs,ADV,nmod,SEN:3,e05p-005,LIT
),PUNCT,punct,SEN:3,e05p-005,LIT
.,PUNCT,punct,SEN:3,e05p-005,LIT
A,AUX,mark,SEN:4,e05p-005,LIT
noter,VERB,ROOT,SEN:4,e05p-005,LIT
que,SCONJ,mark,SEN:4,e05p-005,LIT
le,DET,det,SEN:4,e05p-005,LIT
film,NOUN,nsubj,SEN:4,e05p-005,LIT
n',ADV,advmod,SEN:4,e05p-005,LIT
est,AUX,aux:tense,SEN:4,e05p-005,LIT
pas,ADV,advmod,SEN:4,e05p-005,LIT
encore,ADV,advmod,SEN:4,e05p-005,LIT
sorti,VERB,ccomp,SEN:4,e05p-005,LIT
en,ADP,case,SEN:4,e05p-005,LIT
dvd,PRON,obl:arg,SEN:4,e05p-005,LIT
en,ADP,case,SEN:4,e05p-005,LIT
France,PROPN,obl:mod,SEN:4,e05p-005,LIT
!,PUNCT,punct,SEN:4,e05p-005,LIT
C',PRON,nsubj,SEN:5,e05p-005,LIT
est,AUX,cop,SEN:5,e05p-005,LIT
l',DET,det,SEN:5,e05p-005,LIT
histoire,NOUN,ROOT,SEN:5,e05p-005,LIT
d',ADP,case,SEN:5,e05p-005,LIT
une,DET,det,SEN:5,e05p-005,LIT
femme,NOUN,nmod,SEN:5,e05p-005,LIT
qui,PRON,nsubj,SEN:5,e05p-005,LIT
veut,VERB,acl:relcl,SEN:5,e05p-005,LIT
marier,VERB,advmod,SEN:5,e05p-005,LIT
ses,DET,det,SEN:5,e05p-005,LIT
4,NUM,nummod,SEN:5,e05p-005,LIT
filles,NOUN,obj,SEN:5,e05p-005,LIT
...,PUNCT,punct,SEN:5,e05p-005,LIT
VEND,ADV,ROOT,SEN:0,e05p-006,LIT
LOT,NOUN,amod,SEN:0,e05p-006,LIT
DE,ADP,case,SEN:0,e05p-006,LIT
5,NUM,nummod,SEN:0,e05p-006,LIT
VOLUMES,NOUN,nmod,SEN:0,e05p-006,LIT
DES,ADP,case,SEN:0,e05p-006,LIT
PERSONNAGES,PROPN,nmod,SEN:0,e05p-006,LIT
DES,ADP,case,SEN:0,e05p-006,LIT
LOONEY,PROPN,nmod,SEN:0,e05p-006,LIT
TUNES,PROPN,ROOT,SEN:0,e05p-006,LIT
(,PUNCT,ROOT,SEN:0,e05p-006,LIT
titi,PROPN,nsubj,SEN:0,e05p-006,LIT
",",PUNCT,punct,SEN:0,e05p-006,LIT
gros,ADJ,amod,SEN:0,e05p-006,LIT
minet,NOUN,conj,SEN:0,e05p-006,LIT
",",PUNCT,punct,SEN:0,e05p-006,LIT
daffy,NOUN,nsubj,SEN:0,e05p-006,LIT
duck,ADJ,ROOT,SEN:0,e05p-006,LIT
",",PUNCT,punct,SEN:0,e05p-006,LIT
etc,ADP,conj,SEN:0,e05p-006,LIT
...,PUNCT,punct,SEN:0,e05p-006,LIT
),PUNCT,punct,SEN:0,e05p-006,LIT
en,ADP,case,SEN:1,e05p-006,LIT
tout,ADV,obl:mod,SEN:1,e05p-006,LIT
plus,ADV,advmod,SEN:1,e05p-006,LIT
de,ADP,case,SEN:1,e05p-006,LIT
62,NUM,nummod,SEN:1,e05p-006,LIT
personnages,NOUN,obl:arg,SEN:1,e05p-006,LIT
TOUT,PRON,amod,SEN:1,e05p-006,LIT
SAVOIR,NOUN,ROOT,SEN:1,e05p-006,LIT
SUR,ADP,case,SEN:1,e05p-006,LIT
LES,DET,det,SEN:1,e05p-006,LIT
PERSONNAGES,NOUN,ROOT,SEN:1,e05p-006,LIT
DES,ADP,case,SEN:1,e05p-006,LIT
LOONEY,PROPN,nmod,SEN:1,e05p-006,LIT
TUNES,PROPN,nmod,SEN:1,e05p-006,LIT
",",PUNCT,punct,SEN:1,e05p-006,LIT
CONNAITRE,ADJ,nmod,SEN:1,e05p-006,LIT
LEUR,DET,det,SEN:1,e05p-006,LIT
ANNEE,NOUN,ROOT,SEN:1,e05p-006,LIT
DE,ADP,case,SEN:1,e05p-006,LIT
CREATION,NOUN,nmod,SEN:1,e05p-006,LIT
ET,CCONJ,cc,SEN:1,e05p-006,LIT
PLEIN,NOUN,conj,SEN:1,e05p-006,LIT
D',ADP,case,SEN:1,e05p-006,LIT
AUTRES,ADJ,amod,SEN:1,e05p-006,LIT
CHOSES,NOUN,nmod,SEN:1,e05p-006,LIT
Vds,PROPN,nsubj,SEN:0,e05p-007,ORAL
Superbe,PROPN,flat:name,SEN:0,e05p-007,ORAL
pièce,NOUN,ROOT,SEN:0,e05p-007,ORAL
de,ADP,case,SEN:0,e05p-007,ORAL
20,NUM,nummod,SEN:0,e05p-007,ORAL
Frs,PROPN,nmod,SEN:0,e05p-007,ORAL
*,DET,dep,SEN:0,e05p-007,ORAL
Année,NOUN,ROOT,SEN:1,e05p-007,LIT
1994,NUM,nummod,SEN:1,e05p-007,LIT
",",PUNCT,punct,SEN:1,e05p-007,LIT
avec,ADP,case,SEN:1,e05p-007,LIT
Abeille,PROPN,nmod,SEN:1,e05p-007,LIT
Les,DET,det,SEN:1,e05p-007,LIT
photos,NOUN,nsubj,SEN:1,e05p-007,LIT
sont,AUX,aux:pass,SEN:1,e05p-007,LIT
faites,VERB,ROOT,SEN:1,e05p-007,LIT
de,ADP,case,SEN:1,e05p-007,LIT
façon,NOUN,obl:mod,SEN:1,e05p-007,LIT
à,ADP,case,SEN:1,e05p-007,LIT
ce,PRON,obl:arg,SEN:1,e05p-007,LIT
que,PRON,mark,SEN:1,e05p-007,LIT
vous,PRON,nsubj,SEN:1,e05p-007,LIT
puissiez,VERB,acl,SEN:1,e05p-007,LIT
bien,ADV,advmod,SEN:1,e05p-007,LIT
voir,VERB,xcomp,SEN:1,e05p-007,LIT
les,DET,det,SEN:1,e05p-007,LIT
deux,NUM,nummod,SEN:1,e05p-007,LIT
facettes,NOUN,obj,SEN:1,e05p-007,LIT
de,ADP,case,SEN:1,e05p-007,LIT
cette,DET,det,SEN:1,e05p-007,LIT
belle,ADJ,amod,SEN:1,e05p-007,LIT
pièce,NOUN,nmod,SEN:1,e05p-007,LIT
de,ADP,case,SEN:1,e05p-007,LIT
20,NUM,nummod,SEN:1,e05p-007,LIT
Frs,PROPN,nmod,SEN:1,e05p-007,LIT
A,AUX,aux:tense,SEN:1,e05p-007,LIT
saisir,VERB,xcomp,SEN:1,e05p-007,LIT
",",PUNCT,punct,SEN:1,e05p-007,LIT
très,ADV,advmod,SEN:1,e05p-007,LIT
RARE,PROPN,obj,SEN:1,e05p-007,LIT
sur,ADP,case,SEN:1,e05p-007,LIT
le,DET,det,SEN:1,e05p-007,LIT
marché,NOUN,obl:mod,SEN:1,e05p-007,LIT
!,PUNCT,punct,SEN:1,e05p-007,LIT
*,DET,ROOT,SEN:2,e05p-007,ORAL
Je,PRON,nsubj,SEN:3,e05p-007,LIT
lance,VERB,ROOT,SEN:3,e05p-007,LIT
la,DET,det,SEN:3,e05p-007,LIT
vente,NOUN,obj,SEN:3,e05p-007,LIT
au,ADP,case,SEN:3,e05p-007,LIT
prix,NOUN,nmod,SEN:3,e05p-007,LIT
d'1,VERB,acl,SEN:3,e05p-007,LIT
euro,ADJ,xcomp,SEN:3,e05p-007,LIT
",",PUNCT,punct,SEN:3,e05p-007,LIT
sans,ADP,case,SEN:3,e05p-007,LIT
prix,NOUN,obl:mod,SEN:3,e05p-007,LIT
de,ADP,case,SEN:3,e05p-007,LIT
réserve,VERB,nmod,SEN:3,e05p-007,LIT
*,DET,punct,SEN:3,e05p-007,LIT
bonnes,ADJ,amod,SEN:4,e05p-007,ORAL
enchères,NOUN,ROOT,SEN:4,e05p-007,ORAL
à,ADP,case,SEN:4,e05p-007,ORAL
tous,PRON,nmod,SEN:4,e05p-007,ORAL
.,PUNCT,punct,SEN:4,e05p-007,ORAL
*,DET,ROOT,SEN:5,e05p-007,ORAL
Pour,ADP,case,SEN:6,e05p-007,LIT
toutes,DET,det,SEN:6,e05p-007,LIT
questions,NOUN,obl:mod,SEN:6,e05p-007,LIT
n',ADV,advmod,SEN:6,e05p-007,LIT
hésitez,VERB,ROOT,SEN:6,e05p-007,LIT
pas,ADV,advmod,SEN:6,e05p-007,LIT
à,ADP,mark,SEN:6,e05p-007,LIT
me,PRON,expl:comp,SEN:6,e05p-007,LIT
contacter,VERB,xcomp,SEN:6,e05p-007,LIT
concernant,VERB,xcomp,SEN:6,e05p-007,LIT
cet,DET,det,SEN:6,e05p-007,LIT
objet,NOUN,obj,SEN:6,e05p-007,LIT
!,PUNCT,punct,SEN:6,e05p-007,LIT
Je,PRON,nsubj,SEN:0,e05p-008,ORAL
vend,VERB,ROOT,SEN:0,e05p-008,ORAL
mon,DET,det,SEN:0,e05p-008,ORAL
échappement,NOUN,obj,SEN:0,e05p-008,ORAL
de,ADP,case,SEN:0,e05p-008,ORAL
moto,NOUN,obl:arg,SEN:0,e05p-008,ORAL
BANDIT,PROPN,amod,SEN:0,e05p-008,ORAL
600,NUM,xcomp,SEN:0,e05p-008,ORAL
.,PUNCT,punct,SEN:0,e05p-008,ORAL
Etat,NOUN,obl:mod,SEN:1,e05p-008,ORAL
neuf,ADJ,amod,SEN:1,e05p-008,ORAL
",",PUNCT,punct,SEN:1,e05p-008,ORAL
servi,VERB,ROOT,SEN:1,e05p-008,ORAL
.,PUNCT,punct,SEN:1,e05p-008,ORAL
En,ADP,case,SEN:2,e05p-008,LIT
effet,NOUN,ROOT,SEN:2,e05p-008,LIT
",",PUNCT,punct,SEN:2,e05p-008,LIT
lors,ADV,advmod,SEN:2,e05p-008,LIT
de,ADP,case,SEN:2,e05p-008,LIT
l',DET,det,SEN:2,e05p-008,LIT
achat,NOUN,obl:arg,SEN:2,e05p-008,LIT
de,ADP,case,SEN:2,e05p-008,LIT
la,DET,det,SEN:2,e05p-008,LIT
moto,NOUN,nmod,SEN:2,e05p-008,LIT
il,PRON,expl:subj,SEN:2,e05p-008,LIT
y,PRON,iobj,SEN:2,e05p-008,LIT
a,VERB,obl:mod,SEN:2,e05p-008,LIT
1,NUM,nummod,SEN:2,e05p-008,LIT
an,NOUN,obj,SEN:2,e05p-008,LIT
",",PUNCT,punct,SEN:2,e05p-008,LIT
j',PRON,conj,SEN:2,e05p-008,LIT
ai,AUX,punct,SEN:2,e05p-008,LIT
fais,ADV,ROOT,SEN:2,e05p-008,LIT
placer,VERB,ROOT,SEN:2,e05p-008,LIT
un,DET,det,SEN:2,e05p-008,LIT
pot,NOUN,obj,SEN:2,e05p-008,LIT
ninja,ADJ,advmod,SEN:2,e05p-008,LIT
dessus,ADJ,amod,SEN:2,e05p-008,LIT
.,PUNCT,ROOT,SEN:2,e05p-008,LIT
super,NOUN,ROOT,SEN:0,e05p-009,LIT
pantacourt,ADJ,amod,SEN:0,e05p-009,LIT
de,ADP,case,SEN:0,e05p-009,LIT
marque,NOUN,obl:mod,SEN:0,e05p-009,LIT
dickies,ADJ,amod,SEN:0,e05p-009,LIT
taille,ADJ,amod,SEN:0,e05p-009,LIT
w30,NOUN,ROOT,SEN:0,e05p-009,LIT
etat,NOUN,punct,SEN:0,e05p-009,LIT
impeccable,ADJ,amod,SEN:0,e05p-009,LIT
Exceptionnel,ADJ,nsubj,SEN:0,e05p-010,LIT
tableau,NOUN,ROOT,SEN:0,e05p-010,LIT
de,ADP,case,SEN:0,e05p-010,LIT
Henri,PROPN,nmod,SEN:0,e05p-010,LIT
Simon,PROPN,flat:name,SEN:0,e05p-010,LIT
(,PUNCT,punct,SEN:0,e05p-010,LIT
né,VERB,acl,SEN:0,e05p-010,LIT
en,ADP,case,SEN:0,e05p-010,LIT
1910,NUM,obl:mod,SEN:0,e05p-010,LIT
à,ADP,case,SEN:0,e05p-010,LIT
St,PROPN,obl:mod,SEN:0,e05p-010,LIT
Hilaire,PROPN,flat:name,SEN:0,e05p-010,LIT
de,ADP,case,SEN:0,e05p-010,LIT
Riez,PROPN,nmod,SEN:0,e05p-010,LIT
en,ADP,case,SEN:0,e05p-010,LIT
Vendée,PROPN,nmod,SEN:0,e05p-010,LIT
-décédé,VERB,acl,SEN:0,e05p-010,LIT
en,ADP,case,SEN:0,e05p-010,LIT
1987,NUM,obl:mod,SEN:0,e05p-010,LIT
),PUNCT,punct,SEN:0,e05p-010,LIT
-,PUNCT,punct,SEN:0,e05p-010,LIT
Peinture,PROPN,advmod,SEN:0,e05p-010,LIT
à,ADP,case,SEN:0,e05p-010,LIT
l',DET,det,SEN:0,e05p-010,LIT
huile,NOUN,ROOT,SEN:0,e05p-010,LIT
sur,ADP,mark,SEN:0,e05p-010,LIT
toile,X,nmod,SEN:0,e05p-010,LIT
Hauteur,NOUN,obj,SEN:0,e05p-010,LIT
60,NUM,nummod,SEN:0,e05p-010,LIT
cm,NOUN,obj,SEN:0,e05p-010,LIT
Largeur,PROPN,case,SEN:0,e05p-010,LIT
73,NUM,nummod,SEN:0,e05p-010,LIT
cm,NOUN,obl:mod,SEN:0,e05p-010,LIT
-,NOUN,flat:name,SEN:0,e05p-010,LIT
état,NOUN,obj,SEN:0,e05p-010,LIT
superbe,NOUN,nsubj,SEN:0,e05p-010,LIT
-,PUNCT,punct,SEN:0,e05p-010,LIT
Peintre,PROPN,ROOT,SEN:0,e05p-010,LIT
référencé,VERB,flat:name,SEN:0,e05p-010,LIT
-,PUNCT,ROOT,SEN:0,e05p-010,LIT
Livraison,PROPN,ROOT,SEN:0,e05p-010,LIT
sur,ADP,case,SEN:0,e05p-010,LIT
Paris,PROPN,nmod,SEN:0,e05p-010,LIT
possible,ADJ,ROOT,SEN:0,e05p-010,LIT
30,NUM,nummod,SEN:0,e05p-010,LIT
euros,NOUN,nsubj,SEN:0,e05p-010,LIT
autres,ADJ,amod,SEN:0,e05p-010,LIT
destinations,NOUN,appos,SEN:0,e05p-010,LIT
nous,PRON,iobj,SEN:0,e05p-010,LIT
consulter,VERB,ROOT,SEN:0,e05p-010,LIT
envoi,VERB,cop,SEN:0,e05p-010,LIT
possible,ADJ,xcomp,SEN:0,e05p-010,LIT
-,PUNCT,punct,SEN:0,e05p-010,LIT
1,NUM,nummod,SEN:0,e05p-010,LIT
euro,NOUN,ROOT,SEN:0,e05p-010,LIT
sans,ADP,case,SEN:0,e05p-010,LIT
réserve,NOUN,nmod,SEN:0,e05p-010,LIT
Hey,PROPN,nsubj,SEN:0,cmr-88milsms-a1,ORAL
ca,ADP,punct,SEN:0,cmr-88milsms-a1,ORAL
va,VERB,ROOT,SEN:0,cmr-88milsms-a1,ORAL
?,PUNCT,punct,SEN:0,cmr-88milsms-a1,ORAL
Alors,ADV,advmod,SEN:1,cmr-88milsms-a1,ORAL
cette,DET,det,SEN:1,cmr-88milsms-a1,ORAL
rentree,NOUN,ROOT,SEN:1,cmr-88milsms-a1,ORAL
?,PUNCT,punct,SEN:1,cmr-88milsms-a1,ORAL
Va,VERB,ROOT,SEN:2,cmr-88milsms-a1,LIT
falloir,VERB,xcomp,SEN:2,cmr-88milsms-a1,LIT
se,PRON,expl:comp,SEN:2,cmr-88milsms-a1,LIT
trouver,VERB,xcomp,SEN:2,cmr-88milsms-a1,LIT
un,DET,det,SEN:2,cmr-88milsms-a1,LIT
p',NOUN,cc,SEN:2,cmr-88milsms-a1,LIT
tit,ADJ,advmod,SEN:2,cmr-88milsms-a1,LIT
creneau,NOUN,obj,SEN:2,cmr-88milsms-a1,LIT
pour,ADP,mark,SEN:2,cmr-88milsms-a1,LIT
se,PRON,obj,SEN:2,cmr-88milsms-a1,LIT
voir,VERB,advcl,SEN:2,cmr-88milsms-a1,LIT
!,PUNCT,punct,SEN:2,cmr-88milsms-a1,LIT
Dis,PROPN,det,SEN:3,cmr-88milsms-a1,ORAL
moi,PRON,ROOT,SEN:3,cmr-88milsms-a1,ORAL
",",PUNCT,punct,SEN:3,cmr-88milsms-a1,ORAL
est,AUX,ROOT,SEN:3,cmr-88milsms-a1,ORAL
-ce,PRON,dep,SEN:3,cmr-88milsms-a1,ORAL
que,SCONJ,mark,SEN:4,cmr-88milsms-a1,LIT
tu,PRON,expl:subj,SEN:4,cmr-88milsms-a1,LIT
sais,VERB,ROOT,SEN:4,cmr-88milsms-a1,LIT
quand,SCONJ,mark,SEN:4,cmr-88milsms-a1,LIT
commence,VERB,xcomp,SEN:4,cmr-88milsms-a1,LIT
les,DET,det,SEN:4,cmr-88milsms-a1,LIT
cours,NOUN,nsubj,SEN:4,cmr-88milsms-a1,LIT
de,ADP,case,SEN:4,cmr-88milsms-a1,LIT
langue,NOUN,nmod,SEN:4,cmr-88milsms-a1,LIT
non,ADV,advmod,SEN:4,cmr-88milsms-a1,LIT
specialiste,ADJ,amod,SEN:4,cmr-88milsms-a1,LIT
?,PUNCT,punct,SEN:4,cmr-88milsms-a1,LIT
Bisoux,PROPN,ROOT,SEN:5,cmr-88milsms-a1,LIT
Ok,VERB,ROOT,SEN:0,cmr-88milsms-a2,ORAL
super,VERB,xcomp,SEN:0,cmr-88milsms-a2,ORAL
merci,NOUN,nmod,SEN:0,cmr-88milsms-a2,ORAL
!,PUNCT,punct,SEN:0,cmr-88milsms-a2,ORAL
Oui,PROPN,nsubj,SEN:1,cmr-88milsms-a2,LIT
j',PRON,nsubj,SEN:1,cmr-88milsms-a2,LIT
y,PRON,iobj,SEN:1,cmr-88milsms-a2,LIT
comprends,ADJ,nmod,SEN:1,cmr-88milsms-a2,LIT
rien,PRON,obj,SEN:1,cmr-88milsms-a2,LIT
du,ADP,case,SEN:1,cmr-88milsms-a2,LIT
tout,PRON,amod,SEN:1,cmr-88milsms-a2,LIT
moi,PRON,nmod,SEN:1,cmr-88milsms-a2,LIT
a,VERB,aux:tense,SEN:1,cmr-88milsms-a2,LIT
cette,DET,det,SEN:1,cmr-88milsms-a2,LIT
fac,NOUN,obj,SEN:1,cmr-88milsms-a2,LIT
:p,PUNCT,punct,SEN:1,cmr-88milsms-a2,LIT
J',PRON,obj,SEN:1,cmr-88milsms-a2,LIT
irai,VERB,ROOT,SEN:1,cmr-88milsms-a2,LIT
me,PRON,expl:comp,SEN:1,cmr-88milsms-a2,LIT
renseigner,VERB,xcomp,SEN:1,cmr-88milsms-a2,LIT
aussi,ADV,advmod,SEN:1,cmr-88milsms-a2,LIT
(,PUNCT,punct,SEN:1,cmr-88milsms-a2,LIT
si,SCONJ,mark,SEN:1,cmr-88milsms-a2,LIT
j',PRON,nsubj,SEN:1,cmr-88milsms-a2,LIT
trouve,VERB,advcl,SEN:1,cmr-88milsms-a2,LIT
le,DET,det,SEN:1,cmr-88milsms-a2,LIT
batiment,NOUN,obj,SEN:1,cmr-88milsms-a2,LIT
:),ADJ,amod,SEN:1,cmr-88milsms-a2,LIT
),PUNCT,punct,SEN:1,cmr-88milsms-a2,LIT
Merci,NOUN,ROOT,SEN:1,cmr-88milsms-a2,LIT
encore,ADV,advmod,SEN:1,cmr-88milsms-a2,LIT
!,PUNCT,punct,SEN:1,cmr-88milsms-a2,LIT
Bonne,ADJ,amod,SEN:2,cmr-88milsms-a2,ORAL
soiree,NOUN,ROOT,SEN:2,cmr-88milsms-a2,ORAL
bisoux,NOUN,amod,SEN:2,cmr-88milsms-a2,ORAL
!,PUNCT,punct,SEN:2,cmr-88milsms-a2,ORAL
Coucou,PROPN,ROOT,SEN:0,cmr-88milsms-a3,ORAL
!,PUNCT,punct,SEN:0,cmr-88milsms-a3,ORAL
C',PRON,expl:subj,SEN:1,cmr-88milsms-a3,ORAL
est,AUX,cop,SEN:1,cmr-88milsms-a3,ORAL
quand,SCONJ,mark,SEN:1,cmr-88milsms-a3,ORAL
la,DET,det,SEN:1,cmr-88milsms-a3,ORAL
feria,NOUN,ROOT,SEN:1,cmr-88milsms-a3,ORAL
de,ADP,case,SEN:1,cmr-88milsms-a3,ORAL
Nimes,PROPN,nmod,SEN:1,cmr-88milsms-a3,ORAL
?,PUNCT,punct,SEN:1,cmr-88milsms-a3,ORAL
J',PRON,nsubj,SEN:2,cmr-88milsms-a3,LIT
suis,AUX,cop,SEN:2,cmr-88milsms-a3,LIT
pas,ADV,advmod,SEN:2,cmr-88milsms-a3,LIT
bien,ADV,advmod,SEN:2,cmr-88milsms-a3,LIT
sure,NOUN,ROOT,SEN:2,cmr-88milsms-a3,LIT
de,ADP,mark,SEN:2,cmr-88milsms-a3,LIT
la,PRON,obj,SEN:2,cmr-88milsms-a3,LIT
faire,VERB,xcomp,SEN:2,cmr-88milsms-a3,LIT
mais,CCONJ,cc,SEN:2,cmr-88milsms-a3,LIT
pourquoi,ADV,conj,SEN:2,cmr-88milsms-a3,LIT
pas,ADV,advmod,SEN:2,cmr-88milsms-a3,LIT
!,PUNCT,punct,SEN:2,cmr-88milsms-a3,LIT
Sinon,ADV,advmod,SEN:3,cmr-88milsms-a3,LIT
oui,NOUN,fixed,SEN:3,cmr-88milsms-a3,LIT
",",PUNCT,punct,SEN:3,cmr-88milsms-a3,LIT
j',PRON,nsubj,SEN:3,cmr-88milsms-a3,LIT
profite,VERB,ROOT,SEN:3,cmr-88milsms-a3,LIT
de,ADP,case,SEN:3,cmr-88milsms-a3,LIT
ma,DET,det,SEN:3,cmr-88milsms-a3,LIT
derniere,NOUN,obl:mod,SEN:3,cmr-88milsms-a3,LIT
semaine,NOUN,amod,SEN:3,cmr-88milsms-a3,LIT
de,ADP,case,SEN:3,cmr-88milsms-a3,LIT
vacance,NOUN,nmod,SEN:3,cmr-88milsms-a3,LIT
!,PUNCT,punct,SEN:3,cmr-88milsms-a3,LIT
Bon,PROPN,ROOT,SEN:4,cmr-88milsms-a3,ORAL
courage,NOUN,flat:name,SEN:4,cmr-88milsms-a3,ORAL
!,PUNCT,punct,SEN:4,cmr-88milsms-a3,ORAL
Bisoux,PROPN,ROOT,SEN:5,cmr-88milsms-a3,LIT
Coucou,NOUN,nsubj,SEN:0,cmr-88milsms-a4,ORAL
:),PUNCT,punct,SEN:0,cmr-88milsms-a4,ORAL
Oui,PROPN,nmod,SEN:0,cmr-88milsms-a4,ORAL
ca,PROPN,punct,SEN:0,cmr-88milsms-a4,ORAL
c',PRON,nsubj,SEN:0,cmr-88milsms-a4,ORAL
est,AUX,cop,SEN:0,cmr-88milsms-a4,ORAL
bien,ADV,advmod,SEN:0,cmr-88milsms-a4,ORAL
passe,VERB,ROOT,SEN:0,cmr-88milsms-a4,ORAL
!,PUNCT,punct,SEN:0,cmr-88milsms-a4,ORAL
Alors,ADV,advmod,SEN:1,cmr-88milsms-a4,ORAL
je,PRON,nsubj,SEN:1,cmr-88milsms-a4,ORAL
sais,VERB,ROOT,SEN:1,cmr-88milsms-a4,ORAL
pas,ADV,advmod,SEN:1,cmr-88milsms-a4,ORAL
du,ADP,case,SEN:1,cmr-88milsms-a4,ORAL
tout,NOUN,obl:arg,SEN:1,cmr-88milsms-a4,ORAL
pour,ADP,case,SEN:1,cmr-88milsms-a4,ORAL
jeudi,NOUN,obl:mod,SEN:1,cmr-88milsms-a4,ORAL
soir,NOUN,nmod,SEN:1,cmr-88milsms-a4,ORAL
...,PUNCT,punct,SEN:1,cmr-88milsms-a4,ORAL
Non,ADV,advmod,SEN:2,cmr-88milsms-a4,LIT
pas,ADV,fixed,SEN:2,cmr-88milsms-a4,LIT
que,SCONJ,mark,SEN:2,cmr-88milsms-a4,LIT
je,PRON,nsubj,SEN:2,cmr-88milsms-a4,LIT
veuille,VERB,ROOT,SEN:2,cmr-88milsms-a4,LIT
pas,ADV,advmod,SEN:2,cmr-88milsms-a4,LIT
mais,CCONJ,cc,SEN:2,cmr-88milsms-a4,LIT
je,PRON,nsubj,SEN:2,cmr-88milsms-a4,LIT
suis,AUX,cop,SEN:2,cmr-88milsms-a4,LIT
pas,ADV,advmod,SEN:2,cmr-88milsms-a4,LIT
sure,VERB,conj,SEN:2,cmr-88milsms-a4,LIT
d',ADP,mark,SEN:2,cmr-88milsms-a4,LIT
etre,VERB,xcomp,SEN:2,cmr-88milsms-a4,LIT
sur,ADP,case,SEN:2,cmr-88milsms-a4,LIT
Montpel,PROPN,obl:arg,SEN:2,cmr-88milsms-a4,LIT
.,PUNCT,punct,SEN:2,cmr-88milsms-a4,LIT
J',PRON,nsubj,SEN:3,cmr-88milsms-a4,LIT
y,PRON,expl:comp,SEN:3,cmr-88milsms-a4,LIT
serai,ADV,ROOT,SEN:3,cmr-88milsms-a4,LIT
de,ADP,fixed,SEN:3,cmr-88milsms-a4,LIT
sur,ADP,mark,SEN:3,cmr-88milsms-a4,LIT
qu',PRON,advmod,SEN:3,cmr-88milsms-a4,LIT
a,AUX,dep,SEN:3,cmr-88milsms-a4,LIT
partir,VERB,fixed,SEN:3,cmr-88milsms-a4,LIT
de,ADP,case,SEN:3,cmr-88milsms-a4,LIT
lundi,NOUN,obl:mod,SEN:3,cmr-88milsms-a4,LIT
prochain,ADJ,amod,SEN:3,cmr-88milsms-a4,LIT
car,CCONJ,cc,SEN:3,cmr-88milsms-a4,LIT
je,PRON,nsubj,SEN:3,cmr-88milsms-a4,LIT
commence,VERB,ROOT,SEN:3,cmr-88milsms-a4,LIT
les,DET,det,SEN:3,cmr-88milsms-a4,LIT
cours,NOUN,obj,SEN:3,cmr-88milsms-a4,LIT
...,PUNCT,punct,SEN:3,cmr-88milsms-a4,LIT
On,PRON,nsubj,SEN:0,cmr-88milsms-a5,ORAL
peut,VERB,ROOT,SEN:0,cmr-88milsms-a5,ORAL
se,PRON,expl:comp,SEN:0,cmr-88milsms-a5,ORAL
rejoindre,VERB,xcomp,SEN:0,cmr-88milsms-a5,ORAL
quelque,DET,det,SEN:0,cmr-88milsms-a5,ORAL
part,NOUN,obl:mod,SEN:0,cmr-88milsms-a5,ORAL
?,PUNCT,punct,SEN:0,cmr-88milsms-a5,ORAL
Tu,SCONJ,ROOT,SEN:1,cmr-88milsms-a5,ORAL
as,PRON,expl:subj,SEN:1,cmr-88milsms-a5,ORAL
cours,NOUN,conj,SEN:1,cmr-88milsms-a5,ORAL
ou,CCONJ,fixed,SEN:1,cmr-88milsms-a5,ORAL
?,PUNCT,punct,SEN:1,cmr-88milsms-a5,ORAL
Encore,ADV,advmod,SEN:0,cmr-88milsms-a6,ORAL
moi,PRON,ROOT,SEN:0,cmr-88milsms-a6,ORAL
...,PUNCT,punct,SEN:0,cmr-88milsms-a6,ORAL
J',PRON,nsubj,SEN:1,cmr-88milsms-a6,LIT
te,VERB,expl:comp,SEN:1,cmr-88milsms-a6,LIT
harcele,VERB,ROOT,SEN:1,cmr-88milsms-a6,LIT
",",PUNCT,punct,SEN:1,cmr-88milsms-a6,LIT
oui,NOUN,advcl,SEN:1,cmr-88milsms-a6,LIT
oui,NOUN,nmod,SEN:1,cmr-88milsms-a6,LIT
et,CCONJ,cc,SEN:1,cmr-88milsms-a6,LIT
j',PRON,nsubj,SEN:1,cmr-88milsms-a6,LIT
assume,VERB,conj,SEN:1,cmr-88milsms-a6,LIT
:),PUNCT,punct,SEN:1,cmr-88milsms-a6,LIT
Juste,ADV,advmod,SEN:1,cmr-88milsms-a6,LIT
j',PRON,nsubj,SEN:1,cmr-88milsms-a6,LIT
te,VERB,advmod,SEN:1,cmr-88milsms-a6,LIT
tiens,VERB,acl,SEN:1,cmr-88milsms-a6,LIT
au,ADP,case,SEN:1,cmr-88milsms-a6,LIT
courant,NOUN,obl:arg,SEN:1,cmr-88milsms-a6,LIT
.,PUNCT,punct,SEN:1,cmr-88milsms-a6,LIT
On,PRON,nsubj,SEN:2,cmr-88milsms-a6,ORAL
sera,VERB,ROOT,SEN:2,cmr-88milsms-a6,ORAL
4,NUM,obl:mod,SEN:2,cmr-88milsms-a6,ORAL
.,PUNCT,punct,SEN:2,cmr-88milsms-a6,ORAL
Toi,PROPN,ROOT,SEN:3,cmr-88milsms-a6,LIT
",",PUNCT,punct,SEN:3,cmr-88milsms-a6,LIT
[,PUNCT,punct,SEN:3,cmr-88milsms-a6,LIT
_,PROPN,ROOT,SEN:3,cmr-88milsms-a6,LIT
forename,NOUN,nmod,SEN:3,cmr-88milsms-a6,LIT
_,ADJ,amod,SEN:3,cmr-88milsms-a6,LIT
],PUNCT,punct,SEN:3,cmr-88milsms-a6,LIT
",",PUNCT,punct,SEN:3,cmr-88milsms-a6,LIT
[,PUNCT,punct,SEN:3,cmr-88milsms-a6,LIT
_,PROPN,nsubj,SEN:3,cmr-88milsms-a6,LIT
forename,NOUN,nmod,SEN:3,cmr-88milsms-a6,LIT
_,ADJ,amod,SEN:3,cmr-88milsms-a6,LIT
],PUNCT,punct,SEN:3,cmr-88milsms-a6,LIT
et,CCONJ,cc,SEN:3,cmr-88milsms-a6,LIT
moi,PRON,conj,SEN:3,cmr-88milsms-a6,LIT
a,AUX,aux:tense,SEN:3,cmr-88milsms-a6,LIT
participer,VERB,ROOT,SEN:3,cmr-88milsms-a6,LIT
.,PUNCT,punct,SEN:3,cmr-88milsms-a6,LIT
On,PRON,nsubj,SEN:4,cmr-88milsms-a6,ORAL
t',PRON,dep,SEN:4,cmr-88milsms-a6,ORAL
avance,NOUN,ROOT,SEN:4,cmr-88milsms-a6,ORAL
?,PUNCT,punct,SEN:4,cmr-88milsms-a6,ORAL
Dis,PROPN,ROOT,SEN:0,cmr-88milsms-a7,LIT
",",PUNCT,punct,SEN:0,cmr-88milsms-a7,LIT
pour,ADP,case,SEN:0,cmr-88milsms-a7,LIT
le,DET,det,SEN:0,cmr-88milsms-a7,LIT
premier,ADJ,amod,SEN:0,cmr-88milsms-a7,LIT
midi,VERB,obl:mod,SEN:0,cmr-88milsms-a7,LIT
on,PRON,nsubj,SEN:0,cmr-88milsms-a7,LIT
s',PRON,expl:comp,SEN:0,cmr-88milsms-a7,LIT
fait,VERB,parataxis,SEN:0,cmr-88milsms-a7,LIT
a,AUX,aux:tense,SEN:0,cmr-88milsms-a7,LIT
manger,VERB,xcomp,SEN:0,cmr-88milsms-a7,LIT
de,ADP,case,SEN:0,cmr-88milsms-a7,LIT
nous,PRON,obj,SEN:0,cmr-88milsms-a7,LIT
comme,ADP,mark,SEN:0,cmr-88milsms-a7,LIT
on,PRON,nsubj,SEN:0,cmr-88milsms-a7,LIT
avait,AUX,aux:tense,SEN:0,cmr-88milsms-a7,LIT
fait,VERB,advcl,SEN:0,cmr-88milsms-a7,LIT
y',ADV,case,SEN:0,cmr-88milsms-a7,LIT
a,VERB,fixed,SEN:0,cmr-88milsms-a7,LIT
deux,NUM,nummod,SEN:0,cmr-88milsms-a7,LIT
ans,NOUN,obj,SEN:0,cmr-88milsms-a7,LIT
?,PUNCT,punct,SEN:0,cmr-88milsms-a7,LIT
Ou,CCONJ,cc,SEN:1,cmr-88milsms-a7,LIT
vous,PRON,nsubj,SEN:1,cmr-88milsms-a7,LIT
allez,VERB,ROOT,SEN:1,cmr-88milsms-a7,LIT
acheter,VERB,xcomp,SEN:1,cmr-88milsms-a7,LIT
des,DET,det,SEN:1,cmr-88milsms-a7,LIT
trucs,NOUN,obj,SEN:1,cmr-88milsms-a7,LIT
pour,ADP,case,SEN:1,cmr-88milsms-a7,LIT
le,DET,det,SEN:1,cmr-88milsms-a7,LIT
samedi,NOUN,obl:mod,SEN:1,cmr-88milsms-a7,LIT
midi,ADJ,amod,SEN:1,cmr-88milsms-a7,LIT
?,PUNCT,punct,SEN:1,cmr-88milsms-a7,LIT
Biisoux,NOUN,ROOT,SEN:2,cmr-88milsms-a7,UNK
Hey,PROPN,ROOT,SEN:0,cmr-88milsms-a8,ORAL
hey,PROPN,fixed,SEN:0,cmr-88milsms-a8,ORAL
!,PUNCT,punct,SEN:0,cmr-88milsms-a8,ORAL
J',PRON,nsubj,SEN:1,cmr-88milsms-a8,LIT
te,AUX,nsubj,SEN:1,cmr-88milsms-a8,LIT
souhaite,VERB,ROOT,SEN:1,cmr-88milsms-a8,LIT
un,DET,det,SEN:1,cmr-88milsms-a8,LIT
tres,NOUN,obj,SEN:1,cmr-88milsms-a8,LIT
joyeux,ADJ,amod,SEN:1,cmr-88milsms-a8,LIT
n',ADV,advmod,SEN:1,cmr-88milsms-a8,LIT
anniversaire,NOUN,xcomp,SEN:1,cmr-88milsms-a8,LIT
!,PUNCT,punct,SEN:1,cmr-88milsms-a8,LIT
Profite,PROPN,ROOT,SEN:2,cmr-88milsms-a8,ORAL
bien,ADV,advmod,SEN:2,cmr-88milsms-a8,ORAL
de,ADP,case,SEN:2,cmr-88milsms-a8,ORAL
ta,DET,det,SEN:2,cmr-88milsms-a8,ORAL
journee,NOUN,obl:mod,SEN:2,cmr-88milsms-a8,ORAL
!,PUNCT,punct,SEN:2,cmr-88milsms-a8,ORAL
Le,DET,obj,SEN:3,cmr-88milsms-a8,LIT
[,PUNCT,punct,SEN:3,cmr-88milsms-a8,LIT
_,PRON,nsubj,SEN:3,cmr-88milsms-a8,LIT
nickname,VERB,advcl,SEN:3,cmr-88milsms-a8,LIT
_,ADJ,amod,SEN:3,cmr-88milsms-a8,LIT
],PUNCT,punct,SEN:3,cmr-88milsms-a8,LIT
te,PRON,nsubj,SEN:3,cmr-88milsms-a8,LIT
souhaite,VERB,ROOT,SEN:3,cmr-88milsms-a8,LIT
aussi,ADV,advmod,SEN:3,cmr-88milsms-a8,LIT
un,DET,det,SEN:3,cmr-88milsms-a8,LIT
tres,NOUN,obj,SEN:3,cmr-88milsms-a8,LIT
joyeux,ADJ,amod,SEN:3,cmr-88milsms-a8,LIT
anniv,VERB,advmod,SEN:3,cmr-88milsms-a8,LIT
',PUNCT,punct,SEN:3,cmr-88milsms-a8,LIT
!,PUNCT,punct,SEN:3,cmr-88milsms-a8,LIT
Bisoux,PROPN,ROOT,SEN:4,cmr-88milsms-a8,LIT
Je,PRON,nsubj,SEN:0,cmr-88milsms-a9,ORAL
suis,AUX,cop,SEN:0,cmr-88milsms-a9,ORAL
desolee,VERB,ROOT,SEN:0,cmr-88milsms-a9,ORAL
...,PUNCT,punct,SEN:0,cmr-88milsms-a9,ORAL
J',PRON,nsubj,SEN:1,cmr-88milsms-a9,LIT
avais,VERB,ROOT,SEN:1,cmr-88milsms-a9,LIT
pas,ADV,advmod,SEN:1,cmr-88milsms-a9,LIT
vu,VERB,xcomp,SEN:1,cmr-88milsms-a9,LIT
l',DET,det,SEN:1,cmr-88milsms-a9,LIT
heure,NOUN,obj,SEN:1,cmr-88milsms-a9,LIT
et,CCONJ,cc,SEN:1,cmr-88milsms-a9,LIT
pas,ADV,advmod,SEN:1,cmr-88milsms-a9,LIT
de,DET,det,SEN:1,cmr-88milsms-a9,LIT
portable,ADJ,conj,SEN:1,cmr-88milsms-a9,LIT
sur,ADP,case,SEN:1,cmr-88milsms-a9,LIT
moi,PRON,nmod,SEN:1,cmr-88milsms-a9,LIT
...,PUNCT,punct,SEN:1,cmr-88milsms-a9,LIT
Encore,ADV,advmod,SEN:2,cmr-88milsms-a9,ORAL
desolee,NOUN,ROOT,SEN:2,cmr-88milsms-a9,ORAL
...,PUNCT,punct,SEN:2,cmr-88milsms-a9,ORAL
Bisoux,PROPN,ROOT,SEN:3,cmr-88milsms-a9,LIT
Ah,NOUN,ROOT,SEN:0,cmr-88milsms-a10,ORAL
d',ADP,case,SEN:0,cmr-88milsms-a10,ORAL
accord,NOUN,nmod,SEN:0,cmr-88milsms-a10,ORAL
.,PUNCT,punct,SEN:0,cmr-88milsms-a10,ORAL
Ca,PRON,expl:subj,SEN:1,cmr-88milsms-a10,ORAL
me,PRON,expl:comp,SEN:1,cmr-88milsms-a10,ORAL
fait,VERB,ROOT,SEN:1,cmr-88milsms-a10,ORAL
vraiment,ADV,advmod,SEN:1,cmr-88milsms-a10,ORAL
plaisir,NOUN,obj,SEN:1,cmr-88milsms-a10,ORAL
.,PUNCT,punct,SEN:1,cmr-88milsms-a10,ORAL
Merci,NOUN,ROOT,SEN:2,cmr-88milsms-a10,ORAL
d',ADP,mark,SEN:2,cmr-88milsms-a10,ORAL
avoir,AUX,dep,SEN:2,cmr-88milsms-a10,ORAL
pense,NOUN,nmod,SEN:2,cmr-88milsms-a10,ORAL
a,AUX,aux:tense,SEN:2,cmr-88milsms-a10,ORAL
moi,PRON,nmod,SEN:2,cmr-88milsms-a10,ORAL
!,PUNCT,punct,SEN:2,cmr-88milsms-a10,ORAL
Je,PRON,nsubj,SEN:3,cmr-88milsms-a10,ORAL
vous,PRON,iobj,SEN:3,cmr-88milsms-a10,ORAL
fait,VERB,ROOT,SEN:3,cmr-88milsms-a10,ORAL
des,DET,case,SEN:3,cmr-88milsms-a10,ORAL
Bisous,NOUN,obj,SEN:3,cmr-88milsms-a10,ORAL
a,AUX,aux:tense,SEN:3,cmr-88milsms-a10,ORAL
vous,PRON,parataxis,SEN:3,cmr-88milsms-a10,ORAL
tous,ADJ,advmod,SEN:3,cmr-88milsms-a10,ORAL
!,PUNCT,punct,SEN:3,cmr-88milsms-a10,ORAL
Je,PRON,nsubj,SEN:0,cmr-wiki-c001-a1,LIT
viens,VERB,ROOT,SEN:0,cmr-wiki-c001-a1,LIT
de,ADP,mark,SEN:0,cmr-wiki-c001-a1,LIT
réécrire,VERB,xcomp,SEN:0,cmr-wiki-c001-a1,LIT
la,DET,det,SEN:0,cmr-wiki-c001-a1,LIT
page,NOUN,obj,SEN:0,cmr-wiki-c001-a1,LIT
qui,PRON,nsubj,SEN:0,cmr-wiki-c001-a1,LIT
contenait,VERB,acl:relcl,SEN:0,cmr-wiki-c001-a1,LIT
de,DET,det,SEN:0,cmr-wiki-c001-a1,LIT
multiples,ADJ,amod,SEN:0,cmr-wiki-c001-a1,LIT
erreurs,NOUN,obj,SEN:0,cmr-wiki-c001-a1,LIT
.,PUNCT,punct,SEN:0,cmr-wiki-c001-a1,LIT
La,DET,det,SEN:1,cmr-wiki-c001-a1,ORAL
nouvelle,ADJ,amod,SEN:1,cmr-wiki-c001-a1,ORAL
page,NOUN,nsubj,SEN:1,cmr-wiki-c001-a1,ORAL
est,AUX,cop,SEN:1,cmr-wiki-c001-a1,ORAL
très,ADV,advmod,SEN:1,cmr-wiki-c001-a1,ORAL
incomplète,ADJ,ROOT,SEN:1,cmr-wiki-c001-a1,ORAL
.,PUNCT,punct,SEN:1,cmr-wiki-c001-a1,ORAL
Il,PRON,nsubj,SEN:2,cmr-wiki-c001-a1,LIT
manque,VERB,dep,SEN:2,cmr-wiki-c001-a1,LIT
notamment,ADV,advmod,SEN:2,cmr-wiki-c001-a1,LIT
:,PUNCT,punct,SEN:2,cmr-wiki-c001-a1,LIT
Les,DET,det,SEN:2,cmr-wiki-c001-a1,LIT
principes,NOUN,ROOT,SEN:2,cmr-wiki-c001-a1,LIT
fondamentaux,ADJ,amod,SEN:2,cmr-wiki-c001-a1,LIT
des,ADP,case,SEN:2,cmr-wiki-c001-a1,LIT
tests,NOUN,nmod,SEN:2,cmr-wiki-c001-a1,LIT
(,PUNCT,punct,SEN:2,cmr-wiki-c001-a1,LIT
mesure,NOUN,appos,SEN:2,cmr-wiki-c001-a1,LIT
de,ADP,case,SEN:2,cmr-wiki-c001-a1,LIT
l',DET,fixed,SEN:2,cmr-wiki-c001-a1,LIT
intelligence,NOUN,nmod,SEN:2,cmr-wiki-c001-a1,LIT
par,ADP,case,SEN:2,cmr-wiki-c001-a1,LIT
ses,DET,det,SEN:2,cmr-wiki-c001-a1,LIT
manifestations,NOUN,nmod,SEN:2,cmr-wiki-c001-a1,LIT
et,CCONJ,cc,SEN:2,cmr-wiki-c001-a1,LIT
non,ADV,advmod,SEN:2,cmr-wiki-c001-a1,LIT
pas,ADV,conj,SEN:2,cmr-wiki-c001-a1,LIT
par,ADP,case,SEN:2,cmr-wiki-c001-a1,LIT
ses,DET,det,SEN:2,cmr-wiki-c001-a1,LIT
caractéristiques,NOUN,nmod,SEN:2,cmr-wiki-c001-a1,LIT
),PUNCT,punct,SEN:2,cmr-wiki-c001-a1,LIT
L',DET,det,SEN:2,cmr-wiki-c001-a1,LIT
explication,NOUN,ROOT,SEN:2,cmr-wiki-c001-a1,LIT
des,ADP,case,SEN:2,cmr-wiki-c001-a1,LIT
problèmes,NOUN,nmod,SEN:2,cmr-wiki-c001-a1,LIT
posés,VERB,acl,SEN:2,cmr-wiki-c001-a1,LIT
par,ADP,case,SEN:2,cmr-wiki-c001-a1,LIT
le,DET,det,SEN:2,cmr-wiki-c001-a1,LIT
passage,NOUN,obl:agent,SEN:2,cmr-wiki-c001-a1,LIT
du,ADP,case,SEN:2,cmr-wiki-c001-a1,LIT
QI,NOUN,nmod,SEN:2,cmr-wiki-c001-a1,LIT
en,ADP,case,SEN:2,cmr-wiki-c001-a1,LIT
âge,NOUN,obl:mod,SEN:2,cmr-wiki-c001-a1,LIT
mental,ADJ,amod,SEN:2,cmr-wiki-c001-a1,LIT
au,ADP,case,SEN:2,cmr-wiki-c001-a1,LIT
QI,NOUN,obl:arg,SEN:2,cmr-wiki-c001-a1,LIT
par,ADP,case,SEN:2,cmr-wiki-c001-a1,LIT
rang,NOUN,nmod,SEN:2,cmr-wiki-c001-a1,LIT
(,PUNCT,punct,SEN:2,cmr-wiki-c001-a1,LIT
et,CCONJ,cc,SEN:2,cmr-wiki-c001-a1,LIT
la,DET,det,SEN:2,cmr-wiki-c001-a1,LIT
solution,NOUN,conj,SEN:2,cmr-wiki-c001-a1,LIT
de,ADP,case,SEN:2,cmr-wiki-c001-a1,LIT
Cattell,NOUN,nmod,SEN:2,cmr-wiki-c001-a1,LIT
d',ADP,mark,SEN:2,cmr-wiki-c001-a1,LIT
utiliser,VERB,acl,SEN:2,cmr-wiki-c001-a1,LIT
un,DET,det,SEN:2,cmr-wiki-c001-a1,LIT
écart,NOUN,obj,SEN:2,cmr-wiki-c001-a1,LIT
-,NOUN,punct,SEN:2,cmr-wiki-c001-a1,LIT
type,NOUN,ROOT,SEN:2,cmr-wiki-c001-a1,LIT
de,ADP,case,SEN:3,cmr-wiki-c001-a1,LIT
48,PRON,ROOT,SEN:3,cmr-wiki-c001-a1,LIT
),PUNCT,ROOT,SEN:3,cmr-wiki-c001-a1,LIT
Les,DET,det,SEN:3,cmr-wiki-c001-a1,LIT
limites,NOUN,punct,SEN:3,cmr-wiki-c001-a1,LIT
de,ADP,case,SEN:3,cmr-wiki-c001-a1,LIT
la,DET,det,SEN:3,cmr-wiki-c001-a1,LIT
modélisation,NOUN,nmod,SEN:3,cmr-wiki-c001-a1,LIT
par,ADP,case,SEN:3,cmr-wiki-c001-a1,LIT
une,DET,det,SEN:3,cmr-wiki-c001-a1,LIT
Loi,NOUN,nmod,SEN:3,cmr-wiki-c001-a1,LIT
Normale,ADJ,amod,SEN:3,cmr-wiki-c001-a1,LIT
L',DET,det,SEN:3,cmr-wiki-c001-a1,LIT
étude,NOUN,ROOT,SEN:3,cmr-wiki-c001-a1,LIT
de,ADP,case,SEN:3,cmr-wiki-c001-a1,LIT
la,DET,det,SEN:3,cmr-wiki-c001-a1,LIT
validité,NOUN,nmod,SEN:3,cmr-wiki-c001-a1,LIT
des,ADP,case,SEN:3,cmr-wiki-c001-a1,LIT
tests,NOUN,nmod,SEN:3,cmr-wiki-c001-a1,LIT
(,PUNCT,punct,SEN:3,cmr-wiki-c001-a1,LIT
ils,PRON,nsubj:pass,SEN:3,cmr-wiki-c001-a1,LIT
sont,AUX,aux:pass,SEN:3,cmr-wiki-c001-a1,LIT
corrélés,VERB,parataxis,SEN:3,cmr-wiki-c001-a1,LIT
à,ADP,case,SEN:3,cmr-wiki-c001-a1,LIT
"0,7",NUM,obl:arg,SEN:3,cmr-wiki-c001-a1,LIT
avec,ADP,case,SEN:3,cmr-wiki-c001-a1,LIT
l',DET,det,SEN:3,cmr-wiki-c001-a1,LIT
Intelligence,PROPN,nmod,SEN:3,cmr-wiki-c001-a1,LIT
Générale,ADJ,amod,SEN:3,cmr-wiki-c001-a1,LIT
),PUNCT,punct,SEN:3,cmr-wiki-c001-a1,LIT
etc.,PUNCT,acl,SEN:3,cmr-wiki-c001-a1,LIT
Il,PRON,nsubj,SEN:4,cmr-wiki-c001-a1,LIT
faudrait,VERB,ROOT,SEN:4,cmr-wiki-c001-a1,LIT
aussi,ADV,advmod,SEN:4,cmr-wiki-c001-a1,LIT
compléter,VERB,xcomp,SEN:4,cmr-wiki-c001-a1,LIT
la,DET,det,SEN:4,cmr-wiki-c001-a1,LIT
page,NOUN,obj,SEN:4,cmr-wiki-c001-a1,LIT
Intelligence,PROPN,nmod,SEN:4,cmr-wiki-c001-a1,LIT
pour,ADP,mark,SEN:4,cmr-wiki-c001-a1,LIT
y,PRON,iobj,SEN:4,cmr-wiki-c001-a1,LIT
rajouter,VERB,advcl,SEN:4,cmr-wiki-c001-a1,LIT
une,DET,det,SEN:4,cmr-wiki-c001-a1,LIT
explication,NOUN,obj,SEN:4,cmr-wiki-c001-a1,LIT
de,ADP,case,SEN:4,cmr-wiki-c001-a1,LIT
ce,PRON,nmod,SEN:4,cmr-wiki-c001-a1,LIT
qu',PRON,nummod,SEN:4,cmr-wiki-c001-a1,LIT
est,AUX,dep,SEN:4,cmr-wiki-c001-a1,LIT
l',DET,det,SEN:4,cmr-wiki-c001-a1,LIT
Intelligence,PROPN,nsubj,SEN:4,cmr-wiki-c001-a1,LIT
Générale,ADJ,amod,SEN:4,cmr-wiki-c001-a1,LIT
.,PUNCT,punct,SEN:4,cmr-wiki-c001-a1,LIT
Mais,CCONJ,cc,SEN:5,cmr-wiki-c001-a1,ORAL
tout,ADJ,det,SEN:5,cmr-wiki-c001-a1,ORAL
cela,PRON,nsubj,SEN:5,cmr-wiki-c001-a1,ORAL
serait,AUX,cop,SEN:5,cmr-wiki-c001-a1,ORAL
beaucoup,ADV,advmod,SEN:5,cmr-wiki-c001-a1,ORAL
trop,ADV,advmod,SEN:5,cmr-wiki-c001-a1,ORAL
long,ADJ,ROOT,SEN:5,cmr-wiki-c001-a1,ORAL
.,PUNCT,punct,SEN:5,cmr-wiki-c001-a1,ORAL
J',PRON,nsubj,SEN:6,cmr-wiki-c001-a1,LIT
ai,AUX,aux:tense,SEN:6,cmr-wiki-c001-a1,LIT
donc,ADV,advmod,SEN:6,cmr-wiki-c001-a1,LIT
uniquement,ADV,advmod,SEN:6,cmr-wiki-c001-a1,LIT
cherché,VERB,ROOT,SEN:6,cmr-wiki-c001-a1,LIT
à,ADP,mark,SEN:6,cmr-wiki-c001-a1,LIT
donner,VERB,xcomp,SEN:6,cmr-wiki-c001-a1,LIT
une,DET,det,SEN:6,cmr-wiki-c001-a1,LIT
indication,NOUN,obj,SEN:6,cmr-wiki-c001-a1,LIT
des,ADP,case,SEN:6,cmr-wiki-c001-a1,LIT
différentes,ADJ,amod,SEN:6,cmr-wiki-c001-a1,LIT
significations,NOUN,nmod,SEN:6,cmr-wiki-c001-a1,LIT
que,PRON,obj,SEN:6,cmr-wiki-c001-a1,LIT
peut,VERB,advcl,SEN:6,cmr-wiki-c001-a1,LIT
prendre,VERB,xcomp,SEN:6,cmr-wiki-c001-a1,LIT
le,DET,det,SEN:6,cmr-wiki-c001-a1,LIT
terme,NOUN,obj,SEN:6,cmr-wiki-c001-a1,LIT
QI,PRON,amod,SEN:6,cmr-wiki-c001-a1,LIT
",",PUNCT,punct,SEN:6,cmr-wiki-c001-a1,LIT
et,CCONJ,cc,SEN:6,cmr-wiki-c001-a1,LIT
indiqué,VERB,conj,SEN:6,cmr-wiki-c001-a1,LIT
les,DET,det,SEN:6,cmr-wiki-c001-a1,LIT
liens,NOUN,obj,SEN:6,cmr-wiki-c001-a1,LIT
vers,ADP,case,SEN:6,cmr-wiki-c001-a1,LIT
un,DET,det,SEN:6,cmr-wiki-c001-a1,LIT
site,NOUN,obl:arg,SEN:6,cmr-wiki-c001-a1,LIT
francophone,NOUN,nmod,SEN:6,cmr-wiki-c001-a1,LIT
assez,ADV,advmod,SEN:6,cmr-wiki-c001-a1,LIT
complet,ADJ,amod,SEN:6,cmr-wiki-c001-a1,LIT
que,SCONJ,mark,SEN:6,cmr-wiki-c001-a1,LIT
j',PRON,nsubj,SEN:6,cmr-wiki-c001-a1,LIT
ai,AUX,aux:tense,SEN:6,cmr-wiki-c001-a1,LIT
développé,VERB,ccomp,SEN:6,cmr-wiki-c001-a1,LIT
sur,ADP,case,SEN:6,cmr-wiki-c001-a1,LIT
le,DET,det,SEN:6,cmr-wiki-c001-a1,LIT
sujet,NOUN,obl:mod,SEN:6,cmr-wiki-c001-a1,LIT
.,PUNCT,punct,SEN:6,cmr-wiki-c001-a1,LIT
PG,PROPN,ROOT,SEN:7,cmr-wiki-c001-a1,ORAL
30,NUM,nummod,SEN:7,cmr-wiki-c001-a1,ORAL
avr,DET,det,SEN:7,cmr-wiki-c001-a1,ORAL
2004,NUM,nmod,SEN:7,cmr-wiki-c001-a1,ORAL
à,ADP,case,SEN:7,cmr-wiki-c001-a1,ORAL
00:53,NOUN,nmod,SEN:7,cmr-wiki-c001-a1,ORAL
(,PUNCT,punct,SEN:7,cmr-wiki-c001-a1,ORAL
CEST,PROPN,appos,SEN:7,cmr-wiki-c001-a1,ORAL
),PUNCT,punct,SEN:7,cmr-wiki-c001-a1,ORAL
il,PRON,expl:subj,SEN:0,cmr-wiki-c001-a2,LIT
semble,VERB,ROOT,SEN:0,cmr-wiki-c001-a2,LIT
qu',SCONJ,mark,SEN:0,cmr-wiki-c001-a2,LIT
on,PRON,nsubj,SEN:0,cmr-wiki-c001-a2,LIT
a,AUX,aux:tense,SEN:0,cmr-wiki-c001-a2,LIT
ajouté,NOUN,ccomp,SEN:0,cmr-wiki-c001-a2,LIT
beaucoup,ADV,obj,SEN:0,cmr-wiki-c001-a2,LIT
de,ADP,case,SEN:0,cmr-wiki-c001-a2,LIT
choses,NOUN,obl:arg,SEN:0,cmr-wiki-c001-a2,LIT
sur,ADP,case,SEN:0,cmr-wiki-c001-a2,LIT
cette,DET,det,SEN:0,cmr-wiki-c001-a2,LIT
page,NOUN,obl:mod,SEN:0,cmr-wiki-c001-a2,LIT
depuis,ADP,case,SEN:0,cmr-wiki-c001-a2,LIT
avril,NOUN,nmod,SEN:0,cmr-wiki-c001-a2,LIT
.,PUNCT,punct,SEN:0,cmr-wiki-c001-a2,LIT
J',PRON,nsubj,SEN:1,cmr-wiki-c001-a2,LIT
ai,AUX,ROOT,SEN:1,cmr-wiki-c001-a2,LIT
ajouté,NOUN,obj,SEN:1,cmr-wiki-c001-a2,LIT
des,DET,det,SEN:1,cmr-wiki-c001-a2,LIT
réserves,NOUN,obj,SEN:1,cmr-wiki-c001-a2,LIT
à,ADP,case,SEN:1,cmr-wiki-c001-a2,LIT
la,DET,det,SEN:1,cmr-wiki-c001-a2,LIT
partie,NOUN,obl:mod,SEN:1,cmr-wiki-c001-a2,LIT
sur,ADP,case,SEN:1,cmr-wiki-c001-a2,LIT
"""",PUNCT,punct,SEN:1,cmr-wiki-c001-a2,LIT
les,DET,det,SEN:1,cmr-wiki-c001-a2,LIT
réserves,NOUN,obl:mod,SEN:1,cmr-wiki-c001-a2,LIT
sur,ADP,case,SEN:1,cmr-wiki-c001-a2,LIT
le,DET,det,SEN:1,cmr-wiki-c001-a2,LIT
QI,NOUN,nmod,SEN:1,cmr-wiki-c001-a2,LIT
"""",PUNCT,punct,SEN:1,cmr-wiki-c001-a2,LIT
car,CCONJ,cc,SEN:1,cmr-wiki-c001-a2,LIT
il,PRON,expl:subj,SEN:1,cmr-wiki-c001-a2,LIT
y,PRON,conj,SEN:1,cmr-wiki-c001-a2,LIT
en,ADP,case,SEN:1,cmr-wiki-c001-a2,LIT
a.,PROPN,obl:arg,SEN:1,cmr-wiki-c001-a2,LIT
Elles,PRON,nsubj,SEN:2,cmr-wiki-c001-a2,LIT
sont,AUX,cop,SEN:2,cmr-wiki-c001-a2,LIT
extraites,VERB,ROOT,SEN:2,cmr-wiki-c001-a2,LIT
de,ADP,case,SEN:2,cmr-wiki-c001-a2,LIT
la,DET,det,SEN:2,cmr-wiki-c001-a2,LIT
FAQ,NOUN,obl:arg,SEN:2,cmr-wiki-c001-a2,LIT
en,ADP,case,SEN:2,cmr-wiki-c001-a2,LIT
cours,NOUN,obl:mod,SEN:2,cmr-wiki-c001-a2,LIT
d',ADP,case,SEN:2,cmr-wiki-c001-a2,LIT
élaboration,NOUN,nmod,SEN:2,cmr-wiki-c001-a2,LIT
sur,ADP,case,SEN:2,cmr-wiki-c001-a2,LIT
un,DET,det,SEN:2,cmr-wiki-c001-a2,LIT
site,NOUN,nmod,SEN:2,cmr-wiki-c001-a2,LIT
que,PRON,obj,SEN:2,cmr-wiki-c001-a2,LIT
j',PRON,nsubj,SEN:2,cmr-wiki-c001-a2,LIT
administre,VERB,acl:relcl,SEN:2,cmr-wiki-c001-a2,LIT
.,PUNCT,punct,SEN:2,cmr-wiki-c001-a2,LIT
Au,ADP,advmod,SEN:3,cmr-wiki-c001-a2,LIT
fur,NOUN,fixed,SEN:3,cmr-wiki-c001-a2,LIT
et,CCONJ,fixed,SEN:3,cmr-wiki-c001-a2,LIT
à,ADP,fixed,SEN:3,cmr-wiki-c001-a2,LIT
mesure,NOUN,fixed,SEN:3,cmr-wiki-c001-a2,LIT
",",PUNCT,punct,SEN:3,cmr-wiki-c001-a2,LIT
je,PRON,nsubj,SEN:3,cmr-wiki-c001-a2,LIT
reviens,VERB,ROOT,SEN:3,cmr-wiki-c001-a2,LIT
ici,ADV,advmod,SEN:3,cmr-wiki-c001-a2,LIT
déposer,VERB,xcomp,SEN:3,cmr-wiki-c001-a2,LIT
ce,PRON,obj,SEN:3,cmr-wiki-c001-a2,LIT
que,PRON,obj,SEN:3,cmr-wiki-c001-a2,LIT
mes,DET,det,SEN:3,cmr-wiki-c001-a2,LIT
recherches,NOUN,nsubj,SEN:3,cmr-wiki-c001-a2,LIT
ont,AUX,aux:tense,SEN:3,cmr-wiki-c001-a2,LIT
donné,VERB,acl:relcl,SEN:3,cmr-wiki-c001-a2,LIT
.,PUNCT,punct,SEN:3,cmr-wiki-c001-a2,LIT
Du,ADP,case,SEN:4,cmr-wiki-c001-a2,LIT
coup,NOUN,obl:mod,SEN:4,cmr-wiki-c001-a2,LIT
",",PUNCT,punct,SEN:4,cmr-wiki-c001-a2,LIT
j',PRON,nsubj:pass,SEN:4,cmr-wiki-c001-a2,LIT
ai,AUX,aux:tense,SEN:4,cmr-wiki-c001-a2,LIT
été,AUX,aux:pass,SEN:4,cmr-wiki-c001-a2,LIT
amenée,VERB,ROOT,SEN:4,cmr-wiki-c001-a2,LIT
à,ADP,mark,SEN:4,cmr-wiki-c001-a2,LIT
ajouté,NOUN,xcomp,SEN:4,cmr-wiki-c001-a2,LIT
aussi,ADV,advmod,SEN:4,cmr-wiki-c001-a2,LIT
une,DET,det,SEN:4,cmr-wiki-c001-a2,LIT
page,NOUN,obj,SEN:4,cmr-wiki-c001-a2,LIT
sur,ADP,case,SEN:4,cmr-wiki-c001-a2,LIT
l',DET,det,SEN:4,cmr-wiki-c001-a2,LIT
effet,NOUN,nmod,SEN:4,cmr-wiki-c001-a2,LIT
Flynn,PROPN,amod,SEN:4,cmr-wiki-c001-a2,LIT
.,PUNCT,punct,SEN:4,cmr-wiki-c001-a2,LIT
Comme,SCONJ,mark,SEN:5,cmr-wiki-c001-a2,LIT
j',PRON,nsubj,SEN:5,cmr-wiki-c001-a2,LIT
ai,AUX,aux:tense,SEN:5,cmr-wiki-c001-a2,LIT
dû,VERB,ROOT,SEN:5,cmr-wiki-c001-a2,LIT
aussi,ADV,advmod,SEN:5,cmr-wiki-c001-a2,LIT
intervenir,VERB,xcomp,SEN:5,cmr-wiki-c001-a2,LIT
sur,ADP,case,SEN:5,cmr-wiki-c001-a2,LIT
la,DET,det,SEN:5,cmr-wiki-c001-a2,LIT
Courbe,NOUN,obl:arg,SEN:5,cmr-wiki-c001-a2,LIT
de,ADP,case,SEN:5,cmr-wiki-c001-a2,LIT
Gauss,PROPN,nmod,SEN:5,cmr-wiki-c001-a2,LIT
",",PUNCT,punct,SEN:5,cmr-wiki-c001-a2,LIT
etc.,ADV,advmod,SEN:5,cmr-wiki-c001-a2,LIT
Volontairement,PROPN,obl:mod,SEN:6,cmr-wiki-c001-a2,LIT
",",PUNCT,punct,SEN:6,cmr-wiki-c001-a2,LIT
j',PRON,nsubj,SEN:6,cmr-wiki-c001-a2,LIT
ai,AUX,aux:tense,SEN:6,cmr-wiki-c001-a2,LIT
cherché,VERB,ROOT,SEN:6,cmr-wiki-c001-a2,LIT
à,ADP,mark,SEN:6,cmr-wiki-c001-a2,LIT
rester,VERB,xcomp,SEN:6,cmr-wiki-c001-a2,LIT
le,DET,det,SEN:6,cmr-wiki-c001-a2,LIT
plus,ADV,advmod,SEN:6,cmr-wiki-c001-a2,LIT
simple,ADJ,obj,SEN:6,cmr-wiki-c001-a2,LIT
possible,ADJ,amod,SEN:6,cmr-wiki-c001-a2,LIT
et,CCONJ,cc,SEN:6,cmr-wiki-c001-a2,LIT
à,ADP,mark,SEN:6,cmr-wiki-c001-a2,LIT
m',PRON,expl:comp,SEN:6,cmr-wiki-c001-a2,LIT
éloigner,VERB,conj,SEN:6,cmr-wiki-c001-a2,LIT
des,DET,det,SEN:6,cmr-wiki-c001-a2,LIT
chiffres,NOUN,obj,SEN:6,cmr-wiki-c001-a2,LIT
:,PUNCT,punct,SEN:6,cmr-wiki-c001-a2,LIT
derrière,ADP,case,SEN:6,cmr-wiki-c001-a2,LIT
le,DET,det,SEN:6,cmr-wiki-c001-a2,LIT
QI,NOUN,obl:mod,SEN:6,cmr-wiki-c001-a2,LIT
",",PUNCT,punct,SEN:6,cmr-wiki-c001-a2,LIT
il,PRON,expl:subj,SEN:6,cmr-wiki-c001-a2,LIT
y,PRON,expl:comp,SEN:6,cmr-wiki-c001-a2,LIT
a,VERB,advcl,SEN:6,cmr-wiki-c001-a2,LIT
des,DET,det,SEN:6,cmr-wiki-c001-a2,LIT
gens,NOUN,obj,SEN:6,cmr-wiki-c001-a2,LIT
.,PUNCT,punct,SEN:6,cmr-wiki-c001-a2,LIT
J',PRON,nsubj,SEN:7,cmr-wiki-c001-a2,LIT
ai,AUX,aux:tense,SEN:7,cmr-wiki-c001-a2,LIT
ajouté,VERB,ROOT,SEN:7,cmr-wiki-c001-a2,LIT
donc,ADV,advmod,SEN:7,cmr-wiki-c001-a2,LIT
ajouté,NOUN,obj,SEN:7,cmr-wiki-c001-a2,LIT
des,DET,det,SEN:7,cmr-wiki-c001-a2,LIT
liens,NOUN,obj,SEN:7,cmr-wiki-c001-a2,LIT
faciles,ADJ,amod,SEN:7,cmr-wiki-c001-a2,LIT
d',ADP,case,SEN:7,cmr-wiki-c001-a2,LIT
accès,NOUN,nmod,SEN:7,cmr-wiki-c001-a2,LIT
(,PUNCT,punct,SEN:7,cmr-wiki-c001-a2,LIT
sic,NOUN,parataxis,SEN:7,cmr-wiki-c001-a2,LIT
),PUNCT,punct,SEN:7,cmr-wiki-c001-a2,LIT
.,PUNCT,punct,SEN:7,cmr-wiki-c001-a2,LIT
--Lauranne,NOUN,ROOT,SEN:8,cmr-wiki-c001-a2,ORAL
29,NUM,obl:mod,SEN:8,cmr-wiki-c001-a2,ORAL
nov,ADP,case,SEN:8,cmr-wiki-c001-a2,ORAL
2004,NUM,nmod,SEN:8,cmr-wiki-c001-a2,ORAL
à,ADP,case,SEN:8,cmr-wiki-c001-a2,ORAL
00:31,PROPN,nmod,SEN:8,cmr-wiki-c001-a2,ORAL
(,PUNCT,punct,SEN:8,cmr-wiki-c001-a2,ORAL
CET,PROPN,appos,SEN:8,cmr-wiki-c001-a2,ORAL
),PUNCT,punct,SEN:8,cmr-wiki-c001-a2,ORAL
Ci,ADJ,ROOT,SEN:0,cmr-wiki-c001-a3,ORAL
-,NOUN,punct,SEN:0,cmr-wiki-c001-a3,ORAL
dessous,NOUN,ROOT,SEN:0,cmr-wiki-c001-a3,ORAL
un,DET,det,SEN:1,cmr-wiki-c001-a3,ORAL
copier,NOUN,ROOT,SEN:1,cmr-wiki-c001-a3,ORAL
-,NOUN,punct,SEN:1,cmr-wiki-c001-a3,ORAL
coller,VERB,ROOT,SEN:1,cmr-wiki-c001-a3,ORAL
d',ADP,case,SEN:2,cmr-wiki-c001-a3,LIT
une,DET,det,SEN:2,cmr-wiki-c001-a3,LIT
partie,NOUN,ROOT,SEN:2,cmr-wiki-c001-a3,LIT
de,ADP,case,SEN:2,cmr-wiki-c001-a3,LIT
la,DET,det,SEN:2,cmr-wiki-c001-a3,LIT
page,NOUN,nmod,SEN:2,cmr-wiki-c001-a3,LIT
que,PRON,obj,SEN:2,cmr-wiki-c001-a3,LIT
je,PRON,nsubj,SEN:2,cmr-wiki-c001-a3,LIT
trouve,VERB,acl:relcl,SEN:2,cmr-wiki-c001-a3,LIT
trop,ADV,advmod,SEN:2,cmr-wiki-c001-a3,LIT
chevelu,ADJ,xcomp,SEN:2,cmr-wiki-c001-a3,LIT
pour,ADP,mark,SEN:2,cmr-wiki-c001-a3,LIT
être,AUX,aux:tense,SEN:2,cmr-wiki-c001-a3,LIT
intégré,ADV,advcl,SEN:2,cmr-wiki-c001-a3,LIT
et,CCONJ,cc,SEN:2,cmr-wiki-c001-a3,LIT
que,SCONJ,mark,SEN:2,cmr-wiki-c001-a3,LIT
je,PRON,nsubj,SEN:2,cmr-wiki-c001-a3,LIT
n',ADV,advmod,SEN:2,cmr-wiki-c001-a3,LIT
arrive,VERB,conj,SEN:2,cmr-wiki-c001-a3,LIT
pas,ADV,advmod,SEN:2,cmr-wiki-c001-a3,LIT
à,ADP,mark,SEN:2,cmr-wiki-c001-a3,LIT
peigner,VERB,xcomp,SEN:2,cmr-wiki-c001-a3,LIT
.,PUNCT,punct,SEN:2,cmr-wiki-c001-a3,LIT
gbog,ADJ,amod,SEN:3,cmr-wiki-c001-a3,ORAL
16,NUM,ROOT,SEN:3,cmr-wiki-c001-a3,ORAL
jan,PROPN,nmod,SEN:3,cmr-wiki-c001-a3,ORAL
2005,NUM,nmod,SEN:3,cmr-wiki-c001-a3,ORAL
à,ADP,case,SEN:3,cmr-wiki-c001-a3,ORAL
09:35,NOUN,nmod,SEN:3,cmr-wiki-c001-a3,ORAL
(,PUNCT,punct,SEN:3,cmr-wiki-c001-a3,ORAL
CET,PROPN,appos,SEN:3,cmr-wiki-c001-a3,ORAL
),PUNCT,punct,SEN:3,cmr-wiki-c001-a3,ORAL
...,PUNCT,punct,SEN:3,cmr-wiki-c001-a3,ORAL
OK,PROPN,ROOT,SEN:4,cmr-wiki-c001-a3,ORAL
.,PUNCT,punct,SEN:4,cmr-wiki-c001-a3,ORAL
J',PRON,nsubj,SEN:5,cmr-wiki-c001-a3,ORAL
ai,AUX,aux:tense,SEN:5,cmr-wiki-c001-a3,ORAL
reclassé,VERB,ROOT,SEN:5,cmr-wiki-c001-a3,ORAL
certains,DET,det,SEN:5,cmr-wiki-c001-a3,ORAL
items,NOUN,obj,SEN:5,cmr-wiki-c001-a3,ORAL
.,PUNCT,punct,SEN:5,cmr-wiki-c001-a3,ORAL
Mais,CCONJ,cc,SEN:6,cmr-wiki-c001-a3,LIT
",",PUNCT,punct,SEN:6,cmr-wiki-c001-a3,LIT
justement,ADV,advmod,SEN:6,cmr-wiki-c001-a3,LIT
",",PUNCT,punct,SEN:6,cmr-wiki-c001-a3,LIT
si,SCONJ,mark,SEN:6,cmr-wiki-c001-a3,LIT
on,PRON,nsubj,SEN:6,cmr-wiki-c001-a3,LIT
enlève,VERB,ROOT,SEN:6,cmr-wiki-c001-a3,LIT
les,DET,det,SEN:6,cmr-wiki-c001-a3,LIT
passages,NOUN,obj,SEN:6,cmr-wiki-c001-a3,LIT
(,PUNCT,punct,SEN:6,cmr-wiki-c001-a3,LIT
ce,PRON,nsubj,SEN:6,cmr-wiki-c001-a3,LIT
n',ADV,advmod,SEN:6,cmr-wiki-c001-a3,LIT
était,AUX,cop,SEN:6,cmr-wiki-c001-a3,LIT
pas,ADV,advmod,SEN:6,cmr-wiki-c001-a3,LIT
un,DET,det,SEN:6,cmr-wiki-c001-a3,LIT
copier,NOUN,parataxis,SEN:6,cmr-wiki-c001-a3,LIT
-,NOUN,punct,SEN:6,cmr-wiki-c001-a3,LIT
coller,VERB,ROOT,SEN:6,cmr-wiki-c001-a3,LIT
mais,CCONJ,cc,SEN:7,cmr-wiki-c001-a3,LIT
un,DET,det,SEN:7,cmr-wiki-c001-a3,LIT
COUPER,NOUN,ROOT,SEN:7,cmr-wiki-c001-a3,LIT
-,NOUN,ROOT,SEN:7,cmr-wiki-c001-a3,LIT
coller,PROPN,acl,SEN:7,cmr-wiki-c001-a3,LIT
),PUNCT,punct,SEN:7,cmr-wiki-c001-a3,LIT
",",PUNCT,punct,SEN:7,cmr-wiki-c001-a3,LIT
on,PRON,nsubj,SEN:7,cmr-wiki-c001-a3,LIT
ne,ADV,advmod,SEN:7,cmr-wiki-c001-a3,LIT
comprend,VERB,ROOT,SEN:7,cmr-wiki-c001-a3,LIT
plus,ADV,advmod,SEN:7,cmr-wiki-c001-a3,LIT
rien,PRON,obj,SEN:7,cmr-wiki-c001-a3,LIT
.,PUNCT,punct,SEN:7,cmr-wiki-c001-a3,LIT
il,PRON,expl:subj,SEN:8,cmr-wiki-c001-a3,LIT
y,PRON,expl:comp,SEN:8,cmr-wiki-c001-a3,LIT
avait,VERB,ROOT,SEN:8,cmr-wiki-c001-a3,LIT
de,ADP,case,SEN:8,cmr-wiki-c001-a3,LIT
grosses,NOUN,obl:arg,SEN:8,cmr-wiki-c001-a3,LIT
confusions,VERB,amod,SEN:8,cmr-wiki-c001-a3,LIT
d',ADP,case,SEN:8,cmr-wiki-c001-a3,LIT
ajoutées,NOUN,nmod,SEN:8,cmr-wiki-c001-a3,LIT
.,PUNCT,punct,SEN:8,cmr-wiki-c001-a3,LIT
(,PUNCT,punct,SEN:9,cmr-wiki-c001-a3,LIT
du,ADP,advmod,SEN:9,cmr-wiki-c001-a3,LIT
moins,ADV,fixed,SEN:9,cmr-wiki-c001-a3,LIT
",",PUNCT,punct,SEN:9,cmr-wiki-c001-a3,LIT
elles,PRON,nsubj,SEN:9,cmr-wiki-c001-a3,LIT
figuraient,VERB,ROOT,SEN:9,cmr-wiki-c001-a3,LIT
en,ADP,case,SEN:9,cmr-wiki-c001-a3,LIT
lieu,NOUN,obl:arg,SEN:9,cmr-wiki-c001-a3,LIT
et,CCONJ,cc,SEN:9,cmr-wiki-c001-a3,LIT
place,NOUN,conj,SEN:9,cmr-wiki-c001-a3,LIT
d',ADP,case,SEN:9,cmr-wiki-c001-a3,LIT
autres,ADJ,amod,SEN:9,cmr-wiki-c001-a3,LIT
notions,NOUN,nmod,SEN:9,cmr-wiki-c001-a3,LIT
",",PUNCT,punct,SEN:9,cmr-wiki-c001-a3,LIT
d',ADP,case,SEN:9,cmr-wiki-c001-a3,LIT
où,PRON,nummod,SEN:9,cmr-wiki-c001-a3,LIT
confusion,NOUN,nmod,SEN:9,cmr-wiki-c001-a3,LIT
),PUNCT,punct,SEN:9,cmr-wiki-c001-a3,LIT
Modifications,NOUN,ROOT,SEN:9,cmr-wiki-c001-a3,LIT
:,PUNCT,punct,SEN:9,cmr-wiki-c001-a3,LIT
J',PRON,nsubj,SEN:9,cmr-wiki-c001-a3,LIT
ai,AUX,amod,SEN:9,cmr-wiki-c001-a3,LIT
ôté,ADP,advmod,SEN:9,cmr-wiki-c001-a3,LIT
ces,DET,det,SEN:9,cmr-wiki-c001-a3,LIT
deux,NUM,nummod,SEN:9,cmr-wiki-c001-a3,LIT
passages,NOUN,nmod,SEN:9,cmr-wiki-c001-a3,LIT
.,PUNCT,punct,SEN:9,cmr-wiki-c001-a3,LIT
Le,DET,det,SEN:10,cmr-wiki-c001-a3,LIT
test,NOUN,nsubj:pass,SEN:10,cmr-wiki-c001-a3,LIT
de,ADP,case,SEN:10,cmr-wiki-c001-a3,LIT
QI,PRON,nmod,SEN:10,cmr-wiki-c001-a3,LIT
a,AUX,aux:tense,SEN:10,cmr-wiki-c001-a3,LIT
été,AUX,aux:pass,SEN:10,cmr-wiki-c001-a3,LIT
souvent,ADV,advmod,SEN:10,cmr-wiki-c001-a3,LIT
critiqué,VERB,ROOT,SEN:10,cmr-wiki-c001-a3,LIT
à,ADP,case,SEN:10,cmr-wiki-c001-a3,LIT
cause,NOUN,obl:arg,SEN:10,cmr-wiki-c001-a3,LIT
de,ADP,case,SEN:10,cmr-wiki-c001-a3,LIT
sa,DET,det,SEN:10,cmr-wiki-c001-a3,LIT
dépendance,NOUN,obl:arg,SEN:10,cmr-wiki-c001-a3,LIT
au,ADP,case,SEN:10,cmr-wiki-c001-a3,LIT
contexte,NOUN,nmod,SEN:10,cmr-wiki-c001-a3,LIT
socio-culturel,ADJ,amod,SEN:10,cmr-wiki-c001-a3,LIT
.,PUNCT,punct,SEN:10,cmr-wiki-c001-a3,LIT
En,ADP,case,SEN:11,cmr-wiki-c001-a3,LIT
effet,NOUN,obl:mod,SEN:11,cmr-wiki-c001-a3,LIT
",",PUNCT,punct,SEN:11,cmr-wiki-c001-a3,LIT
la,DET,det,SEN:11,cmr-wiki-c001-a3,LIT
résolution,NOUN,nsubj,SEN:11,cmr-wiki-c001-a3,LIT
rapide,ADJ,ROOT,SEN:11,cmr-wiki-c001-a3,LIT
de,ADP,case,SEN:11,cmr-wiki-c001-a3,LIT
tels,NOUN,amod,SEN:11,cmr-wiki-c001-a3,LIT
problèmes,NOUN,obl:arg,SEN:11,cmr-wiki-c001-a3,LIT
est,AUX,aux:pass,SEN:11,cmr-wiki-c001-a3,LIT
rendue,VERB,ROOT,SEN:11,cmr-wiki-c001-a3,LIT
plus,ADV,advmod,SEN:11,cmr-wiki-c001-a3,LIT
facile,ADJ,xcomp,SEN:11,cmr-wiki-c001-a3,LIT
quand,SCONJ,mark,SEN:11,cmr-wiki-c001-a3,LIT
on,PRON,nsubj:pass,SEN:11,cmr-wiki-c001-a3,LIT
est,AUX,aux:pass,SEN:11,cmr-wiki-c001-a3,LIT
habitué,VERB,advcl,SEN:11,cmr-wiki-c001-a3,LIT
à,ADP,case,SEN:11,cmr-wiki-c001-a3,LIT
ce,DET,det,SEN:11,cmr-wiki-c001-a3,LIT
type,NOUN,obl:arg,SEN:11,cmr-wiki-c001-a3,LIT
de,ADP,case,SEN:11,cmr-wiki-c001-a3,LIT
raisonnement,NOUN,nmod,SEN:11,cmr-wiki-c001-a3,LIT
.,PUNCT,punct,SEN:11,cmr-wiki-c001-a3,LIT
Suivant,VERB,case,SEN:12,cmr-wiki-c001-a3,LIT
la,DET,det,SEN:12,cmr-wiki-c001-a3,LIT
voie,NOUN,obl:mod,SEN:12,cmr-wiki-c001-a3,LIT
tracée,VERB,acl,SEN:12,cmr-wiki-c001-a3,LIT
par,ADP,case,SEN:12,cmr-wiki-c001-a3,LIT
les,DET,det,SEN:12,cmr-wiki-c001-a3,LIT
penseurs,NOUN,amod,SEN:12,cmr-wiki-c001-a3,LIT
Grecs,PROPN,obl:agent,SEN:12,cmr-wiki-c001-a3,LIT
",",PUNCT,punct,SEN:12,cmr-wiki-c001-a3,LIT
la,DET,det,SEN:12,cmr-wiki-c001-a3,LIT
civilisation,NOUN,nsubj,SEN:12,cmr-wiki-c001-a3,LIT
occidentale,ADJ,amod,SEN:12,cmr-wiki-c001-a3,LIT
a,AUX,aux:tense,SEN:12,cmr-wiki-c001-a3,LIT
donné,VERB,ROOT,SEN:12,cmr-wiki-c001-a3,LIT
une,DET,det,SEN:12,cmr-wiki-c001-a3,LIT
grande,ADJ,amod,SEN:12,cmr-wiki-c001-a3,LIT
importance,NOUN,obj,SEN:12,cmr-wiki-c001-a3,LIT
à,ADP,case,SEN:12,cmr-wiki-c001-a3,LIT
la,DET,det,SEN:12,cmr-wiki-c001-a3,LIT
logique,NOUN,obl:arg,SEN:12,cmr-wiki-c001-a3,LIT
",",PUNCT,punct,SEN:12,cmr-wiki-c001-a3,LIT
au,ADP,case,SEN:12,cmr-wiki-c001-a3,LIT
raisonnement,NOUN,obl:mod,SEN:12,cmr-wiki-c001-a3,LIT
déductif,ADJ,amod,SEN:12,cmr-wiki-c001-a3,LIT
",",PUNCT,punct,SEN:12,cmr-wiki-c001-a3,LIT
à,ADP,case,SEN:12,cmr-wiki-c001-a3,LIT
l',DET,det,SEN:12,cmr-wiki-c001-a3,LIT
analyse,NOUN,obl:mod,SEN:12,cmr-wiki-c001-a3,LIT
",",PUNCT,punct,SEN:12,cmr-wiki-c001-a3,LIT
au,ADP,case,SEN:12,cmr-wiki-c001-a3,LIT
principe,NOUN,obl:arg,SEN:12,cmr-wiki-c001-a3,LIT
de,ADP,case,SEN:12,cmr-wiki-c001-a3,LIT
non-contradiction,NOUN,nmod,SEN:12,cmr-wiki-c001-a3,LIT
",",PUNCT,punct,SEN:12,cmr-wiki-c001-a3,LIT
bref,ADV,advmod,SEN:13,cmr-wiki-c001-a3,ORAL
aux,ADP,case,SEN:13,cmr-wiki-c001-a3,ORAL
mathématiques,NOUN,ROOT,SEN:13,cmr-wiki-c001-a3,ORAL
.,PUNCT,punct,SEN:13,cmr-wiki-c001-a3,ORAL
D',DET,det,SEN:14,cmr-wiki-c001-a3,LIT
autres,ADJ,amod,SEN:14,cmr-wiki-c001-a3,LIT
cultures,NOUN,nsubj,SEN:14,cmr-wiki-c001-a3,LIT
ont,AUX,aux:tense,SEN:14,cmr-wiki-c001-a3,LIT
développé,VERB,ROOT,SEN:14,cmr-wiki-c001-a3,LIT
d',DET,det,SEN:14,cmr-wiki-c001-a3,LIT
autres,ADJ,amod,SEN:14,cmr-wiki-c001-a3,LIT
outils,NOUN,obj,SEN:14,cmr-wiki-c001-a3,LIT
pour,ADP,mark,SEN:14,cmr-wiki-c001-a3,LIT
comprendre,VERB,advcl,SEN:14,cmr-wiki-c001-a3,LIT
le,DET,det,SEN:14,cmr-wiki-c001-a3,LIT
réel,NOUN,obj,SEN:14,cmr-wiki-c001-a3,LIT
",",PUNCT,punct,SEN:14,cmr-wiki-c001-a3,LIT
comme,SCONJ,case,SEN:14,cmr-wiki-c001-a3,LIT
le,DET,det,SEN:14,cmr-wiki-c001-a3,LIT
raisonnement,NOUN,obl:mod,SEN:14,cmr-wiki-c001-a3,LIT
par,ADP,case,SEN:14,cmr-wiki-c001-a3,LIT
analogie,NOUN,nmod,SEN:14,cmr-wiki-c001-a3,LIT
",",PUNCT,punct,SEN:14,cmr-wiki-c001-a3,LIT
l',DET,det,SEN:14,cmr-wiki-c001-a3,LIT
utilisation,NOUN,dep,SEN:14,cmr-wiki-c001-a3,LIT
de,ADP,case,SEN:14,cmr-wiki-c001-a3,LIT
l',DET,det,SEN:14,cmr-wiki-c001-a3,LIT
intuition,NOUN,nmod,SEN:14,cmr-wiki-c001-a3,LIT
",",PUNCT,punct,SEN:14,cmr-wiki-c001-a3,LIT
la,DET,det,SEN:14,cmr-wiki-c001-a3,LIT
référence,NOUN,conj,SEN:14,cmr-wiki-c001-a3,LIT
à,ADP,case,SEN:14,cmr-wiki-c001-a3,LIT
l',DET,det,SEN:14,cmr-wiki-c001-a3,LIT
Histoire,NOUN,nmod,SEN:14,cmr-wiki-c001-a3,LIT
ayant,VERB,acl,SEN:14,cmr-wiki-c001-a3,LIT
valeur,NOUN,nmod,SEN:14,cmr-wiki-c001-a3,LIT
de,ADP,case,SEN:14,cmr-wiki-c001-a3,LIT
preuve,NOUN,nmod,SEN:14,cmr-wiki-c001-a3,LIT
",",PUNCT,punct,SEN:14,cmr-wiki-c001-a3,LIT
etc.,ADV,advmod,SEN:14,cmr-wiki-c001-a3,LIT
Ainsi,CCONJ,advmod,SEN:15,cmr-wiki-c001-a3,LIT
il,PRON,expl:subj,SEN:15,cmr-wiki-c001-a3,LIT
faudrait,VERB,ROOT,SEN:15,cmr-wiki-c001-a3,LIT
prendre,VERB,xcomp,SEN:15,cmr-wiki-c001-a3,LIT
en,ADP,case,SEN:15,cmr-wiki-c001-a3,LIT
compte,NOUN,obl:arg,SEN:15,cmr-wiki-c001-a3,LIT
les,DET,det,SEN:15,cmr-wiki-c001-a3,LIT
caractères,NOUN,nmod,SEN:15,cmr-wiki-c001-a3,LIT
culturels,ADJ,amod,SEN:15,cmr-wiki-c001-a3,LIT
pour,ADP,mark,SEN:15,cmr-wiki-c001-a3,LIT
que,SCONJ,mark,SEN:15,cmr-wiki-c001-a3,LIT
le,DET,det,SEN:15,cmr-wiki-c001-a3,LIT
QI,PRON,nsubj,SEN:15,cmr-wiki-c001-a3,LIT
puisse,VERB,advcl,SEN:15,cmr-wiki-c001-a3,LIT
s',PRON,expl:comp,SEN:15,cmr-wiki-c001-a3,LIT
appliquer,VERB,xcomp,SEN:15,cmr-wiki-c001-a3,LIT
universellement,ADJ,advmod,SEN:15,cmr-wiki-c001-a3,LIT
comme,ADP,case,SEN:15,cmr-wiki-c001-a3,LIT
mesure,NOUN,xcomp,SEN:15,cmr-wiki-c001-a3,LIT
d',ADP,case,SEN:15,cmr-wiki-c001-a3,LIT
une,DET,det,SEN:15,cmr-wiki-c001-a3,LIT
certaine,NOUN,obl:arg,SEN:15,cmr-wiki-c001-a3,LIT
capacité,NOUN,amod,SEN:15,cmr-wiki-c001-a3,LIT
intellectuelle,ADJ,amod,SEN:15,cmr-wiki-c001-a3,LIT
.,PUNCT,punct,SEN:15,cmr-wiki-c001-a3,LIT
...,PUNCT,ROOT,SEN:16,cmr-wiki-c001-a3,ORAL
Le,DET,det,SEN:17,cmr-wiki-c001-a3,LIT
Qi,PROPN,nsubj,SEN:17,cmr-wiki-c001-a3,LIT
ne,ADV,advmod,SEN:17,cmr-wiki-c001-a3,LIT
mesure,VERB,ROOT,SEN:17,cmr-wiki-c001-a3,LIT
qu',SCONJ,mark,SEN:17,cmr-wiki-c001-a3,LIT
une,DET,det,SEN:17,cmr-wiki-c001-a3,LIT
certaine,NOUN,nsubj,SEN:17,cmr-wiki-c001-a3,LIT
capacité,NOUN,obj,SEN:17,cmr-wiki-c001-a3,LIT
intellectuelle,ADJ,amod,SEN:17,cmr-wiki-c001-a3,LIT
",",PUNCT,punct,SEN:17,cmr-wiki-c001-a3,LIT
et,CCONJ,cc,SEN:17,cmr-wiki-c001-a3,LIT
pas,ADV,advmod,SEN:17,cmr-wiki-c001-a3,LIT
",",PUNCT,punct,SEN:17,cmr-wiki-c001-a3,LIT
en,ADP,case,SEN:17,cmr-wiki-c001-a3,LIT
effet,NOUN,obl:mod,SEN:17,cmr-wiki-c001-a3,LIT
",",PUNCT,punct,SEN:17,cmr-wiki-c001-a3,LIT
la,DET,det,SEN:17,cmr-wiki-c001-a3,LIT
référence,NOUN,conj,SEN:17,cmr-wiki-c001-a3,LIT
à,ADP,case,SEN:17,cmr-wiki-c001-a3,LIT
l',DET,det,SEN:17,cmr-wiki-c001-a3,LIT
Histoire,NOUN,nmod,SEN:17,cmr-wiki-c001-a3,LIT
(,PUNCT,punct,SEN:17,cmr-wiki-c001-a3,LIT
?,PUNCT,punct,SEN:17,cmr-wiki-c001-a3,LIT
?,PUNCT,punct,SEN:17,cmr-wiki-c001-a3,LIT
),PUNCT,ROOT,SEN:17,cmr-wiki-c001-a3,LIT
",",PUNCT,ROOT,SEN:17,cmr-wiki-c001-a3,LIT
etc.,ADV,ROOT,SEN:18,cmr-wiki-c001-a3,ORAL
!,PUNCT,punct,SEN:18,cmr-wiki-c001-a3,ORAL
Ce,DET,det,SEN:19,cmr-wiki-c001-a3,LIT
passage,NOUN,ROOT,SEN:19,cmr-wiki-c001-a3,LIT
là,ADV,advmod,SEN:19,cmr-wiki-c001-a3,LIT
parle,NOUN,amod,SEN:19,cmr-wiki-c001-a3,LIT
de,ADP,case,SEN:19,cmr-wiki-c001-a3,LIT
la,DET,det,SEN:19,cmr-wiki-c001-a3,LIT
définition,NOUN,nmod,SEN:19,cmr-wiki-c001-a3,LIT
de,ADP,case,SEN:19,cmr-wiki-c001-a3,LIT
l',DET,det,SEN:19,cmr-wiki-c001-a3,LIT
objet,NOUN,nmod,SEN:19,cmr-wiki-c001-a3,LIT
testé,ADJ,amod,SEN:19,cmr-wiki-c001-a3,LIT
.,PUNCT,punct,SEN:19,cmr-wiki-c001-a3,LIT
Ca,PRON,nsubj,SEN:20,cmr-wiki-c001-a3,ORAL
n',ADV,advmod,SEN:20,cmr-wiki-c001-a3,ORAL
a,VERB,ROOT,SEN:20,cmr-wiki-c001-a3,ORAL
pas,ADV,advmod,SEN:20,cmr-wiki-c001-a3,ORAL
de,DET,det,SEN:20,cmr-wiki-c001-a3,ORAL
rapport,NOUN,obj,SEN:20,cmr-wiki-c001-a3,ORAL
.,PUNCT,punct,SEN:20,cmr-wiki-c001-a3,ORAL
Si,SCONJ,ROOT,SEN:21,cmr-wiki-c001-a3,LIT
l',DET,det,SEN:21,cmr-wiki-c001-a3,LIT
auteur,NOUN,dep,SEN:21,cmr-wiki-c001-a3,LIT
parle,ADJ,amod,SEN:21,cmr-wiki-c001-a3,LIT
de,ADP,case,SEN:21,cmr-wiki-c001-a3,LIT
"""",PUNCT,punct,SEN:21,cmr-wiki-c001-a3,LIT
l',DET,det,SEN:21,cmr-wiki-c001-a3,LIT
intelligence,NOUN,nmod,SEN:21,cmr-wiki-c001-a3,LIT
"""",PUNCT,punct,SEN:21,cmr-wiki-c001-a3,LIT
(,PUNCT,punct,SEN:21,cmr-wiki-c001-a3,LIT
?,PUNCT,punct,SEN:21,cmr-wiki-c001-a3,LIT
),PUNCT,punct,SEN:21,cmr-wiki-c001-a3,LIT
",",PUNCT,punct,SEN:21,cmr-wiki-c001-a3,LIT
il,PRON,nsubj,SEN:22,cmr-wiki-c001-a3,LIT
peut,VERB,ROOT,SEN:22,cmr-wiki-c001-a3,LIT
se,PRON,expl:comp,SEN:22,cmr-wiki-c001-a3,LIT
référer,VERB,xcomp,SEN:22,cmr-wiki-c001-a3,LIT
à,ADP,case,SEN:22,cmr-wiki-c001-a3,LIT
l',DET,det,SEN:22,cmr-wiki-c001-a3,LIT
article,NOUN,obl:arg,SEN:22,cmr-wiki-c001-a3,LIT
en,ADP,case,SEN:22,cmr-wiki-c001-a3,LIT
émergence,NOUN,obl:mod,SEN:22,cmr-wiki-c001-a3,LIT
sur,ADP,case,SEN:22,cmr-wiki-c001-a3,LIT
le,DET,det,SEN:22,cmr-wiki-c001-a3,LIT
sujet,NOUN,nmod,SEN:22,cmr-wiki-c001-a3,LIT
.,PUNCT,punct,SEN:22,cmr-wiki-c001-a3,LIT
S',SCONJ,mark,SEN:23,cmr-wiki-c001-a3,ORAL
il,PRON,nsubj,SEN:23,cmr-wiki-c001-a3,ORAL
parle,VERB,ROOT,SEN:23,cmr-wiki-c001-a3,ORAL
de,ADP,case,SEN:23,cmr-wiki-c001-a3,ORAL
certaines,DET,det,SEN:23,cmr-wiki-c001-a3,ORAL
facultés,NOUN,obl:arg,SEN:23,cmr-wiki-c001-a3,ORAL
...,PUNCT,punct,SEN:23,cmr-wiki-c001-a3,ORAL
Eh,INTJ,dep,SEN:24,cmr-wiki-c001-a3,LIT
bien,ADV,fixed,SEN:24,cmr-wiki-c001-a3,LIT
",",PUNCT,punct,SEN:24,cmr-wiki-c001-a3,LIT
les,DET,det,SEN:24,cmr-wiki-c001-a3,LIT
tests,NOUN,nsubj,SEN:24,cmr-wiki-c001-a3,LIT
de,ADP,case,SEN:24,cmr-wiki-c001-a3,LIT
QI,PRON,nmod,SEN:24,cmr-wiki-c001-a3,LIT
ne,ADV,advmod,SEN:24,cmr-wiki-c001-a3,LIT
mesurent,VERB,ROOT,SEN:24,cmr-wiki-c001-a3,LIT
pas,ADV,advmod,SEN:24,cmr-wiki-c001-a3,LIT
celles,ADJ,obj,SEN:24,cmr-wiki-c001-a3,LIT
-là,PRON,nsubj,SEN:24,cmr-wiki-c001-a3,LIT
.,PUNCT,punct,SEN:24,cmr-wiki-c001-a3,LIT
Point,PROPN,ROOT,SEN:25,cmr-wiki-c001-a3,ORAL
.,PUNCT,punct,SEN:25,cmr-wiki-c001-a3,ORAL
Ce,PRON,nsubj,SEN:26,cmr-wiki-c001-a3,LIT
n',ADV,advmod,SEN:26,cmr-wiki-c001-a3,LIT
est,AUX,cop,SEN:26,cmr-wiki-c001-a3,LIT
pas,ADV,advmod,SEN:26,cmr-wiki-c001-a3,LIT
ce,PRON,ROOT,SEN:26,cmr-wiki-c001-a3,LIT
dont,PRON,iobj,SEN:26,cmr-wiki-c001-a3,LIT
il,PRON,expl:subj,SEN:26,cmr-wiki-c001-a3,LIT
est,AUX,cop,SEN:26,cmr-wiki-c001-a3,LIT
question,NOUN,acl:relcl,SEN:26,cmr-wiki-c001-a3,LIT
quand,SCONJ,mark,SEN:26,cmr-wiki-c001-a3,LIT
on,PRON,nsubj,SEN:26,cmr-wiki-c001-a3,LIT
parle,VERB,acl:relcl,SEN:26,cmr-wiki-c001-a3,LIT
de,ADP,case,SEN:26,cmr-wiki-c001-a3,LIT
dépendance,NOUN,nmod,SEN:26,cmr-wiki-c001-a3,LIT
socio-culturelle,ADJ,amod,SEN:26,cmr-wiki-c001-a3,LIT
.,PUNCT,punct,SEN:26,cmr-wiki-c001-a3,LIT
Notons,NOUN,ROOT,SEN:27,cmr-wiki-c001-a3,LIT
que,SCONJ,mark,SEN:27,cmr-wiki-c001-a3,LIT
"""",PUNCT,punct,SEN:27,cmr-wiki-c001-a3,LIT
l',DET,det,SEN:27,cmr-wiki-c001-a3,LIT
intuition,NOUN,dep,SEN:27,cmr-wiki-c001-a3,LIT
"""",PUNCT,punct,SEN:27,cmr-wiki-c001-a3,LIT
",",PUNCT,punct,SEN:27,cmr-wiki-c001-a3,LIT
en,ADP,case,SEN:27,cmr-wiki-c001-a3,LIT
tant,ADV,fixed,SEN:27,cmr-wiki-c001-a3,LIT
que,SCONJ,fixed,SEN:27,cmr-wiki-c001-a3,LIT
capacité,NOUN,obl:mod,SEN:27,cmr-wiki-c001-a3,LIT
à,ADP,mark,SEN:27,cmr-wiki-c001-a3,LIT
repérer,VERB,acl,SEN:27,cmr-wiki-c001-a3,LIT
des,DET,det,SEN:27,cmr-wiki-c001-a3,LIT
éléments,NOUN,obj,SEN:27,cmr-wiki-c001-a3,LIT
permettant,VERB,acl,SEN:27,cmr-wiki-c001-a3,LIT
d',ADP,mark,SEN:27,cmr-wiki-c001-a3,LIT
anticiper,VERB,xcomp,SEN:27,cmr-wiki-c001-a3,LIT
les,DET,det,SEN:27,cmr-wiki-c001-a3,LIT
effets,NOUN,obj,SEN:27,cmr-wiki-c001-a3,LIT
d',ADP,case,SEN:27,cmr-wiki-c001-a3,LIT
une,DET,det,SEN:27,cmr-wiki-c001-a3,LIT
action,NOUN,nmod,SEN:27,cmr-wiki-c001-a3,LIT
ou,CCONJ,cc,SEN:27,cmr-wiki-c001-a3,LIT
situation,NOUN,conj,SEN:27,cmr-wiki-c001-a3,LIT
",",PUNCT,punct,SEN:27,cmr-wiki-c001-a3,LIT
est,AUX,aux:pass,SEN:27,cmr-wiki-c001-a3,LIT
prise,VERB,ROOT,SEN:27,cmr-wiki-c001-a3,LIT
en,ADP,case,SEN:27,cmr-wiki-c001-a3,LIT
compte,NOUN,obl:arg,SEN:27,cmr-wiki-c001-a3,LIT
dans,ADP,case,SEN:27,cmr-wiki-c001-a3,LIT
les,DET,det,SEN:27,cmr-wiki-c001-a3,LIT
tests,NOUN,obl:mod,SEN:27,cmr-wiki-c001-a3,LIT
de,ADP,case,SEN:27,cmr-wiki-c001-a3,LIT
QI,PRON,nmod,SEN:27,cmr-wiki-c001-a3,LIT
(,PUNCT,punct,SEN:27,cmr-wiki-c001-a3,LIT
forcément,VERB,amod,SEN:27,cmr-wiki-c001-a3,LIT
",",PUNCT,punct,SEN:27,cmr-wiki-c001-a3,LIT
puisqu',SCONJ,mark,SEN:27,cmr-wiki-c001-a3,LIT
il,PRON,expl:subj,SEN:27,cmr-wiki-c001-a3,LIT
faut,VERB,advcl,SEN:27,cmr-wiki-c001-a3,LIT
deviner,VERB,xcomp,SEN:27,cmr-wiki-c001-a3,LIT
le,DET,det,SEN:27,cmr-wiki-c001-a3,LIT
résultat,NOUN,obj,SEN:27,cmr-wiki-c001-a3,LIT
d',ADP,case,SEN:27,cmr-wiki-c001-a3,LIT
après,ADP,fixed,SEN:27,cmr-wiki-c001-a3,LIT
les,DET,det,SEN:27,cmr-wiki-c001-a3,LIT
éléments,NOUN,nmod,SEN:27,cmr-wiki-c001-a3,LIT
donnés,VERB,acl,SEN:27,cmr-wiki-c001-a3,LIT
),PUNCT,punct,SEN:27,cmr-wiki-c001-a3,LIT
",",PUNCT,punct,SEN:27,cmr-wiki-c001-a3,LIT
et,CCONJ,cc,SEN:27,cmr-wiki-c001-a3,LIT
même,ADV,advmod,SEN:27,cmr-wiki-c001-a3,LIT
insconsciente,ADJ,conj,SEN:27,cmr-wiki-c001-a3,LIT
",",PUNCT,punct,SEN:27,cmr-wiki-c001-a3,LIT
puisqu',SCONJ,mark,SEN:27,cmr-wiki-c001-a3,LIT
on,PRON,nsubj,SEN:27,cmr-wiki-c001-a3,LIT
ne,ADV,advmod,SEN:27,cmr-wiki-c001-a3,LIT
doit,VERB,advcl,SEN:27,cmr-wiki-c001-a3,LIT
pas,ADV,advmod,SEN:27,cmr-wiki-c001-a3,LIT
fournir,VERB,xcomp,SEN:27,cmr-wiki-c001-a3,LIT
de,DET,det,SEN:27,cmr-wiki-c001-a3,LIT
justification,NOUN,obj,SEN:27,cmr-wiki-c001-a3,LIT
de,ADP,case,SEN:27,cmr-wiki-c001-a3,LIT
ses,DET,det,SEN:27,cmr-wiki-c001-a3,LIT
réponses,NOUN,nmod,SEN:27,cmr-wiki-c001-a3,LIT
.,PUNCT,punct,SEN:27,cmr-wiki-c001-a3,LIT
enfin,ADV,advmod,SEN:28,cmr-wiki-c001-a3,LIT
",",PUNCT,punct,SEN:28,cmr-wiki-c001-a3,LIT
le,DET,det,SEN:28,cmr-wiki-c001-a3,LIT
test,NOUN,nsubj,SEN:28,cmr-wiki-c001-a3,LIT
de,ADP,case,SEN:28,cmr-wiki-c001-a3,LIT
QI,PRON,nmod,SEN:28,cmr-wiki-c001-a3,LIT
ne,ADV,advmod,SEN:28,cmr-wiki-c001-a3,LIT
donnant,VERB,advcl,SEN:28,cmr-wiki-c001-a3,LIT
qu',SCONJ,mark,SEN:28,cmr-wiki-c001-a3,LIT
une,DET,det,SEN:28,cmr-wiki-c001-a3,LIT
note,NOUN,obl:mod,SEN:28,cmr-wiki-c001-a3,LIT
globale,ADJ,amod,SEN:28,cmr-wiki-c001-a3,LIT
",",PUNCT,punct,SEN:28,cmr-wiki-c001-a3,LIT
il,PRON,nsubj,SEN:28,cmr-wiki-c001-a3,LIT
ne,ADV,advmod,SEN:28,cmr-wiki-c001-a3,LIT
permet,VERB,ccomp,SEN:28,cmr-wiki-c001-a3,LIT
pas,ADV,advmod,SEN:28,cmr-wiki-c001-a3,LIT
de,ADP,mark,SEN:28,cmr-wiki-c001-a3,LIT
connaître,VERB,xcomp,SEN:28,cmr-wiki-c001-a3,LIT
la,DET,det,SEN:28,cmr-wiki-c001-a3,LIT
qualité,NOUN,obj,SEN:28,cmr-wiki-c001-a3,LIT
de,ADP,case,SEN:28,cmr-wiki-c001-a3,LIT
la,DET,det,SEN:28,cmr-wiki-c001-a3,LIT
capacité,NOUN,nmod,SEN:28,cmr-wiki-c001-a3,LIT
intellectuelle,ADJ,amod,SEN:28,cmr-wiki-c001-a3,LIT
du,ADP,case,SEN:28,cmr-wiki-c001-a3,LIT
sujet,NOUN,nmod,SEN:28,cmr-wiki-c001-a3,LIT
testé,ADJ,amod,SEN:28,cmr-wiki-c001-a3,LIT
",",PUNCT,punct,SEN:28,cmr-wiki-c001-a3,LIT
il,PRON,nsubj,SEN:28,cmr-wiki-c001-a3,LIT
ne,ADV,advmod,SEN:28,cmr-wiki-c001-a3,LIT
donne,VERB,ROOT,SEN:28,cmr-wiki-c001-a3,LIT
pas,ADV,advmod,SEN:28,cmr-wiki-c001-a3,LIT
de,ADP,det,SEN:28,cmr-wiki-c001-a3,LIT
renseignements,NOUN,obj,SEN:28,cmr-wiki-c001-a3,LIT
sur,ADP,case,SEN:28,cmr-wiki-c001-a3,LIT
ses,DET,det,SEN:28,cmr-wiki-c001-a3,LIT
points,NOUN,nmod,SEN:28,cmr-wiki-c001-a3,LIT
forts,ADJ,amod,SEN:28,cmr-wiki-c001-a3,LIT
et,CCONJ,cc,SEN:28,cmr-wiki-c001-a3,LIT
ses,DET,det,SEN:28,cmr-wiki-c001-a3,LIT
points,NOUN,conj,SEN:28,cmr-wiki-c001-a3,LIT
faibles,ADJ,amod,SEN:28,cmr-wiki-c001-a3,LIT
.,PUNCT,punct,SEN:28,cmr-wiki-c001-a3,LIT
