alliance pour homme en or blanc et or jaune 18 carats .,SEN:0,e05p-101-0,LIT
"photocopie du certificat d' authenticité à l' appuis , garantie à vie .",SEN:1,e05p-101-1,LIT
Vends sac MAC DOUGLAS neuf L' objet de la vente est totalement neuf et est encore sous son emballage d' origine .,SEN:0,e05p-102-0,LIT
Références indiquées sur étiquette : Référence : GALIZ - ZIPA Couleur : FH05 - FLEUR HAWAI TURQUOISE Taille : M Nylon garni de synthétique façon cuir FRAIS DE LIVRAISON OFFERTS !,SEN:1,e05p-102-1,LIT
"Poussette Babidéal 3 roues ( 125 cm ) état neuf , conforme aux normes NF , pour enfants de + de 6 mois ( dossier droit ) , toit pare-soleil",SEN:0,e05p-103-0,LIT
"rabattable , grand panier , tablier couvre jambes , protège pluie",SEN:1,e05p-103-1,LIT
Profil 10 textes expliqués de Germinal de Emile zola plusieurs extrait expliqué ou commentés ou rédaction de plan Prix neuf 6.0euro,SEN:0,e05p-104-0,LIT
à 2.00euro,SEN:1,e05p-104-1,LIT
Les fraisde port carie suivant l' option que vous voulez me contacter est le mieu pour être bien renseigner mais il faut compter entre 2.76euro,SEN:2,e05p-104-2,LIT
et 4.53euro,SEN:3,e05p-104-3,LIT
COLERE DES DIEUX BORDS NOIRS en trés bon état(NM ) de la 3ème édition ( signée ) .,SEN:0,e05p-105-0,LIT
Profitez de réductions sur vos achats en les groupants : 1euro de frais de port pour le premier achat puis 0.5euro,SEN:1,e05p-105-1,LIT
par nouvel achat .,SEN:2,e05p-105-2,LIT
"a vendre 2 sieges bacquets COBRA TROPHY + harnais EKTOR très bon etat , servi 2 mois contacter moi pour + de details bonnes encheres Consultez mes autres objets !",SEN:0,e05p-106-0,LIT
VENDS JEU NEUF ENCORE SOUS EMBALLAGE EUREKA LE BON MOT BIEN FRAPPE JEU ELECTRONIQUE FONCTIONNANT A PILES MARQUE RAVENBURGER IDEAL POUR LES TOUS LES ENFANTS BONNES ENCHERES A TOUTES ET A TOUS,SEN:0,e05p-107-0,ORAL
"Balance jouet pour enfant comme "" mamy "" Accepte uniquement virement IBAN et BIC ou chèque français sans frais mais avec copie pièce identité ou attente encaissement - Pas",SEN:0,e05p-108-0,LIT
"de cash , pas pay - pal ,",SEN:1,e05p-108-1,LIT
pas timbres postaux !,SEN:2,e05p-108-2,LIT
"Tout est posté en colissimo suivi au départ de Maubeuge , envoi sous 48 heures .",SEN:3,e05p-108-3,LIT
Je soigne au maximum l' emballage de tous mes objets . MON,SEN:4,e05p-108-4,LIT
"BUT QUE VOUS SOYEZ SATISFAIT de votre achat Merci et bienvenue aux nouveaux ( profil 0 ou 1 ) de m' écrire avant d' enchérir , un petit contact sympa et c' est ok !",SEN:5,e05p-108-5,LIT
Consultez mes autres objets ! N' oubliez,SEN:6,e05p-108-6,LIT
pas de m' ajouter à votre liste de favoris !,SEN:7,e05p-108-7,LIT
"Comme NEUF Indispensable à la maternité , le bonnet !",SEN:0,e05p-109-0,LIT
"En voici un , utilisé à la naissance , lavé et rangé ...",SEN:1,e05p-109-1,LIT
Allez voir mes autres ventes .....,SEN:2,e05p-109-2,LIT
BONNES ENCHERES,SEN:3,e05p-109-3,ORAL
"LOT DE LIVRES D' OCCASION - 120 LIVRES RELIES TOILE OU BROCHES ( littérature diverse - majoritairement édités par Le Grand Livre du Mois ) - 60 LIVRES format Poche ( romans divers - édités par le Livre de Poche ) pour détail , me contacter - liste non disponible",SEN:0,e05p-110-0,LIT
"VEND TENUE COMPLETE POUR POUPEE GEGE NEUVE SORTIE DE SON EMBALLAGE CETTE TENUE CORRESPOND A UNE POUPEE TAILLE 40 -45 CM EXCELLENT ETAT A SAISIR POUR LES COLLECTIONNEURS BONNES ENCHERES PREVOIR ENVOI COLISSIMO 6,15 EUROS",SEN:0,e05p-111-0,ORAL
A SAISIR ! ! ! ! ! ! ! !,SEN:0,e05p-112-0,ORAL
"TEE - SHIRT PUMA FEMME T44 100 % COTON , COULEUR BLEU NUIT AVEC INSCRIPTION PUMA + ENCOLURE EN JAUNE ( VOIR PHOTOS ) NEUF DANS SON EMBALLAGE D' ORIGINE AU PRIX DE DEPART DE 10 EUROS .",SEN:1,e05p-112-1,LIT
LIVRAISON VERS LA FRANCE UNIQUEMENT .,SEN:2,e05p-112-2,LIT
FRAIS DE PORT DE 6 EUROS POUR ENVOI EN RECOMMANDE R1 AVEC AR NON NEGOCIABLE .,SEN:3,e05p-112-3,LIT
SI VOUS AVEZ DES QUESTIONS N' HESITEZ PAS !,SEN:4,e05p-112-4,LIT
PAS DE LIVRAISON EN MAIN PROPRE .,SEN:5,e05p-112-5,LIT
ENVOI SOIGNE DES RECEPTION ET ENCAISSEMENT PAR CHEQUE OU PAYPAL(DE PREFERENCE ) .,SEN:6,e05p-112-6,LIT
Coupe da la faiencerie Sarreguemines . Modèle,SEN:0,e05p-113-0,LIT
Favori Motifs floraux et animaliers de couleur bleue(oiseaux et roses sauvages à l' intérieur comme à l' extérieur de la coupe ) .,SEN:1,e05p-113-1,LIT
Diamètre à l' encolure environ 24 cm .,SEN:2,e05p-113-2,LIT
Hauteur de 9.5,SEN:3,e05p-113-3,LIT
cm .,SEN:4,e05p-113-4,LIT
Légèrement ébréchée sur le haut .,SEN:5,e05p-113-5,LIT
Tout petit impact à l' intérieur .,SEN:6,e05p-113-6,LIT
N' hésitez pas à me contacter pour de plus amples renseignements ou photos .,SEN:7,e05p-113-7,LIT
Frais de port réduits pour achats groupés !,SEN:8,e05p-113-8,LIT
Manteau en cuir ancien Marque : MTV Taille unique ( equivalent 42/44 ) Poche intérieure Bon état,SEN:0,e05p-114-0,LIT
"VENDS SUPERBE CITROEN C5 EXCLUSIVE 2,2L HDI 136 CV , SUIVIE ET REVISION EFFECTUER CHEZ CITROEN .",SEN:0,e05p-115-0,LIT
VOITURE TRES PROPRE ET EN SUPERBE ETAT .,SEN:1,e05p-115-1,LIT
TOUTES OPTIONS .,SEN:2,e05p-115-2,LIT
VISIBLE A LYON .,SEN:3,e05p-115-3,LIT
POUR PLUS D' INFORMATION N' HESITERPAS A ME CONTACTER AU : 06 # # # # 90,SEN:4,e05p-115-4,LIT
Voici 3 épisodes de la vie de Candy .,SEN:0,e05p-116-0,LIT
"Ce sont les épisodes de ses débuts chez la famille Legrand et sa rencontre avec Elisa et Daniel , mais aussi avec tous ses futurs amis sincères : Anthony , Archibald et Alistair ...",SEN:1,e05p-116-1,LIT
Un vrai délice pour les amateurs de cette série TV qui reste de loin la plus belle et la plus originale ...,SEN:2,e05p-116-2,LIT
"La K7 est en bonne état et j' ai même rajouter des images "" Panini""(photos originales du film ) qui correspondent à l' histoire de cette cassette .",SEN:3,e05p-116-3,LIT
"Jean Levi Strauss & Co 595 W27 / L30 , bon état .",SEN:0,e05p-117-0,LIT
Braguette zippée .,SEN:1,e05p-117-1,LIT
97 % coton 3 % élastane .,SEN:2,e05p-117-2,LIT
Je vends mes jean' s après ma grossesse !,SEN:3,e05p-117-3,LIT
banquette arrière en bonne état de talbot samba bahia bleu et violet,SEN:0,e05p-118-0,LIT
"ZU , LES GUERRIERS DE LA MONTAGNE MAGIQUE Edition collector limitée avec suppléments ( interview , bande annonce d' origine ... )",SEN:0,e05p-119-0,LIT
"un film de Tsui Hark , HK video Avec Sammo Hung ...",SEN:1,e05p-119-1,LIT
Zone 9 compaible zone 2 .,SEN:2,e05p-119-2,LIT
"Editeur : Jové 64 Pau Collection Toute la France , Numéro : 105 Cascade du pas de l' Ours Dos séparé Voyagée : Non Etat : très bon",SEN:0,e05p-120-0,LIT
VENDS KICKERS FEMME TAILLE 38 DE COULEUR JAUNE .,SEN:0,e05p-121-0,LIT
ETAT IMPECABLE,SEN:1,e05p-121-1,ORAL
Vtt pour enfant marque adventure one USA en acier non suspendu 6 vitesse 3 plateau.selle,SEN:0,e05p-122-0,LIT
un peu abimé le reste en bonne état lumièr arrière .,SEN:1,e05p-122-1,LIT
Disponible au 505 rue des hautes varennes 45200 amilly FRANCE,SEN:2,e05p-122-2,LIT
Magnifique lunettes soleil bollé 100 % autentique Satisfait ou remboursé d' occasion,SEN:0,e05p-123-0,LIT
"Beau t shirt lacoste blanc en bon état pas de trous , pas de tâches",SEN:0,e05p-124-0,LIT
Mignon petit t - schirt,SEN:0,e05p-125-0,LIT
de marque : LES FEUX DE LA MODE TAILLE 36,SEN:1,e05p-125-1,LIT
A vendre SEAT TOLEDO 1.9D,SEN:0,e05p-126-0,ORAL
"Friend ( diesel ) pour pièces car , le contrôle technique n' a pas été repassé Ce sera au meilleurs enchérisseur / acheteur de remettre le véhicule en circulation Moteur:169463 Kms 4 pneus en bon état Embrayage changé à 149300 Kms Courroie d' alternateur changée à 157370 Kms Courroie de direction assistée changée à 157370 Kms Courroie de distribution changée à 157370 Kms Galet tendeur changé à 157370 Kms Remplacement des 4 poignées de portes extérieurs Réservoir de direction changé Rotule de train avant gauche et , rotule de train avant droit changées Remplacement de la batterie le 12 Mars 2003 4 bougies de préchauffage changées le 3 Janvier 2004 Contrôle technique vierge en date du 7 Mai 2003(Kilométrage inscrit au compteur lors de ce dernier contrôle technique:164948 Kms ) Nombreuses factures à l' appui Prévoir remorquage du véhicule , actuellement en panne(problème électrique : plus de courant au tableau de bord en tournant la clé de contact donc , sans courant , le moteur ne se lance plus ) L' acheteur doit venir chercher le véhicule donc , prévoir le remorquage Paiement uniquement en espèces N' enchérissez que si vous êtes sûr de venir chercher le véhicule",SEN:1,e05p-126-1,LIT
AUDI A4 Avant Quattro 2.5,SEN:0,e05p-127-0,LIT
TDi180 Pack Plus Tiptronic .,SEN:1,e05p-127-1,LIT
"Noire ébene , cuir gris .",SEN:2,e05p-127-2,LIT
"36000kms 05/2004 , 1ere main , Française , Garantie constructeur 05/2008 .",SEN:3,e05p-127-3,LIT
Pneufs neufs .,SEN:4,e05p-127-4,LIT
"Lecteur DVD et DIVX ecrans appui têtes , casques audio sans fils .",SEN:5,e05p-127-5,LIT
"jantes alu 17 "" , vitres surteintees , all .",SEN:6,e05p-127-6,LIT
"auto phares , radio symphony , attelage amovible , tapis sols et coffre .",SEN:7,e05p-127-7,LIT
Prix : 35800euros,SEN:8,e05p-127-8,LIT
blouson lucky strike /suzuki textile manches amovibles etat neuf taille L sans protections,SEN:0,e05p-128-0,LIT
"Casque de marque Shark TRES TRES PEUS SERVIS , aucune rayures sur la visiere et aucun éclats de peinture sur le casque .",SEN:0,e05p-129-0,LIT
"Taille S Casque en parfait etat , A voir D' autre photos sur demande",SEN:1,e05p-129-1,LIT
Vend lot de 4 cartouches compatibles pour Hp Desjekt 710 E-45,SEN:0,e05p-130-0,LIT
Chemise homme de marque ESPRIT Taille française : XL Taille allemande : L NEUVE ! ! !,SEN:0,e05p-131-0,LIT
"Avec étiquettes , portée .",SEN:1,e05p-131-1,LIT
"En coton , assez légère .",SEN:2,e05p-131-2,LIT
Noire à carreaux blancs et oranges .,SEN:3,e05p-131-3,LIT
Vraiment très jolie .,SEN:4,e05p-131-4,LIT
Je l' avais achetée pour offrir mais elle est grande .,SEN:5,e05p-131-5,LIT
Prix en magasin : 35 euros .,SEN:6,e05p-131-6,LIT
"Les frais de port sont de 3,50 euros vers toute l' Europe .",SEN:7,e05p-131-7,LIT
Seuls les virements sont acceptés .,SEN:8,e05p-131-8,LIT
"Le meilleur enchérisseur devra me contacter dans les 3 jours de la fin de la vente , sans quoi la vente sera annulée .",SEN:9,e05p-131-9,LIT
Je lui transmettrai le compte sur lequel le virement devra être effectué .,SEN:10,e05p-131-10,LIT
Le colis sera envoyé dès la réception du virement .,SEN:11,e05p-131-11,LIT
Bonnes enchères à toutes et à tous .,SEN:12,e05p-131-12,LIT
Très rare montre chrono Yéma Spationnaute III.serie,SEN:0,e05p-132-0,LIT
spéciale vol spatial CCCP - FRANCE .,SEN:1,e05p-132-1,LIT
Quartz . Boitier,SEN:2,e05p-132-2,LIT
deux tons doré / acier.cadran,SEN:3,e05p-132-3,LIT
blanc compteur doré.jour,SEN:4,e05p-132-4,ORAL
et date .,SEN:5,e05p-132-5,LIT
fonctionne parfaitement.verre,SEN:6,e05p-132-6,ORAL
ok.diam,SEN:7,e05p-132-7,ORAL
3.8,SEN:8,e05p-132-8,ORAL
cm.bracelet,SEN:9,e05p-132-9,ORAL
cuir bleu .,SEN:10,e05p-132-10,LIT
1 pendentif avec neptune du signe verseau + 1 pendentif avec 1 fee avec quartz rose,SEN:0,e05p-133-0,LIT
PANTALON EN TRES BON ETAT L ENVOIE SE FAIT DES L ENCAISSEMENT DE VOTRE CHEQUE MERCI,SEN:0,e05p-134-0,ORAL
"Super petit pantalon Velours ras noir , aspect brillant Petit rabat asymétrique sur le devant , maitenu par un petit bouton , motif "" chiens "" , en application pailletée ( résiste au lavage ) en trés bon état , Photo sur demande Consultez mes autres articles , pour réduire les frais de port !",SEN:0,e05p-135-0,LIT
"Si vous préférez un autre mode d' envoi ( collissimo , recommandé , etc ... )",SEN:1,e05p-135-1,LIT
"faites le moi savoir à la fin de la vente , tout est possible",SEN:2,e05p-135-2,LIT
Troisiéme roman de ce jeune écrivain ; roman aux inquiétants parfums secret d' orient ..,SEN:0,e05p-136-0,LIT
"petites mouffles et écharpe , très chaud pour cet hiver jamais porté",SEN:0,e05p-137-0,LIT
"Jolie jupe provençale fabriquée en Provence , coton léger , taille élastiquée .",SEN:0,e05p-138-0,LIT
Motif fleuri avec une dominance de rouge . Cet,SEN:1,e05p-138-1,LIT
article n' a jamais été porté .,SEN:2,e05p-138-2,LIT
Lavable à 30 ° Taille 93/99 cm Longueur 81 cm,SEN:3,e05p-138-3,LIT
"Abri de jardin métallique de marque ARROW Dimension 3 m x 1,66 m - hauteur 1,80 m Surface 5 m2 Couleur gris Abri monté NON DEBALLE - DANS CARTON D' ORIGINE ( 1,85 m x 0,90 m x 0,15 m ) Photo non contractuelle",SEN:0,e05p-139-0,LIT
"Bureau en bois des années 50 ou 60 , superbe design avec plateau recouvert de vinyle vert , prévoir une rénovation du vinyle voir photo .",SEN:0,e05p-140-0,LIT
Le bureau et en bon état pour un meuble qui à 40 ans mais il faut prévoir de charger le vinyle sur le plateau et quelques petites retouches de vernis .,SEN:1,e05p-140-1,LIT
"Il fait 111 cm x 65,5 cm et 78 cm de haut .",SEN:2,e05p-140-2,LIT
Livraison possible sur Paris pour 30 euros ou à prendre dur place .,SEN:3,e05p-140-3,LIT
"Craquez pour ce beau T - shirt manches longues "" BURBERRY "" Porté par ma puce mais son état est impeccable ; voyez la photo , il est adorable .",SEN:0,e05p-141-0,LIT
-Taille 6 mois -100 % coton,SEN:1,e05p-141-1,LIT
vend un jeu séga megadrive 2 sonic 2 action avec boitier et notice,SEN:0,e05p-142-0,LIT
"EXTINCTEUR 6 KG POUDRE ABC ( AVEC MANO DEBIT VARIABLE ) DANS SON EMBALLAGE D ' ORIGINE Les extincteurs a poudre ABC sont efficaces sur tout les types de feu Feu de type A : bois , papiers , tissus , certaine matières plastiques telles que le PVC , nappe de cable électrique Feu de type B : Hydrocarbures ( essence , fioul , pétrole ) , acétone , alcools , solvant , matières plastiques , graisses , huile , peinture Feu de type C : propâne , butane , gaz naturel , gaz manufacturé L ' extincteur poudre abc 6 kq est idéal pour proteger les chaudiere ( bois , fioul , gaz ) , caravane , camping car , atteliers , stockage de carburant ou produits inflamables etc ...",SEN:0,e05p-143-0,LIT
Petit ange de 10 cm avec les ailes dorées,SEN:0,e05p-144-0,LIT
bol de 4.3l,SEN:0,e05p-145-0,LIT
de colori bleu pastel avec un couvercle rigide se fermant avec la paume de la main et les pouces fermeture étanche pour conserver vos salades composées suivant la grandeur du saladier,SEN:1,e05p-145-1,LIT
"machine à écrire milieu XX ° , numérotée CGA 52671 , très belle , très bon état",SEN:0,e05p-146-0,LIT
"A vendre 2 enjolivers peugeots , type oceane de 15 pouce bon etat",SEN:0,e05p-147-0,LIT
"Très joli et classique ensemble de marque ARTHUR ET FELICIE taille 9 mois , beige / gris , lin et coton : *",SEN:0,e05p-148-0,LIT
pantalon court taille élastiquée *,SEN:1,e05p-148-1,LIT
"veste avec col et boutonnage devant caché Broderies "" oiseau "" sur chaque partie .",SEN:2,e05p-148-2,LIT
Très porté .,SEN:3,e05p-148-3,LIT
Idéal pour cérémonie Infos et photos complémentaires sur demande .,SEN:4,e05p-148-4,LIT
2 casques de velo enfants de taille S et M en super etat de couleur noir,SEN:0,e05p-149-0,LIT
Jupe - culotte,SEN:0,e05p-150-0,ORAL
Jacqueline RIU en jean stretch bleu foncé .,SEN:1,e05p-150-1,LIT
"Forme très moderne , très bon état général .",SEN:2,e05p-150-2,LIT
Taille 46 ( étiquette coupée ) .,SEN:3,e05p-150-3,LIT
"Largeur de la taille mesurée à plat : 42 cm , hauteur : 93 cm .",SEN:4,e05p-150-4,LIT
N' hésitez pas à me demander d' autres photos .,SEN:5,e05p-150-5,LIT
"Enchérisseur pas sérieux s' abstenir , profil 0 : contact nécessaire .",SEN:6,e05p-150-6,LIT
Je ne suis pas responsable de pertes et retards de La Poste .,SEN:7,e05p-150-7,LIT
PANTALON DE TREILLIS CAMOUFLE TAILLE 44 NEUF,SEN:0,e05p-151-0,ORAL
Magnifique Tapis en Laine Dimension : 222 x 172 Très bon état .,SEN:0,e05p-152-0,LIT
"Pour tout renseignement complémentaire , contact 06 # # # 23 .",SEN:1,e05p-152-1,LIT
"Robe blanche , en jean 100 % coton , Nafnaf entièrement boutonnée devant par pressions deux poches plaquées ( avec pressions ) sur poitrine deux poches dans les coutures emmanchures américaines belle ampleur de jupe formée par pans coupés en biais d' entretien très facile très sayante et agréable à porter en toute occasion .",SEN:0,e05p-153-0,LIT
N' hésitez pas à vous faire plaisir ! ! !,SEN:1,e05p-153-1,LIT
"Magnifique , toujours dans la tendance cet indémodable modèle de la célèbre marque italienne GUCCI .",SEN:0,e05p-154-0,LIT
"monogramme marron , fermé par pression , anses en cuir , plaque métal gravée Gucci .",SEN:1,e05p-154-1,LIT
"absolument impeccable(import US Ebay ) , il est vraiment pratique en toutes circonstances , que ce soit en soirée ou tous les jours .",SEN:2,e05p-154-2,LIT
"dimensions 40 x 25 cms , pochette zippée à l' intérieur & compartiment portable .",SEN:3,e05p-154-3,LIT
La classe tout simplement .,SEN:4,e05p-154-4,LIT
je m' en sépare afin d' avoir ce modèle en rose .,SEN:5,e05p-154-5,LIT
"le flou sur les photos est 1 défaut de l' appareil , en aucun cas du sac , il est vraiment impeccable !",SEN:6,e05p-154-6,LIT
n' hésitez pas à me mailer vos questions Bonnes enchères ! !,SEN:7,e05p-154-7,LIT
Par les services de la Défense et de l' Education Nationales . Cartonnage,SEN:0,e05p-155-0,LIT
"illustré de l ' éditeur , 32pp , avec illustrations en couleurs imprimées sur papier fort . Quelques",SEN:1,e05p-155-1,LIT
taches sur la 4 ° de couv . Très,SEN:2,e05p-155-2,LIT
bon état pour ce manuel édité chez HACHETTE .,SEN:3,e05p-155-3,LIT
Table en verre Etat d' usage .,SEN:0,e05p-156-0,LIT
La plaque de verre et les pieds se démontent aisément pour le transport .,SEN:1,e05p-156-1,LIT
"Bien que moderne , elle va très bien dans un décor plus classique .",SEN:2,e05p-156-2,LIT
"Nous nous en débarrassons pour cause de déménagement , profitez -en !",SEN:3,e05p-156-3,LIT
"C' est une bonne affaire , cependant il faut absolument venir chercher la table sur place ( Metz centre ) le mardi 16 août ( en soirée ) ou le mercredi 17 août ( matinée ) .",SEN:4,e05p-156-4,LIT
Voyez mes autres ventes !,SEN:5,e05p-156-5,LIT
Super joli débardeur bleu marine pailleté fines bretelles .,SEN:0,e05p-157-0,LIT
Taille 2 ( 38 ) .,SEN:1,e05p-157-1,LIT
Autres photos disponibles sur demande .,SEN:2,e05p-157-2,LIT
N' hésitez pas à me contacter si besoin de renseignements supplémentaires .,SEN:3,e05p-157-3,LIT
"Consultez mes autres ventes , réduction des frais de port si achats regroupés .",SEN:4,e05p-157-4,LIT
Merci de votre visite et bonnes enchères !,SEN:5,e05p-157-5,LIT
original robe noir avec des rayures blanches .,SEN:0,e05p-158-0,LIT
T38/40 mais peut aller a un 42 car elle est elastique .,SEN:1,e05p-158-1,LIT
etat neuf car mise une fois seulement .,SEN:2,e05p-158-2,LIT
prix de depart 1euro n' hesitez pas a me contacter pour vos questions .,SEN:3,e05p-158-3,LIT
bonne encheres,SEN:4,e05p-158-4,LIT
vends ensemble canapé 3 places avec ses 2 fauteuils type Louis XVI bon état,SEN:0,e05p-159-0,LIT
"insigne de la libération bleu blanc rouge , marqué libe nord libération avec la statue de la liberté .",SEN:0,e05p-160-0,LIT
"Service de table porcelaine de France 109 pièces - 36 assiettes plates , 12 creuses , 12 à dessert , 7 plats , 2 saladiers , saucière , soupière , 12 coupe à glaces .",SEN:0,e05p-161-0,LIT
"service à café 11 tasses + sous tasses , cafetière , sucrier , pot à lait : 400 euro .",SEN:1,e05p-161-1,LIT
"petit prix pour superbe service , n' hesitez pas à me contacter pour plus de renseignements",SEN:2,e05p-161-2,LIT
Très jolie paire de sandales de ville rouge .,SEN:0,e05p-162-0,LIT
Talon large et confortable d' environ 4 cm .,SEN:1,e05p-162-1,LIT
"Se portent aussi bien avec un pantalon qu' avec une jupe , la lanière d' attache se trouve juste en dessous de la cheville pour une petite originalité .",SEN:2,e05p-162-2,LIT
La semelle est en bon état mais il y a quelques traces noires sur le dessus de la chaussure gauche .,SEN:3,e05p-162-3,LIT
"Superbe pull rayé noir , blanc et fil doré ---- taille 5 ( env .",SEN:0,e05p-163-0,LIT
54/56)---- en acrylique et élasthane ---- longueur 70 cm ---- marque Chou rose ---- manches longues ---- fentes sur côtés ---- largeur en bas 70 cm .,SEN:1,e05p-163-1,LIT
Vend di mauro anne 40.+,SEN:0,e05p-164-0,ORAL
micro rosace shaller bonne etat . Son,SEN:1,e05p-164-1,LIT
bien equilibrer entre bass et aigu . Bien,SEN:2,e05p-164-2,LIT
que ca forme soit classique c' est une bonne guitare avec mecanique et cordier dorigine et le son !,SEN:3,e05p-164-3,LIT
d' epoque.signature,SEN:4,e05p-164-4,LIT
di mauro oblige ...,SEN:5,e05p-164-5,ORAL
bonne encheres ! !,SEN:6,e05p-164-6,LIT
vends cartouche d encre couleur neuve(non déballée ) n° 26 pour imprimante lexmark;Le prix neuf en commerce est de 35euro Bonnes enchères,SEN:0,e05p-165-0,LIT
Vends à l' unité revue Moto Légende du N ° 93(07/99 ) ( 02/01 ) au N ° 110 ( 02/01 ) ainsi que revue Moto Magazine du N ° 174 ( 02/01 ) au N ° 219 ( 07/05 ) ainsi que les hors - séries15,SEN:0,e05p-166-0,LIT
à 26 .,SEN:1,e05p-166-1,LIT
Je vous envoie le détail à la demande,SEN:2,e05p-166-2,LIT
Pour chambre enfant ou pour bureau Côté gauche : penderie + 1 étagère .,SEN:0,e05p-167-0,LIT
Côté droit : 5 tiroirs + 1 niche avec une étagère .,SEN:1,e05p-167-1,LIT
Dimensions : Longueur 117 cm Hauteur 160 cm Pronfondeur 47 cm Bon état .,SEN:2,e05p-167-2,LIT
"Pas de livraison , venir chercher sur place dans le 78 .",SEN:3,e05p-167-3,LIT
"Mode de paiement accepté : chèque , espèces .",SEN:4,e05p-167-4,LIT
"beau top 100 % soie de Claudie pierlot boutonnée par de petits boutons sur le devant + 1 lien a nouer taille 3 ( 40 /42 ) excellent etat je suis absente jusqu' au 12 aout , et je ne pourraisrepondre a vos question qu' à partir de cette date .",SEN:0,e05p-168-0,LIT
merci !,SEN:1,e05p-168-1,ORAL
affiche publicitaire PICON BIERRE dimension : 120x160 cm très légère traces pliures sur l' affiche prix bas de départ bonne enchère à tous,SEN:0,e05p-169-0,LIT
Jolie petite porte ancienne de caisse d' horloge avec trou dans le panneau central pour voir le balancier Dim .,SEN:0,e05p-170-0,LIT
146 X 46 cm Poids 7 kg Frais d' emballage et colissimo France 14 euros,SEN:1,e05p-170-1,LIT
"robe femme taille 38,tres belle voir photo .",SEN:0,e05p-171-0,LIT
SUPER ENSEMBLE 100 % SOIE HAUT AVEC CAPUCHE ET MANCHES MI LONGUES FERMETURE AVEC BOUTON BAS STYLE JUPE CULOTTE LARGE TRES AGREABLE A PORTER,SEN:0,e05p-172-0,LIT
tee shirt bleu ciel rayé blanc boutonnages devant une petit poche dans laquelle est attaché une baleine que l' on peut sortir de la poche 100 % Coton short uni bleu ciel élastiqué à la taille 100 % Coton,SEN:0,e05p-173-0,LIT
JUPE COULEUR CREME ETIQUETER 48 MAIS CORRESPOND A 42 ! !,SEN:0,e05p-174-0,ORAL
"jamais PORTES , NEUF AVEC ETIQUETTE DCA SAISIR !",SEN:1,e05p-174-1,LIT
"POSIBILITER SUR LE COTES DOUVRIR , ET AINSI DE FAIRE UNE FENTE !",SEN:2,e05p-174-2,LIT
BONNE ENCHERES A TOUS ET POUR PLUS DE PHOTOS CONTACTEZ MOI !,SEN:3,e05p-174-3,ORAL
Maillot Cycliste Taille 42 ( ou L ) - Correspond à une personne d' une taille allant jusqu' à 1m70 environ ----- 3 grandes poches à l' arriére - Elastique au bas du maillot pour tenir prés du corps -- Fabriqué en France - 100 % polyester - Tissu assez chaud - Idéal pour porter en demi -saison ou pour les sorties vélo d' hiver ---- Bon etat - servi ( 5 fois maxi ) -,SEN:0,e05p-175-0,LIT
"Contenance 2L5 , A EBULLITION LA VAPEUR FAIT SIFFLER L' OISEAU",SEN:0,e05p-176-0,LIT
"bonjour , je vend ici une aide pour débuter en bourse et répondre a vos questions .",SEN:0,e05p-177-0,LIT
"beaucoup de monde débute en bourse en pensant à la richesse facile mais déchante trés vite , je propose de répondre a toutes vos questions , à vous aidez a faire fructifier votre portefeuille .",SEN:1,e05p-177-1,LIT
"de la recherche de la meilleur offre d' opérateur boursier , en fonction de vos objectifs et de vos moyens , jusqu' au choix des valeurs .",SEN:2,e05p-177-2,LIT
"si vous n' etes plus débutant mais que vous perdez de l' argent , je peux vous aiguillé et nous rechercherons ensemble pourquoi vous perdez .",SEN:3,e05p-177-3,LIT
"pour information la performance de mon portefeuille est actuellement de 30 % depuis le début de l' année , mais mes premiers mois , il y a plus de trois ans , ont été désastreux c' est pour ca que je propose cette aide pour vous évitez comme beaucoup de perdre pendant quelques mois et d' arrêtez définitivement la bourse .",SEN:4,e05p-177-4,LIT
"la bourse est le meilleur moyen de gagner de l' argent légalement sur internet , mais il est aussi un piége pour tous ceux qui essaye , sans connaître les rouages de ce systéme , qui enrichi toujours les plus riche en plumant les plus modeste , mais en suivant les plus riche ont arrive à prendre sa part du gateau .",SEN:5,e05p-177-5,LIT
"donc voila vous remportez l' enchére , je répond a toute vos questions , et je vous accompagne dans votre gestion de portefeuille .",SEN:6,e05p-177-6,LIT
ATTENTION ! ! ! !,SEN:0,e05p-178-0,ORAL
collectionneur de magic !,SEN:1,e05p-178-1,LIT
vends pack de 4 Carte MAGIC rare en bon etat * hordes,SEN:2,e05p-178-2,LIT
démioniaque * reine,SEN:3,e05p-178-3,ORAL
sorciere * assassin,SEN:4,e05p-178-4,ORAL
royal * seigneur,SEN:5,e05p-178-5,ORAL
de l' abime,SEN:6,e05p-178-6,LIT
Ces deux plats en terre cuite émaillée et vitrée sont de ma création .,SEN:0,e05p-179-0,LIT
"Le plus grand mesure 12,5 cm sur 10 cm .",SEN:1,e05p-179-1,LIT
Le petit mesure 10 cm sur 4 cm .,SEN:2,e05p-179-2,LIT
"A eux deux , ils pèsent 230gr .",SEN:3,e05p-179-3,LIT
De couleur vert - olive,SEN:4,e05p-179-4,ORAL
ils se prêtent à accueuillir les petits amuse - bouche,SEN:5,e05p-179-5,LIT
"( olives , cacahuètes et autres pistaches ) de l' apéro ou à décorer une belle table .",SEN:6,e05p-179-6,LIT
"Leur forme rappelle celle des biscuits appelés Pellerines en Suisse , et permet des agencement de style "" zen "" .",SEN:7,e05p-179-7,LIT
Le paiement peut se faire par virement bancaire ou par chèque .,SEN:8,e05p-179-8,LIT
"Les frais de livraison sont de 20euros pour la Suisse , la France , l' Autriche , l' Allemagne et l' Italie .",SEN:9,e05p-179-9,LIT
Polo beige manches longues Dessin au dos .,SEN:0,e05p-180-0,LIT
100 % coton Marque : FAS SIA NOS Taille : L Etat : Très bon .,SEN:1,e05p-180-1,LIT
Consultez mes autres objets !,SEN:2,e05p-180-2,LIT
tee shirt uni jennyfer turquoise à manches courtes en coton . Portez,SEN:0,e05p-181-0,LIT
que quelques fois ...,SEN:1,e05p-181-1,LIT
"vous voulez compléter votre service , ou en commencer un LOT IMPORTANT TRES RARE - A NE PAS MANQUERmagnifique LOT DE 11 ASSIETTES PLATES ( 4 sont impeccables , 7 portes une félure en longueur sur une partie de l' asssette SERVICE LABRADOR DUBARRY ROSE CREIL ET MONTEREAU ( indiqué sous les assiettes ) frais de port groupés si achats groupés consultez mes autres ventes !",SEN:0,e05p-182-0,LIT
j' ai une autre vente avec 14 assiettes à dessert du meme service ! ! !,SEN:1,e05p-182-1,LIT
"Je suis en congés du 6 au 16//8/05 Merci de votre compréhension si réponse non immédiate En cas d' achat groupé , possibilité de regrouper les frais de port Colieco jusqu' à 1 Kg 5,10 EURO plus lourd ; me consulter Bien que n' ayant jamais eu de problème avec les colieco , je précise que je décline toute responsabilité si le colis n' arrivait pas à destination Colissimo jusqu' à 1 Kg 6,15 EURO plus lourd me consulter",SEN:2,e05p-182-2,LIT
VENTE LISTE DE FOURNISSEURS JE VENDS LA LISTE LA PLUS COMPLETE DE FOURNISSEURS ACTUEL .,SEN:0,e05p-183-0,LIT
CELLE CI REGROUPE UN NOMBRE CONSIDERABLE VERS DES SITES OU VOUS POUREZ FAIRE DES ACHATS AVEC DES REMISES IMPORTANTES ! ! !,SEN:1,e05p-183-1,ORAL
BONNE ENCHERE,SEN:2,e05p-183-2,ORAL
TRES BELLE JUPE POUR L' ETE ! ! !,SEN:0,e05p-184-0,LIT
TRES QUALITE ! ! !,SEN:1,e05p-184-1,ORAL
"N' ATTENDEZ PAS LA RENTREE POUR SAISIR CETTE SUPERBE AFFAIRE blouson en jean , doublé fourrure , très porté taille 150",SEN:0,e05p-185-0,LIT
jolie petit moulin a poivre 16 cm haut sur 8 cm de large état correct il reste du poivre a l' interieur compter 6 euro de port en colissimo ..... bonne,SEN:0,e05p-186-0,LIT
chance,SEN:1,e05p-186-1,ORAL
BEAU CHEMISIER BEIGE,SEN:0,e05p-187-0,ORAL
tee - shirt,SEN:0,e05p-188-0,LIT
à manches longues taille 1 .,SEN:1,e05p-188-1,LIT
De marque LIGNE MATERNITE ( la halle ) .,SEN:2,e05p-188-2,LIT
"De couleur blanche avec un point d' interrogation noir trés porté , trés bonne état .",SEN:3,e05p-188-3,LIT
"AUCUNE BROCHE DE CASSE , NOYAU INTACT , PRESENCE DES 4 COUSSINETS .",SEN:0,e05p-189-0,LIT
"EN DESSOUS DU PROCESSEUR COTE BROCHE , IL Y A DE L' ADHESIF , J' AVAIS UNE SONDE DE TEMPERATURE DE COLLE .",SEN:1,e05p-189-1,LIT
LE PAIEMENT DOIT ME PARVENIR DANS LES 5 JOURS QUI SUIT LA FIN DE L' ENCHERE SINON IL SERA REMIS EN VENTE .,SEN:2,e05p-189-2,LIT
"Jeu Roland Garros pour PC , neuf , mais plus emballé parce qu' on me l' a offert .",SEN:0,e05p-190-0,LIT
Je l' ai donc ouvert .,SEN:1,e05p-190-1,LIT
Mais je ne l' ai utilisé qu ' une seule fois . La,SEN:2,e05p-190-2,LIT
boîte et le cd rom sont impeccables ! ! !,SEN:3,e05p-190-3,LIT
Je répond volontier à vos question .,SEN:4,e05p-190-4,LIT
Vous pouvez également me joindre l' après-midi,SEN:5,e05p-190-5,LIT
au 06 # # # 05 Envoi rapide et soigné Bonne enchères à tous,SEN:6,e05p-190-6,LIT
Quadribande & Megapixels !,SEN:0,e05p-191-0,LIT
Le top du multimédia à portée de main !,SEN:1,e05p-191-1,LIT
"D' un design original avec son système de clavier coulissant , le Sanyo S750 possède toutes les dernières technologies : UMTS , port infrarouge , Bluetooth#h : tm#g : ...",SEN:2,e05p-191-2,LIT
C' est aussi le seul mobile 3 G quadri - bande,SEN:3,e05p-191-3,LIT
de notre sélection et doté d' un appareil photo numérique mega - pixels,SEN:4,e05p-191-4,LIT
avec flash !,SEN:5,e05p-191-5,LIT
Caractéristiques : Écran graphique TFT 262 144 couleurs ( 240 * 320pixels ),SEN:6,e05p-191-6,LIT
UMTS ( dual mode ) - Quadribande Java#h : tm#g : 2.0,SEN:7,e05p-191-7,LIT
"Navigateur WAP 2.0 ,",SEN:8,e05p-191-8,LIT
"GPRS class 10 ( 4 + 2 ) Appareil photo 1,3 Méga pixels , zoom x4 , flash Lecteur / Enregistreur vidéo et lecteur MP3 Client e-mail",SEN:9,e05p-191-9,LIT
"Pop / Imap Streaming audio et vidéo avec Player Packet Vidéo ( Clips vidéo , bandes annonces ¿ ) Port infra-rouge ,",SEN:10,e05p-191-10,LIT
Bluetooth#h : tm#g : Sonneries polyphoniques 72 tons Mémoire interne : 8Mo Fonctions principales : Visiophonie messagerie Orange visio accès à Orange World vidéo MMS & MMS Vidéo vibreur et mains libres fonction e-mail,SEN:11,e05p-191-11,LIT
"écriture intuitive des SMS sonneries polyphoniques 72 tons 1 jeu embarqué compatible Gallery Poids ( grammes ) - 123 Dimensions ( h x l x p en cm ) - 10,8 x 5 x 2,2 Volume : 120 cm3 Autonomie maximale en communication - 3 h Autonomie maximale en veille - 210 h Batterie - Li - Ion",SEN:12,e05p-191-12,LIT
"850 mAh Temps de charge de la batterie - 2 h Vibreur - Oui Couleurs - Noir Façade interchangeable - Non DAS - 0,84 W / kg Ecran Type d' écran - TFT Nombre de couleurs - 262144 Capacité d' affichage ( nb lignes ) - 8L Résolution ( pixels ) - 240 * 320",SEN:13,e05p-191-13,LIT
Ergonomie Clapet actif - Oui Mains - libres,SEN:14,e05p-191-14,ORAL
- Oui Commande vocale - Non Messages MMS - Oui Ecriture intuitive - Oui Nombre de SMS stockables - Dynamique Envoi multiple - Oui Communication Bi - bande / Tri - bande / Qadri - bande,SEN:15,e05p-191-15,LIT
- Quadri - bande,SEN:16,e05p-191-16,ORAL
GPRS - 4 + 2 EDGE - Non 3 G - Oui WAP - Oui WAP ( version ) - Navigateur web intégrée - Xhtml Connectivité Modem intégré - Oui Bluetooth - Oui Port Infrarouge - Oui Synchronisation PC - Oui Personnalisation Groupe d' appel - Oui Sonnerie polyphonique - Oui Composition de sonneries - Non Multimédia Capacité du répertoire téléphone - 500 Agenda - Oui Appareil photo - Intégré Lecteur vidéo - Oui Jeux - 2 Jeux téléchargeables - Oui Lecteur MP3 - Oui Applications Java téléchargeables - Oui Java ( version ) - 2.0,SEN:17,e05p-191-17,LIT
Système d' exploitation - Propriétaire Capacité mémoire ( Méga octets ) - 8 le telephone est en tres bonne etat il ya juste une ptite rayure deriere vendu avec carte memoire de 256 mb,SEN:18,e05p-191-18,LIT
A acheter les yeux fermés !,SEN:0,e05p-192-0,ORAL
Garantie à vie factures a l' appui vendu pour cause d' achat de PC 4000,SEN:1,e05p-192-1,LIT
TRES BELLE BABOUCHE NOIR T38 ELLE SON TRES BELLE ET TRES A LA MODE PORTE UNE SEULE OI DAN MON JARDIN DONC EN TRE BONNE ETA pour toute kestion ou foto me contacter,SEN:0,e05p-193-0,LIT
"Bonjour , je vends ce superbe sac Polo Ralf Lauren de couleur beige .",SEN:0,e05p-194-0,LIT
"Ce sac est un peu usé , il y a juste une tache dessus , comme on peut le voir sur la photo , mais elle devrai partir au lavage .",SEN:1,e05p-194-1,LIT
"Ce sac est très pratique , il peut etre utilisé meme en cas de pluie , car il est imperméable , et la bandoulière est extensible ! ! ! !",SEN:2,e05p-194-2,LIT
"Superbe cadeau qui convient à tous , aux hommes comme aux femmes ...",SEN:3,e05p-194-3,LIT
"Le sacà un intérieur noir , avec une petite poche fermée par fermeture éclair .",SEN:4,e05p-194-4,LIT
Il mesure 28 cm de largeur et 22 cm de hauteur N' hesitez pas à me contacter pour toutes vos questions Bonnes enchères à tous ! ! !,SEN:5,e05p-194-5,LIT
"Clic clac 3 places en bon état , marron et beige avec des motifs géométriques",SEN:0,e05p-195-0,LIT
"une pièce de 5 cts de san marin neuve année 2004 la photo ne rend pas très bien mais la pièce est niquel si vous voulez une photo numérique , laissez moi votre adresse mail envoi en lettre à bulles simple 1 euros",SEN:0,e05p-196-0,LIT
"il s' agit d' un lot de 4 pyjamas / - 1 bleu clair avec un petit col surpiqué de blau plus foncé et des petits broderies d' épis de blés il est en taille 1 mois de la marque "" lullaby "" -1 rose clair avec des petits dessin d' animaux devant il est en taille 1 mois de la marque "" babidou "" -1 rose plus foncé avec moif sur l' hiver et l' inscription "" premier flocons d' hiver "" il est en taille 1 mois de la marsue "" absorba "" -1 jaune avec un petit noeud devant et en broderie l' inscription ' baby "" il est en taille 3 mois mais taille plus petit .",SEN:0,e05p-197-0,LIT
basket style skate de marque rip curl en boite mon fils les a porte une semaine environ ( trop petites ) valeur 59 euros en magasin,SEN:0,e05p-198-0,LIT
Flipper Bally électronique World cup Année 1994 Très bon état Monnayeur en euro L' acheteur vient chercher l' appareil,SEN:0,e05p-199-0,LIT
petite bobble head de david beckham,SEN:0,e05p-200-0,LIT
