Je,PRON,nsubj,SEN:0,cmr-wiki-c001-a1,ORAL
viens,VERB,ROOT,SEN:0,cmr-wiki-c001-a1,ORAL
de,ADP,mark,SEN:0,cmr-wiki-c001-a1,ORAL
réécrire,VERB,xcomp,SEN:0,cmr-wiki-c001-a1,ORAL
la,DET,det,SEN:0,cmr-wiki-c001-a1,ORAL
page,NOUN,obj,SEN:0,cmr-wiki-c001-a1,ORAL
qui,PRON,nsubj,SEN:0,cmr-wiki-c001-a1,ORAL
contenait,VERB,acl:relcl,SEN:0,cmr-wiki-c001-a1,ORAL
de,DET,det,SEN:0,cmr-wiki-c001-a1,ORAL
multiples,ADJ,amod,SEN:0,cmr-wiki-c001-a1,ORAL
erreurs,NOUN,obj,SEN:0,cmr-wiki-c001-a1,ORAL
.,PUNCT,punct,SEN:0,cmr-wiki-c001-a1,ORAL
La,DET,det,SEN:1,cmr-wiki-c001-a1,ORAL
nouvelle,ADJ,amod,SEN:1,cmr-wiki-c001-a1,ORAL
page,NOUN,nsubj,SEN:1,cmr-wiki-c001-a1,ORAL
est,AUX,cop,SEN:1,cmr-wiki-c001-a1,ORAL
très,ADV,advmod,SEN:1,cmr-wiki-c001-a1,ORAL
incomplète,ADJ,ROOT,SEN:1,cmr-wiki-c001-a1,ORAL
.,PUNCT,punct,SEN:1,cmr-wiki-c001-a1,ORAL
Il,PRON,nsubj,SEN:2,cmr-wiki-c001-a1,ORAL
manque,ADJ,ROOT,SEN:2,cmr-wiki-c001-a1,ORAL
notamment,ADV,advmod,SEN:2,cmr-wiki-c001-a1,ORAL
:,PUNCT,punct,SEN:2,cmr-wiki-c001-a1,ORAL
Les,DET,det,SEN:2,cmr-wiki-c001-a1,ORAL
principes,NOUN,obl:mod,SEN:2,cmr-wiki-c001-a1,ORAL
fondamentaux,ADJ,amod,SEN:2,cmr-wiki-c001-a1,ORAL
des,ADP,case,SEN:2,cmr-wiki-c001-a1,ORAL
tests,NOUN,nmod,SEN:2,cmr-wiki-c001-a1,ORAL
(,PUNCT,punct,SEN:2,cmr-wiki-c001-a1,ORAL
mesure,NOUN,amod,SEN:2,cmr-wiki-c001-a1,ORAL
de,ADP,case,SEN:2,cmr-wiki-c001-a1,ORAL
l',DET,det,SEN:2,cmr-wiki-c001-a1,ORAL
intelligence,NOUN,nmod,SEN:2,cmr-wiki-c001-a1,ORAL
par,ADP,case,SEN:2,cmr-wiki-c001-a1,ORAL
ses,DET,det,SEN:2,cmr-wiki-c001-a1,ORAL
manifestations,NOUN,nmod,SEN:2,cmr-wiki-c001-a1,ORAL
et,CCONJ,cc,SEN:2,cmr-wiki-c001-a1,ORAL
non,ADV,conj,SEN:2,cmr-wiki-c001-a1,ORAL
pas,ADV,fixed,SEN:2,cmr-wiki-c001-a1,ORAL
par,ADP,case,SEN:2,cmr-wiki-c001-a1,ORAL
ses,DET,det,SEN:2,cmr-wiki-c001-a1,ORAL
caractéristiques,NOUN,appos,SEN:2,cmr-wiki-c001-a1,ORAL
),PUNCT,punct,SEN:2,cmr-wiki-c001-a1,ORAL
L',DET,det,SEN:2,cmr-wiki-c001-a1,ORAL
explication,NOUN,ROOT,SEN:2,cmr-wiki-c001-a1,ORAL
des,ADP,case,SEN:2,cmr-wiki-c001-a1,ORAL
problèmes,NOUN,nmod,SEN:2,cmr-wiki-c001-a1,ORAL
posés,VERB,acl,SEN:2,cmr-wiki-c001-a1,ORAL
par,ADP,case,SEN:2,cmr-wiki-c001-a1,ORAL
le,DET,det,SEN:2,cmr-wiki-c001-a1,ORAL
passage,NOUN,obl:agent,SEN:2,cmr-wiki-c001-a1,ORAL
du,DET,case,SEN:2,cmr-wiki-c001-a1,ORAL
QI,PROPN,nmod,SEN:2,cmr-wiki-c001-a1,ORAL
en,ADP,case,SEN:2,cmr-wiki-c001-a1,ORAL
âge,NOUN,nmod,SEN:2,cmr-wiki-c001-a1,ORAL
mental,ADJ,amod,SEN:2,cmr-wiki-c001-a1,ORAL
au,DET,case,SEN:2,cmr-wiki-c001-a1,ORAL
QI,PROPN,nmod,SEN:2,cmr-wiki-c001-a1,ORAL
par,ADP,case,SEN:2,cmr-wiki-c001-a1,ORAL
rang,NOUN,nmod,SEN:2,cmr-wiki-c001-a1,ORAL
(,PUNCT,punct,SEN:2,cmr-wiki-c001-a1,ORAL
et,CCONJ,cc,SEN:2,cmr-wiki-c001-a1,ORAL
la,DET,det,SEN:2,cmr-wiki-c001-a1,ORAL
solution,NOUN,conj,SEN:2,cmr-wiki-c001-a1,ORAL
de,ADP,case,SEN:2,cmr-wiki-c001-a1,ORAL
Cattell,PROPN,nmod,SEN:2,cmr-wiki-c001-a1,ORAL
d',ADP,mark,SEN:2,cmr-wiki-c001-a1,ORAL
utiliser,VERB,dep,SEN:2,cmr-wiki-c001-a1,ORAL
un,DET,det,SEN:2,cmr-wiki-c001-a1,ORAL
écart,NOUN,dep,SEN:2,cmr-wiki-c001-a1,ORAL
-,NOUN,dep,SEN:2,cmr-wiki-c001-a1,ORAL
type,NOUN,obj,SEN:2,cmr-wiki-c001-a1,ORAL
de,ADP,case,SEN:2,cmr-wiki-c001-a1,ORAL
48,PRON,nmod,SEN:2,cmr-wiki-c001-a1,ORAL
),PUNCT,punct,SEN:2,cmr-wiki-c001-a1,ORAL
Les,DET,det,SEN:2,cmr-wiki-c001-a1,ORAL
limites,NOUN,ROOT,SEN:2,cmr-wiki-c001-a1,ORAL
de,ADP,case,SEN:2,cmr-wiki-c001-a1,ORAL
la,DET,det,SEN:2,cmr-wiki-c001-a1,ORAL
modélisation,NOUN,nmod,SEN:2,cmr-wiki-c001-a1,ORAL
par,ADP,case,SEN:2,cmr-wiki-c001-a1,ORAL
une,DET,det,SEN:2,cmr-wiki-c001-a1,ORAL
Loi,NOUN,nmod,SEN:2,cmr-wiki-c001-a1,ORAL
Normale,ADJ,amod,SEN:2,cmr-wiki-c001-a1,ORAL
L',DET,det,SEN:2,cmr-wiki-c001-a1,ORAL
étude,NOUN,ROOT,SEN:2,cmr-wiki-c001-a1,ORAL
de,ADP,case,SEN:2,cmr-wiki-c001-a1,ORAL
la,DET,det,SEN:2,cmr-wiki-c001-a1,ORAL
validité,NOUN,nmod,SEN:2,cmr-wiki-c001-a1,ORAL
des,ADP,case,SEN:2,cmr-wiki-c001-a1,ORAL
tests,NOUN,nmod,SEN:2,cmr-wiki-c001-a1,ORAL
(,PUNCT,punct,SEN:2,cmr-wiki-c001-a1,ORAL
ils,PRON,nsubj:pass,SEN:2,cmr-wiki-c001-a1,ORAL
sont,AUX,aux:pass,SEN:2,cmr-wiki-c001-a1,ORAL
corrélés,VERB,acl:relcl,SEN:2,cmr-wiki-c001-a1,ORAL
à,ADP,case,SEN:2,cmr-wiki-c001-a1,ORAL
"0,7",NUM,obl:arg,SEN:2,cmr-wiki-c001-a1,ORAL
avec,ADP,case,SEN:2,cmr-wiki-c001-a1,ORAL
l',DET,det,SEN:2,cmr-wiki-c001-a1,ORAL
Intelligence,NOUN,nmod,SEN:2,cmr-wiki-c001-a1,ORAL
Générale,ADJ,amod,SEN:2,cmr-wiki-c001-a1,ORAL
),PUNCT,punct,SEN:2,cmr-wiki-c001-a1,ORAL
etc.,ADV,nmod,SEN:2,cmr-wiki-c001-a1,ORAL
Il,PRON,nsubj,SEN:3,cmr-wiki-c001-a1,ORAL
faudrait,VERB,ROOT,SEN:3,cmr-wiki-c001-a1,ORAL
aussi,ADV,advmod,SEN:3,cmr-wiki-c001-a1,ORAL
compléter,VERB,xcomp,SEN:3,cmr-wiki-c001-a1,ORAL
la,DET,det,SEN:3,cmr-wiki-c001-a1,ORAL
page,NOUN,obj,SEN:3,cmr-wiki-c001-a1,ORAL
Intelligence,NOUN,nmod,SEN:3,cmr-wiki-c001-a1,ORAL
pour,ADP,mark,SEN:3,cmr-wiki-c001-a1,ORAL
y,PRON,iobj,SEN:3,cmr-wiki-c001-a1,ORAL
rajouter,VERB,advcl,SEN:3,cmr-wiki-c001-a1,ORAL
une,DET,det,SEN:3,cmr-wiki-c001-a1,ORAL
explication,NOUN,obj,SEN:3,cmr-wiki-c001-a1,ORAL
de,ADP,case,SEN:3,cmr-wiki-c001-a1,ORAL
ce,PRON,nmod,SEN:3,cmr-wiki-c001-a1,ORAL
qu',PRON,obj,SEN:3,cmr-wiki-c001-a1,ORAL
est,AUX,cop,SEN:3,cmr-wiki-c001-a1,ORAL
l',DET,det,SEN:3,cmr-wiki-c001-a1,ORAL
Intelligence,NOUN,nsubj,SEN:3,cmr-wiki-c001-a1,ORAL
Générale,ADJ,amod,SEN:3,cmr-wiki-c001-a1,ORAL
.,PUNCT,punct,SEN:3,cmr-wiki-c001-a1,ORAL
Mais,CCONJ,cc,SEN:4,cmr-wiki-c001-a1,ORAL
tout,DET,mark,SEN:4,cmr-wiki-c001-a1,ORAL
cela,PRON,nsubj,SEN:4,cmr-wiki-c001-a1,ORAL
serait,AUX,cop,SEN:4,cmr-wiki-c001-a1,ORAL
beaucoup,ADV,advmod,SEN:4,cmr-wiki-c001-a1,ORAL
trop,ADV,advmod,SEN:4,cmr-wiki-c001-a1,ORAL
long,ADJ,ROOT,SEN:4,cmr-wiki-c001-a1,ORAL
.,PUNCT,punct,SEN:4,cmr-wiki-c001-a1,ORAL
J',PRON,nsubj,SEN:5,cmr-wiki-c001-a1,ORAL
ai,VERB,aux:tense,SEN:5,cmr-wiki-c001-a1,ORAL
donc,ADV,advmod,SEN:5,cmr-wiki-c001-a1,ORAL
uniquement,ADV,advmod,SEN:5,cmr-wiki-c001-a1,ORAL
cherché,VERB,ROOT,SEN:5,cmr-wiki-c001-a1,ORAL
à,ADP,mark,SEN:5,cmr-wiki-c001-a1,ORAL
donner,VERB,xcomp,SEN:5,cmr-wiki-c001-a1,ORAL
une,DET,det,SEN:5,cmr-wiki-c001-a1,ORAL
indication,NOUN,obj,SEN:5,cmr-wiki-c001-a1,ORAL
des,ADP,case,SEN:5,cmr-wiki-c001-a1,ORAL
différentes,ADJ,amod,SEN:5,cmr-wiki-c001-a1,ORAL
significations,NOUN,nmod,SEN:5,cmr-wiki-c001-a1,ORAL
que,PRON,obj,SEN:5,cmr-wiki-c001-a1,ORAL
peut,VERB,acl:relcl,SEN:5,cmr-wiki-c001-a1,ORAL
prendre,VERB,xcomp,SEN:5,cmr-wiki-c001-a1,ORAL
le,DET,det,SEN:5,cmr-wiki-c001-a1,ORAL
terme,NOUN,obj,SEN:5,cmr-wiki-c001-a1,ORAL
QI,PROPN,obl:arg,SEN:5,cmr-wiki-c001-a1,ORAL
",",PUNCT,punct,SEN:5,cmr-wiki-c001-a1,ORAL
et,CCONJ,cc,SEN:5,cmr-wiki-c001-a1,ORAL
indiqué,VERB,conj,SEN:5,cmr-wiki-c001-a1,ORAL
les,DET,det,SEN:5,cmr-wiki-c001-a1,ORAL
liens,NOUN,obj,SEN:5,cmr-wiki-c001-a1,ORAL
vers,ADP,case,SEN:5,cmr-wiki-c001-a1,ORAL
un,DET,det,SEN:5,cmr-wiki-c001-a1,ORAL
site,NOUN,nmod,SEN:5,cmr-wiki-c001-a1,ORAL
francophone,NOUN,amod,SEN:5,cmr-wiki-c001-a1,ORAL
assez,ADV,advmod,SEN:5,cmr-wiki-c001-a1,ORAL
complet,ADJ,amod,SEN:5,cmr-wiki-c001-a1,ORAL
que,SCONJ,obj,SEN:5,cmr-wiki-c001-a1,ORAL
j',PRON,nsubj,SEN:5,cmr-wiki-c001-a1,ORAL
ai,AUX,aux:tense,SEN:5,cmr-wiki-c001-a1,ORAL
développé,VERB,acl:relcl,SEN:5,cmr-wiki-c001-a1,ORAL
sur,ADP,case,SEN:5,cmr-wiki-c001-a1,ORAL
le,DET,det,SEN:5,cmr-wiki-c001-a1,ORAL
sujet,NOUN,obl:arg,SEN:5,cmr-wiki-c001-a1,ORAL
.,PUNCT,punct,SEN:5,cmr-wiki-c001-a1,ORAL
PG,ADP,ROOT,SEN:6,cmr-wiki-c001-a1,ORAL
30,NUM,nummod,SEN:6,cmr-wiki-c001-a1,ORAL
avr,NOUN,nmod,SEN:6,cmr-wiki-c001-a1,ORAL
2004,NUM,nmod,SEN:6,cmr-wiki-c001-a1,ORAL
à,ADP,case,SEN:6,cmr-wiki-c001-a1,ORAL
00:53,NUM,dep,SEN:6,cmr-wiki-c001-a1,ORAL
(,PUNCT,punct,SEN:6,cmr-wiki-c001-a1,ORAL
CEST,NOUN,appos,SEN:6,cmr-wiki-c001-a1,ORAL
),PUNCT,punct,SEN:6,cmr-wiki-c001-a1,ORAL
Je,PRON,nsubj,SEN:0,cmr-wiki-c001-a1,ORAL
viens,VERB,ROOT,SEN:0,cmr-wiki-c001-a1,ORAL
de,ADP,mark,SEN:0,cmr-wiki-c001-a1,ORAL
réécrire,VERB,xcomp,SEN:0,cmr-wiki-c001-a1,ORAL
la,DET,det,SEN:0,cmr-wiki-c001-a1,ORAL
page,NOUN,obj,SEN:0,cmr-wiki-c001-a1,ORAL
qui,PRON,nsubj,SEN:0,cmr-wiki-c001-a1,ORAL
contenait,VERB,acl:relcl,SEN:0,cmr-wiki-c001-a1,ORAL
de,DET,det,SEN:0,cmr-wiki-c001-a1,ORAL
multiples,ADJ,amod,SEN:0,cmr-wiki-c001-a1,ORAL
erreurs,NOUN,obj,SEN:0,cmr-wiki-c001-a1,ORAL
.,PUNCT,punct,SEN:0,cmr-wiki-c001-a1,ORAL
La,DET,det,SEN:1,cmr-wiki-c001-a1,ORAL
nouvelle,ADJ,amod,SEN:1,cmr-wiki-c001-a1,ORAL
page,NOUN,nsubj,SEN:1,cmr-wiki-c001-a1,ORAL
est,AUX,cop,SEN:1,cmr-wiki-c001-a1,ORAL
très,ADV,advmod,SEN:1,cmr-wiki-c001-a1,ORAL
incomplète,ADJ,ROOT,SEN:1,cmr-wiki-c001-a1,ORAL
.,PUNCT,punct,SEN:1,cmr-wiki-c001-a1,ORAL
Il,PRON,nsubj,SEN:2,cmr-wiki-c001-a1,ORAL
manque,ADJ,ROOT,SEN:2,cmr-wiki-c001-a1,ORAL
notamment,ADV,advmod,SEN:2,cmr-wiki-c001-a1,ORAL
:,PUNCT,punct,SEN:2,cmr-wiki-c001-a1,ORAL
Les,DET,det,SEN:2,cmr-wiki-c001-a1,ORAL
principes,NOUN,obl:mod,SEN:2,cmr-wiki-c001-a1,ORAL
fondamentaux,ADJ,amod,SEN:2,cmr-wiki-c001-a1,ORAL
des,ADP,case,SEN:2,cmr-wiki-c001-a1,ORAL
tests,NOUN,nmod,SEN:2,cmr-wiki-c001-a1,ORAL
(,PUNCT,punct,SEN:2,cmr-wiki-c001-a1,ORAL
mesure,NOUN,amod,SEN:2,cmr-wiki-c001-a1,ORAL
de,ADP,case,SEN:2,cmr-wiki-c001-a1,ORAL
l',DET,det,SEN:2,cmr-wiki-c001-a1,ORAL
intelligence,NOUN,nmod,SEN:2,cmr-wiki-c001-a1,ORAL
par,ADP,case,SEN:2,cmr-wiki-c001-a1,ORAL
ses,DET,det,SEN:2,cmr-wiki-c001-a1,ORAL
manifestations,NOUN,nmod,SEN:2,cmr-wiki-c001-a1,ORAL
et,CCONJ,cc,SEN:2,cmr-wiki-c001-a1,ORAL
non,ADV,conj,SEN:2,cmr-wiki-c001-a1,ORAL
pas,ADV,fixed,SEN:2,cmr-wiki-c001-a1,ORAL
par,ADP,case,SEN:2,cmr-wiki-c001-a1,ORAL
ses,DET,det,SEN:2,cmr-wiki-c001-a1,ORAL
caractéristiques,NOUN,appos,SEN:2,cmr-wiki-c001-a1,ORAL
),PUNCT,punct,SEN:2,cmr-wiki-c001-a1,ORAL
L',DET,det,SEN:2,cmr-wiki-c001-a1,ORAL
explication,NOUN,ROOT,SEN:2,cmr-wiki-c001-a1,ORAL
des,ADP,case,SEN:2,cmr-wiki-c001-a1,ORAL
problèmes,NOUN,nmod,SEN:2,cmr-wiki-c001-a1,ORAL
posés,VERB,acl,SEN:2,cmr-wiki-c001-a1,ORAL
par,ADP,case,SEN:2,cmr-wiki-c001-a1,ORAL
le,DET,det,SEN:2,cmr-wiki-c001-a1,ORAL
passage,NOUN,obl:agent,SEN:2,cmr-wiki-c001-a1,ORAL
du,DET,case,SEN:2,cmr-wiki-c001-a1,ORAL
QI,PROPN,nmod,SEN:2,cmr-wiki-c001-a1,ORAL
en,ADP,case,SEN:2,cmr-wiki-c001-a1,ORAL
âge,NOUN,nmod,SEN:2,cmr-wiki-c001-a1,ORAL
mental,ADJ,amod,SEN:2,cmr-wiki-c001-a1,ORAL
au,DET,case,SEN:2,cmr-wiki-c001-a1,ORAL
QI,PROPN,nmod,SEN:2,cmr-wiki-c001-a1,ORAL
par,ADP,case,SEN:2,cmr-wiki-c001-a1,ORAL
rang,NOUN,nmod,SEN:2,cmr-wiki-c001-a1,ORAL
(,PUNCT,punct,SEN:2,cmr-wiki-c001-a1,ORAL
et,CCONJ,cc,SEN:2,cmr-wiki-c001-a1,ORAL
la,DET,det,SEN:2,cmr-wiki-c001-a1,ORAL
solution,NOUN,conj,SEN:2,cmr-wiki-c001-a1,ORAL
de,ADP,case,SEN:2,cmr-wiki-c001-a1,ORAL
Cattell,PROPN,nmod,SEN:2,cmr-wiki-c001-a1,ORAL
d',ADP,mark,SEN:2,cmr-wiki-c001-a1,ORAL
utiliser,VERB,dep,SEN:2,cmr-wiki-c001-a1,ORAL
un,DET,det,SEN:2,cmr-wiki-c001-a1,ORAL
écart,NOUN,dep,SEN:2,cmr-wiki-c001-a1,ORAL
-,NOUN,dep,SEN:2,cmr-wiki-c001-a1,ORAL
type,NOUN,obj,SEN:2,cmr-wiki-c001-a1,ORAL
de,ADP,case,SEN:2,cmr-wiki-c001-a1,ORAL
48,PRON,nmod,SEN:2,cmr-wiki-c001-a1,ORAL
),PUNCT,punct,SEN:2,cmr-wiki-c001-a1,ORAL
Les,DET,det,SEN:2,cmr-wiki-c001-a1,ORAL
limites,NOUN,ROOT,SEN:2,cmr-wiki-c001-a1,ORAL
de,ADP,case,SEN:2,cmr-wiki-c001-a1,ORAL
la,DET,det,SEN:2,cmr-wiki-c001-a1,ORAL
modélisation,NOUN,nmod,SEN:2,cmr-wiki-c001-a1,ORAL
par,ADP,case,SEN:2,cmr-wiki-c001-a1,ORAL
une,DET,det,SEN:2,cmr-wiki-c001-a1,ORAL
Loi,NOUN,nmod,SEN:2,cmr-wiki-c001-a1,ORAL
Normale,ADJ,amod,SEN:2,cmr-wiki-c001-a1,ORAL
L',DET,det,SEN:2,cmr-wiki-c001-a1,ORAL
étude,NOUN,ROOT,SEN:2,cmr-wiki-c001-a1,ORAL
de,ADP,case,SEN:2,cmr-wiki-c001-a1,ORAL
la,DET,det,SEN:2,cmr-wiki-c001-a1,ORAL
validité,NOUN,nmod,SEN:2,cmr-wiki-c001-a1,ORAL
des,ADP,case,SEN:2,cmr-wiki-c001-a1,ORAL
tests,NOUN,nmod,SEN:2,cmr-wiki-c001-a1,ORAL
(,PUNCT,punct,SEN:2,cmr-wiki-c001-a1,ORAL
ils,PRON,nsubj:pass,SEN:2,cmr-wiki-c001-a1,ORAL
sont,AUX,aux:pass,SEN:2,cmr-wiki-c001-a1,ORAL
corrélés,VERB,acl:relcl,SEN:2,cmr-wiki-c001-a1,ORAL
à,ADP,case,SEN:2,cmr-wiki-c001-a1,ORAL
"0,7",NUM,obl:arg,SEN:2,cmr-wiki-c001-a1,ORAL
avec,ADP,case,SEN:2,cmr-wiki-c001-a1,ORAL
l',DET,det,SEN:2,cmr-wiki-c001-a1,ORAL
Intelligence,NOUN,nmod,SEN:2,cmr-wiki-c001-a1,ORAL
Générale,ADJ,amod,SEN:2,cmr-wiki-c001-a1,ORAL
),PUNCT,punct,SEN:2,cmr-wiki-c001-a1,ORAL
etc.,ADV,nmod,SEN:2,cmr-wiki-c001-a1,ORAL
Il,PRON,nsubj,SEN:3,cmr-wiki-c001-a1,ORAL
faudrait,VERB,ROOT,SEN:3,cmr-wiki-c001-a1,ORAL
aussi,ADV,advmod,SEN:3,cmr-wiki-c001-a1,ORAL
compléter,VERB,xcomp,SEN:3,cmr-wiki-c001-a1,ORAL
la,DET,det,SEN:3,cmr-wiki-c001-a1,ORAL
page,NOUN,obj,SEN:3,cmr-wiki-c001-a1,ORAL
Intelligence,NOUN,nmod,SEN:3,cmr-wiki-c001-a1,ORAL
pour,ADP,mark,SEN:3,cmr-wiki-c001-a1,ORAL
y,PRON,iobj,SEN:3,cmr-wiki-c001-a1,ORAL
rajouter,VERB,advcl,SEN:3,cmr-wiki-c001-a1,ORAL
une,DET,det,SEN:3,cmr-wiki-c001-a1,ORAL
explication,NOUN,obj,SEN:3,cmr-wiki-c001-a1,ORAL
de,ADP,case,SEN:3,cmr-wiki-c001-a1,ORAL
ce,PRON,nmod,SEN:3,cmr-wiki-c001-a1,ORAL
qu',PRON,obj,SEN:3,cmr-wiki-c001-a1,ORAL
est,AUX,cop,SEN:3,cmr-wiki-c001-a1,ORAL
l',DET,det,SEN:3,cmr-wiki-c001-a1,ORAL
Intelligence,NOUN,nsubj,SEN:3,cmr-wiki-c001-a1,ORAL
Générale,ADJ,amod,SEN:3,cmr-wiki-c001-a1,ORAL
.,PUNCT,punct,SEN:3,cmr-wiki-c001-a1,ORAL
Mais,CCONJ,cc,SEN:4,cmr-wiki-c001-a1,ORAL
tout,DET,mark,SEN:4,cmr-wiki-c001-a1,ORAL
cela,PRON,nsubj,SEN:4,cmr-wiki-c001-a1,ORAL
serait,AUX,cop,SEN:4,cmr-wiki-c001-a1,ORAL
beaucoup,ADV,advmod,SEN:4,cmr-wiki-c001-a1,ORAL
trop,ADV,advmod,SEN:4,cmr-wiki-c001-a1,ORAL
long,ADJ,ROOT,SEN:4,cmr-wiki-c001-a1,ORAL
.,PUNCT,punct,SEN:4,cmr-wiki-c001-a1,ORAL
J',PRON,nsubj,SEN:5,cmr-wiki-c001-a1,ORAL
ai,VERB,aux:tense,SEN:5,cmr-wiki-c001-a1,ORAL
donc,ADV,advmod,SEN:5,cmr-wiki-c001-a1,ORAL
uniquement,ADV,advmod,SEN:5,cmr-wiki-c001-a1,ORAL
cherché,VERB,ROOT,SEN:5,cmr-wiki-c001-a1,ORAL
à,ADP,mark,SEN:5,cmr-wiki-c001-a1,ORAL
donner,VERB,xcomp,SEN:5,cmr-wiki-c001-a1,ORAL
une,DET,det,SEN:5,cmr-wiki-c001-a1,ORAL
indication,NOUN,obj,SEN:5,cmr-wiki-c001-a1,ORAL
des,ADP,case,SEN:5,cmr-wiki-c001-a1,ORAL
différentes,ADJ,amod,SEN:5,cmr-wiki-c001-a1,ORAL
significations,NOUN,nmod,SEN:5,cmr-wiki-c001-a1,ORAL
que,PRON,obj,SEN:5,cmr-wiki-c001-a1,ORAL
peut,VERB,acl:relcl,SEN:5,cmr-wiki-c001-a1,ORAL
prendre,VERB,xcomp,SEN:5,cmr-wiki-c001-a1,ORAL
le,DET,det,SEN:5,cmr-wiki-c001-a1,ORAL
terme,NOUN,obj,SEN:5,cmr-wiki-c001-a1,ORAL
QI,PROPN,obl:arg,SEN:5,cmr-wiki-c001-a1,ORAL
",",PUNCT,punct,SEN:5,cmr-wiki-c001-a1,ORAL
et,CCONJ,cc,SEN:5,cmr-wiki-c001-a1,ORAL
indiqué,VERB,conj,SEN:5,cmr-wiki-c001-a1,ORAL
les,DET,det,SEN:5,cmr-wiki-c001-a1,ORAL
liens,NOUN,obj,SEN:5,cmr-wiki-c001-a1,ORAL
vers,ADP,case,SEN:5,cmr-wiki-c001-a1,ORAL
un,DET,det,SEN:5,cmr-wiki-c001-a1,ORAL
site,NOUN,nmod,SEN:5,cmr-wiki-c001-a1,ORAL
francophone,NOUN,amod,SEN:5,cmr-wiki-c001-a1,ORAL
assez,ADV,advmod,SEN:5,cmr-wiki-c001-a1,ORAL
complet,ADJ,amod,SEN:5,cmr-wiki-c001-a1,ORAL
que,SCONJ,obj,SEN:5,cmr-wiki-c001-a1,ORAL
j',PRON,nsubj,SEN:5,cmr-wiki-c001-a1,ORAL
ai,AUX,aux:tense,SEN:5,cmr-wiki-c001-a1,ORAL
développé,VERB,acl:relcl,SEN:5,cmr-wiki-c001-a1,ORAL
sur,ADP,case,SEN:5,cmr-wiki-c001-a1,ORAL
le,DET,det,SEN:5,cmr-wiki-c001-a1,ORAL
sujet,NOUN,obl:arg,SEN:5,cmr-wiki-c001-a1,ORAL
.,PUNCT,punct,SEN:5,cmr-wiki-c001-a1,ORAL
PG,ADP,ROOT,SEN:6,cmr-wiki-c001-a1,ORAL
30,NUM,nummod,SEN:6,cmr-wiki-c001-a1,ORAL
avr,NOUN,nmod,SEN:6,cmr-wiki-c001-a1,ORAL
2004,NUM,nmod,SEN:6,cmr-wiki-c001-a1,ORAL
à,ADP,case,SEN:6,cmr-wiki-c001-a1,ORAL
00:53,NUM,dep,SEN:6,cmr-wiki-c001-a1,ORAL
(,PUNCT,punct,SEN:6,cmr-wiki-c001-a1,ORAL
CEST,NOUN,appos,SEN:6,cmr-wiki-c001-a1,ORAL
),PUNCT,punct,SEN:6,cmr-wiki-c001-a1,ORAL
il,PRON,expl:subj,SEN:0,cmr-wiki-c001-a2,ORAL
semble,VERB,ROOT,SEN:0,cmr-wiki-c001-a2,ORAL
qu',SCONJ,mark,SEN:0,cmr-wiki-c001-a2,ORAL
on,PRON,nsubj,SEN:0,cmr-wiki-c001-a2,ORAL
a,AUX,aux:tense,SEN:0,cmr-wiki-c001-a2,ORAL
ajouté,VERB,ccomp,SEN:0,cmr-wiki-c001-a2,ORAL
beaucoup,ADV,obj,SEN:0,cmr-wiki-c001-a2,ORAL
de,ADP,case,SEN:0,cmr-wiki-c001-a2,ORAL
choses,NOUN,obl:arg,SEN:0,cmr-wiki-c001-a2,ORAL
sur,ADP,case,SEN:0,cmr-wiki-c001-a2,ORAL
cette,DET,det,SEN:0,cmr-wiki-c001-a2,ORAL
page,NOUN,obl:arg,SEN:0,cmr-wiki-c001-a2,ORAL
depuis,ADP,case,SEN:0,cmr-wiki-c001-a2,ORAL
avril,NOUN,nmod,SEN:0,cmr-wiki-c001-a2,ORAL
.,PUNCT,punct,SEN:0,cmr-wiki-c001-a2,ORAL
J',PRON,nsubj,SEN:1,cmr-wiki-c001-a2,ORAL
ai,AUX,aux:tense,SEN:1,cmr-wiki-c001-a2,ORAL
ajouté,VERB,ROOT,SEN:1,cmr-wiki-c001-a2,ORAL
des,DET,case,SEN:1,cmr-wiki-c001-a2,ORAL
réserves,NOUN,obj,SEN:1,cmr-wiki-c001-a2,ORAL
à,ADP,case,SEN:1,cmr-wiki-c001-a2,ORAL
la,DET,det,SEN:1,cmr-wiki-c001-a2,ORAL
partie,NOUN,obl:arg,SEN:1,cmr-wiki-c001-a2,ORAL
sur,ADP,case,SEN:1,cmr-wiki-c001-a2,ORAL
"""",PUNCT,punct,SEN:1,cmr-wiki-c001-a2,ORAL
les,DET,det,SEN:1,cmr-wiki-c001-a2,ORAL
réserves,NOUN,obl:mod,SEN:1,cmr-wiki-c001-a2,ORAL
sur,ADP,case,SEN:1,cmr-wiki-c001-a2,ORAL
le,DET,det,SEN:1,cmr-wiki-c001-a2,ORAL
QI,NUM,nmod,SEN:1,cmr-wiki-c001-a2,ORAL
"""",PUNCT,punct,SEN:1,cmr-wiki-c001-a2,ORAL
car,CCONJ,punct,SEN:1,cmr-wiki-c001-a2,ORAL
il,PRON,punct,SEN:1,cmr-wiki-c001-a2,ORAL
y,PRON,fixed,SEN:1,cmr-wiki-c001-a2,ORAL
en,ADP,case,SEN:1,cmr-wiki-c001-a2,ORAL
a.,NOUN,fixed,SEN:1,cmr-wiki-c001-a2,ORAL
Elles,PRON,nsubj,SEN:2,cmr-wiki-c001-a2,ORAL
sont,AUX,cop,SEN:2,cmr-wiki-c001-a2,ORAL
extraites,ADJ,ROOT,SEN:2,cmr-wiki-c001-a2,ORAL
de,ADP,case,SEN:2,cmr-wiki-c001-a2,ORAL
la,DET,det,SEN:2,cmr-wiki-c001-a2,ORAL
FAQ,PROPN,obl:arg,SEN:2,cmr-wiki-c001-a2,ORAL
en,ADP,case,SEN:2,cmr-wiki-c001-a2,ORAL
cours,NOUN,obl:mod,SEN:2,cmr-wiki-c001-a2,ORAL
d',ADP,case,SEN:2,cmr-wiki-c001-a2,ORAL
élaboration,NOUN,nmod,SEN:2,cmr-wiki-c001-a2,ORAL
sur,ADP,case,SEN:2,cmr-wiki-c001-a2,ORAL
un,DET,det,SEN:2,cmr-wiki-c001-a2,ORAL
site,NOUN,nmod,SEN:2,cmr-wiki-c001-a2,ORAL
que,PRON,obj,SEN:2,cmr-wiki-c001-a2,ORAL
j',PRON,nsubj,SEN:2,cmr-wiki-c001-a2,ORAL
administre,PRON,acl:relcl,SEN:2,cmr-wiki-c001-a2,ORAL
.,PUNCT,punct,SEN:2,cmr-wiki-c001-a2,ORAL
Au,DET,ROOT,SEN:3,cmr-wiki-c001-a2,ORAL
fur,NOUN,fixed,SEN:3,cmr-wiki-c001-a2,ORAL
et,CCONJ,cc,SEN:3,cmr-wiki-c001-a2,ORAL
à,ADP,case,SEN:3,cmr-wiki-c001-a2,ORAL
mesure,NOUN,obl:mod,SEN:3,cmr-wiki-c001-a2,ORAL
",",PUNCT,punct,SEN:3,cmr-wiki-c001-a2,ORAL
je,PRON,nsubj,SEN:3,cmr-wiki-c001-a2,ORAL
reviens,VERB,conj,SEN:3,cmr-wiki-c001-a2,ORAL
ici,ADV,advmod,SEN:3,cmr-wiki-c001-a2,ORAL
déposer,VERB,xcomp,SEN:3,cmr-wiki-c001-a2,ORAL
ce,PRON,obj,SEN:3,cmr-wiki-c001-a2,ORAL
que,PRON,obj,SEN:3,cmr-wiki-c001-a2,ORAL
mes,DET,det,SEN:3,cmr-wiki-c001-a2,ORAL
recherches,NOUN,nsubj,SEN:3,cmr-wiki-c001-a2,ORAL
ont,AUX,aux:tense,SEN:3,cmr-wiki-c001-a2,ORAL
donné,VERB,acl:relcl,SEN:3,cmr-wiki-c001-a2,ORAL
.,PUNCT,punct,SEN:3,cmr-wiki-c001-a2,ORAL
Du,DET,case,SEN:4,cmr-wiki-c001-a2,ORAL
coup,NOUN,obl:mod,SEN:4,cmr-wiki-c001-a2,ORAL
",",PUNCT,punct,SEN:4,cmr-wiki-c001-a2,ORAL
j',PRON,nsubj:pass,SEN:4,cmr-wiki-c001-a2,ORAL
ai,AUX,aux:tense,SEN:4,cmr-wiki-c001-a2,ORAL
été,AUX,aux:pass,SEN:4,cmr-wiki-c001-a2,ORAL
amenée,VERB,ROOT,SEN:4,cmr-wiki-c001-a2,ORAL
à,ADP,case,SEN:4,cmr-wiki-c001-a2,ORAL
ajouté,PROPN,xcomp,SEN:4,cmr-wiki-c001-a2,ORAL
aussi,ADV,advmod,SEN:4,cmr-wiki-c001-a2,ORAL
une,DET,det,SEN:4,cmr-wiki-c001-a2,ORAL
page,NOUN,obj,SEN:4,cmr-wiki-c001-a2,ORAL
sur,ADP,case,SEN:4,cmr-wiki-c001-a2,ORAL
l',DET,det,SEN:4,cmr-wiki-c001-a2,ORAL
effet,NOUN,nmod,SEN:4,cmr-wiki-c001-a2,ORAL
Flynn,PROPN,nmod,SEN:4,cmr-wiki-c001-a2,ORAL
.,PUNCT,punct,SEN:4,cmr-wiki-c001-a2,ORAL
Comme,SCONJ,mark,SEN:5,cmr-wiki-c001-a2,ORAL
j',PRON,nsubj,SEN:5,cmr-wiki-c001-a2,ORAL
ai,AUX,aux:tense,SEN:5,cmr-wiki-c001-a2,ORAL
dû,VERB,ROOT,SEN:5,cmr-wiki-c001-a2,ORAL
aussi,ADV,advmod,SEN:5,cmr-wiki-c001-a2,ORAL
intervenir,VERB,xcomp,SEN:5,cmr-wiki-c001-a2,ORAL
sur,ADP,case,SEN:5,cmr-wiki-c001-a2,ORAL
la,DET,det,SEN:5,cmr-wiki-c001-a2,ORAL
Courbe,PROPN,obl:arg,SEN:5,cmr-wiki-c001-a2,ORAL
de,ADP,case,SEN:5,cmr-wiki-c001-a2,ORAL
Gauss,PROPN,nmod,SEN:5,cmr-wiki-c001-a2,ORAL
",",PUNCT,punct,SEN:5,cmr-wiki-c001-a2,ORAL
etc.,ADV,obj,SEN:5,cmr-wiki-c001-a2,ORAL
Volontairement,ADV,advmod,SEN:6,cmr-wiki-c001-a2,ORAL
",",PUNCT,punct,SEN:6,cmr-wiki-c001-a2,ORAL
j',PRON,nsubj,SEN:6,cmr-wiki-c001-a2,ORAL
ai,AUX,aux:tense,SEN:6,cmr-wiki-c001-a2,ORAL
cherché,VERB,ROOT,SEN:6,cmr-wiki-c001-a2,ORAL
à,ADP,mark,SEN:6,cmr-wiki-c001-a2,ORAL
rester,VERB,xcomp,SEN:6,cmr-wiki-c001-a2,ORAL
le,DET,det,SEN:6,cmr-wiki-c001-a2,ORAL
plus,ADV,advmod,SEN:6,cmr-wiki-c001-a2,ORAL
simple,ADJ,amod,SEN:6,cmr-wiki-c001-a2,ORAL
possible,ADJ,obj,SEN:6,cmr-wiki-c001-a2,ORAL
et,CCONJ,cc,SEN:6,cmr-wiki-c001-a2,ORAL
à,ADP,mark,SEN:6,cmr-wiki-c001-a2,ORAL
m',PRON,iobj,SEN:6,cmr-wiki-c001-a2,ORAL
éloigner,VERB,conj,SEN:6,cmr-wiki-c001-a2,ORAL
des,DET,case,SEN:6,cmr-wiki-c001-a2,ORAL
chiffres,NOUN,obj,SEN:6,cmr-wiki-c001-a2,ORAL
:,PUNCT,punct,SEN:6,cmr-wiki-c001-a2,ORAL
derrière,ADP,case,SEN:6,cmr-wiki-c001-a2,ORAL
le,DET,det,SEN:6,cmr-wiki-c001-a2,ORAL
QI,NOUN,obl:mod,SEN:6,cmr-wiki-c001-a2,ORAL
",",PUNCT,punct,SEN:6,cmr-wiki-c001-a2,ORAL
il,PRON,expl:subj,SEN:6,cmr-wiki-c001-a2,ORAL
y,PRON,expl:comp,SEN:6,cmr-wiki-c001-a2,ORAL
a,VERB,advcl,SEN:6,cmr-wiki-c001-a2,ORAL
des,DET,det,SEN:6,cmr-wiki-c001-a2,ORAL
gens,NOUN,obj,SEN:6,cmr-wiki-c001-a2,ORAL
.,PUNCT,punct,SEN:6,cmr-wiki-c001-a2,ORAL
J',PRON,nsubj,SEN:7,cmr-wiki-c001-a2,ORAL
ai,AUX,aux:tense,SEN:7,cmr-wiki-c001-a2,ORAL
ajouté,VERB,ROOT,SEN:7,cmr-wiki-c001-a2,ORAL
donc,ADV,advmod,SEN:7,cmr-wiki-c001-a2,ORAL
ajouté,ADJ,obj,SEN:7,cmr-wiki-c001-a2,ORAL
des,ADP,case,SEN:7,cmr-wiki-c001-a2,ORAL
liens,NOUN,nmod,SEN:7,cmr-wiki-c001-a2,ORAL
faciles,ADJ,amod,SEN:7,cmr-wiki-c001-a2,ORAL
d',ADP,case,SEN:7,cmr-wiki-c001-a2,ORAL
accès,NOUN,obl:arg,SEN:7,cmr-wiki-c001-a2,ORAL
(,PUNCT,punct,SEN:7,cmr-wiki-c001-a2,ORAL
sic,NOUN,appos,SEN:7,cmr-wiki-c001-a2,ORAL
),PUNCT,punct,SEN:7,cmr-wiki-c001-a2,ORAL
.,PUNCT,punct,SEN:7,cmr-wiki-c001-a2,ORAL
--Lauranne,PRON,det,SEN:8,cmr-wiki-c001-a2,ORAL
29,NUM,ROOT,SEN:8,cmr-wiki-c001-a2,ORAL
nov,NOUN,nmod,SEN:8,cmr-wiki-c001-a2,ORAL
2004,NUM,nmod,SEN:8,cmr-wiki-c001-a2,ORAL
à,ADP,case,SEN:8,cmr-wiki-c001-a2,ORAL
00:31,PROPN,dep,SEN:8,cmr-wiki-c001-a2,ORAL
(,PUNCT,punct,SEN:8,cmr-wiki-c001-a2,ORAL
CET,NOUN,nmod,SEN:8,cmr-wiki-c001-a2,ORAL
),PUNCT,punct,SEN:8,cmr-wiki-c001-a2,ORAL
Ci,CCONJ,ROOT,SEN:0,cmr-wiki-c001-a3,ORAL
-,PUNCT,punct,SEN:0,cmr-wiki-c001-a3,ORAL
dessous,NOUN,case,SEN:0,cmr-wiki-c001-a3,ORAL
un,DET,det,SEN:0,cmr-wiki-c001-a3,ORAL
copier,NOUN,ROOT,SEN:0,cmr-wiki-c001-a3,ORAL
-,NOUN,punct,SEN:0,cmr-wiki-c001-a3,ORAL
coller,NOUN,ROOT,SEN:0,cmr-wiki-c001-a3,ORAL
d',ADP,case,SEN:0,cmr-wiki-c001-a3,ORAL
une,DET,det,SEN:0,cmr-wiki-c001-a3,ORAL
partie,NOUN,nmod,SEN:0,cmr-wiki-c001-a3,ORAL
de,ADP,case,SEN:0,cmr-wiki-c001-a3,ORAL
la,DET,det,SEN:0,cmr-wiki-c001-a3,ORAL
page,NOUN,nmod,SEN:0,cmr-wiki-c001-a3,ORAL
que,SCONJ,obj,SEN:0,cmr-wiki-c001-a3,ORAL
je,PRON,nsubj,SEN:0,cmr-wiki-c001-a3,ORAL
trouve,VERB,acl:relcl,SEN:0,cmr-wiki-c001-a3,ORAL
trop,ADV,advmod,SEN:0,cmr-wiki-c001-a3,ORAL
chevelu,VERB,obj,SEN:0,cmr-wiki-c001-a3,ORAL
pour,ADP,mark,SEN:0,cmr-wiki-c001-a3,ORAL
être,AUX,aux:pass,SEN:0,cmr-wiki-c001-a3,ORAL
intégré,ADJ,advcl,SEN:0,cmr-wiki-c001-a3,ORAL
et,CCONJ,cc,SEN:0,cmr-wiki-c001-a3,ORAL
que,SCONJ,mark,SEN:0,cmr-wiki-c001-a3,ORAL
je,PRON,nsubj,SEN:0,cmr-wiki-c001-a3,ORAL
n',ADV,advmod,SEN:0,cmr-wiki-c001-a3,ORAL
arrive,VERB,conj,SEN:0,cmr-wiki-c001-a3,ORAL
pas,ADV,advmod,SEN:0,cmr-wiki-c001-a3,ORAL
à,ADP,mark,SEN:0,cmr-wiki-c001-a3,ORAL
peigner,VERB,xcomp,SEN:0,cmr-wiki-c001-a3,ORAL
.,PUNCT,punct,SEN:0,cmr-wiki-c001-a3,ORAL
gbog,NOUN,ROOT,SEN:1,cmr-wiki-c001-a3,ORAL
16,NUM,nmod,SEN:1,cmr-wiki-c001-a3,ORAL
jan,NOUN,nmod,SEN:1,cmr-wiki-c001-a3,ORAL
2005,NUM,nmod,SEN:1,cmr-wiki-c001-a3,ORAL
à,ADP,case,SEN:1,cmr-wiki-c001-a3,ORAL
09:35,VERB,punct,SEN:1,cmr-wiki-c001-a3,ORAL
(,PUNCT,punct,SEN:1,cmr-wiki-c001-a3,ORAL
CET,PROPN,ROOT,SEN:1,cmr-wiki-c001-a3,ORAL
),PUNCT,punct,SEN:1,cmr-wiki-c001-a3,ORAL
...,PUNCT,punct,SEN:1,cmr-wiki-c001-a3,ORAL
OK,NOUN,ROOT,SEN:2,cmr-wiki-c001-a3,ORAL
.,PUNCT,punct,SEN:2,cmr-wiki-c001-a3,ORAL
J',PRON,nsubj,SEN:3,cmr-wiki-c001-a3,ORAL
ai,AUX,aux:tense,SEN:3,cmr-wiki-c001-a3,ORAL
reclassé,VERB,ROOT,SEN:3,cmr-wiki-c001-a3,ORAL
certains,PRON,det,SEN:3,cmr-wiki-c001-a3,ORAL
items,VERB,obj,SEN:3,cmr-wiki-c001-a3,ORAL
.,PUNCT,punct,SEN:3,cmr-wiki-c001-a3,ORAL
Mais,CCONJ,cc,SEN:4,cmr-wiki-c001-a3,ORAL
",",PUNCT,punct,SEN:4,cmr-wiki-c001-a3,ORAL
justement,ADV,nsubj,SEN:4,cmr-wiki-c001-a3,ORAL
",",PUNCT,punct,SEN:4,cmr-wiki-c001-a3,ORAL
si,SCONJ,mark,SEN:4,cmr-wiki-c001-a3,ORAL
on,PRON,nsubj,SEN:4,cmr-wiki-c001-a3,ORAL
enlève,VERB,advcl,SEN:4,cmr-wiki-c001-a3,ORAL
les,DET,det,SEN:4,cmr-wiki-c001-a3,ORAL
passages,NOUN,obj,SEN:4,cmr-wiki-c001-a3,ORAL
(,PUNCT,punct,SEN:4,cmr-wiki-c001-a3,ORAL
ce,PRON,nsubj,SEN:4,cmr-wiki-c001-a3,ORAL
n',ADV,advmod,SEN:4,cmr-wiki-c001-a3,ORAL
était,AUX,cop,SEN:4,cmr-wiki-c001-a3,ORAL
pas,ADV,advmod,SEN:4,cmr-wiki-c001-a3,ORAL
un,DET,det,SEN:4,cmr-wiki-c001-a3,ORAL
copier,NOUN,dep,SEN:4,cmr-wiki-c001-a3,ORAL
-,NOUN,dep,SEN:4,cmr-wiki-c001-a3,ORAL
coller,NOUN,obl:mod,SEN:4,cmr-wiki-c001-a3,ORAL
mais,CCONJ,cc,SEN:4,cmr-wiki-c001-a3,ORAL
un,DET,det,SEN:4,cmr-wiki-c001-a3,ORAL
COUPER,NOUN,dep,SEN:4,cmr-wiki-c001-a3,ORAL
-,PROPN,dep,SEN:4,cmr-wiki-c001-a3,ORAL
coller,NOUN,obj,SEN:4,cmr-wiki-c001-a3,ORAL
),PUNCT,punct,SEN:4,cmr-wiki-c001-a3,ORAL
",",PUNCT,punct,SEN:4,cmr-wiki-c001-a3,ORAL
on,PRON,nsubj,SEN:4,cmr-wiki-c001-a3,ORAL
ne,ADV,advmod,SEN:4,cmr-wiki-c001-a3,ORAL
comprend,VERB,ROOT,SEN:4,cmr-wiki-c001-a3,ORAL
plus,ADV,advmod,SEN:4,cmr-wiki-c001-a3,ORAL
rien,PRON,obj,SEN:4,cmr-wiki-c001-a3,ORAL
.,PUNCT,punct,SEN:4,cmr-wiki-c001-a3,ORAL
il,PRON,expl:subj,SEN:5,cmr-wiki-c001-a3,ORAL
y,PRON,expl:comp,SEN:5,cmr-wiki-c001-a3,ORAL
avait,VERB,ROOT,SEN:5,cmr-wiki-c001-a3,ORAL
de,ADP,case,SEN:5,cmr-wiki-c001-a3,ORAL
grosses,ADJ,amod,SEN:5,cmr-wiki-c001-a3,ORAL
confusions,NOUN,obj,SEN:5,cmr-wiki-c001-a3,ORAL
d',ADP,case,SEN:5,cmr-wiki-c001-a3,ORAL
ajoutées,NOUN,nmod,SEN:5,cmr-wiki-c001-a3,ORAL
.,PUNCT,punct,SEN:5,cmr-wiki-c001-a3,ORAL
(,PUNCT,punct,SEN:6,cmr-wiki-c001-a3,ORAL
du,DET,advmod,SEN:6,cmr-wiki-c001-a3,ORAL
moins,ADV,fixed,SEN:6,cmr-wiki-c001-a3,ORAL
",",PUNCT,punct,SEN:6,cmr-wiki-c001-a3,ORAL
elles,PRON,nsubj,SEN:6,cmr-wiki-c001-a3,ORAL
figuraient,VERB,ROOT,SEN:6,cmr-wiki-c001-a3,ORAL
en,ADP,case,SEN:6,cmr-wiki-c001-a3,ORAL
lieu,NOUN,obl:mod,SEN:6,cmr-wiki-c001-a3,ORAL
et,CCONJ,cc,SEN:6,cmr-wiki-c001-a3,ORAL
place,NOUN,conj,SEN:6,cmr-wiki-c001-a3,ORAL
d',ADP,case,SEN:6,cmr-wiki-c001-a3,ORAL
autres,ADJ,amod,SEN:6,cmr-wiki-c001-a3,ORAL
notions,NOUN,nmod,SEN:6,cmr-wiki-c001-a3,ORAL
",",PUNCT,punct,SEN:6,cmr-wiki-c001-a3,ORAL
d',ADP,case,SEN:6,cmr-wiki-c001-a3,ORAL
où,DET,nummod,SEN:6,cmr-wiki-c001-a3,ORAL
confusion,NOUN,obl:mod,SEN:6,cmr-wiki-c001-a3,ORAL
),PUNCT,punct,SEN:6,cmr-wiki-c001-a3,ORAL
Modifications,NOUN,ROOT,SEN:6,cmr-wiki-c001-a3,ORAL
:,PUNCT,punct,SEN:6,cmr-wiki-c001-a3,ORAL
J',PRON,nsubj,SEN:6,cmr-wiki-c001-a3,ORAL
ai,AUX,aux:tense,SEN:6,cmr-wiki-c001-a3,ORAL
ôté,VERB,parataxis,SEN:6,cmr-wiki-c001-a3,ORAL
ces,DET,det,SEN:6,cmr-wiki-c001-a3,ORAL
deux,NUM,nummod,SEN:6,cmr-wiki-c001-a3,ORAL
passages,NOUN,obj,SEN:6,cmr-wiki-c001-a3,ORAL
.,PUNCT,punct,SEN:6,cmr-wiki-c001-a3,ORAL
Le,DET,det,SEN:7,cmr-wiki-c001-a3,ORAL
test,NOUN,nsubj:pass,SEN:7,cmr-wiki-c001-a3,ORAL
de,ADP,case,SEN:7,cmr-wiki-c001-a3,ORAL
QI,PROPN,nmod,SEN:7,cmr-wiki-c001-a3,ORAL
a,AUX,aux:tense,SEN:7,cmr-wiki-c001-a3,ORAL
été,AUX,aux:pass,SEN:7,cmr-wiki-c001-a3,ORAL
souvent,ADV,advmod,SEN:7,cmr-wiki-c001-a3,ORAL
critiqué,VERB,ROOT,SEN:7,cmr-wiki-c001-a3,ORAL
à,ADP,case,SEN:7,cmr-wiki-c001-a3,ORAL
cause,NOUN,xcomp,SEN:7,cmr-wiki-c001-a3,ORAL
de,ADP,case,SEN:7,cmr-wiki-c001-a3,ORAL
sa,DET,det,SEN:7,cmr-wiki-c001-a3,ORAL
dépendance,NOUN,nmod,SEN:7,cmr-wiki-c001-a3,ORAL
au,DET,case,SEN:7,cmr-wiki-c001-a3,ORAL
contexte,NOUN,nmod,SEN:7,cmr-wiki-c001-a3,ORAL
socio-culturel,ADJ,amod,SEN:7,cmr-wiki-c001-a3,ORAL
.,PUNCT,punct,SEN:7,cmr-wiki-c001-a3,ORAL
En,ADP,case,SEN:8,cmr-wiki-c001-a3,ORAL
effet,NOUN,obl:mod,SEN:8,cmr-wiki-c001-a3,ORAL
",",PUNCT,punct,SEN:8,cmr-wiki-c001-a3,ORAL
la,DET,det,SEN:8,cmr-wiki-c001-a3,ORAL
résolution,NOUN,nsubj:pass,SEN:8,cmr-wiki-c001-a3,ORAL
rapide,ADJ,amod,SEN:8,cmr-wiki-c001-a3,ORAL
de,ADP,case,SEN:8,cmr-wiki-c001-a3,ORAL
tels,ADJ,det,SEN:8,cmr-wiki-c001-a3,ORAL
problèmes,NOUN,nmod,SEN:8,cmr-wiki-c001-a3,ORAL
est,AUX,aux:pass,SEN:8,cmr-wiki-c001-a3,ORAL
rendue,VERB,ROOT,SEN:8,cmr-wiki-c001-a3,ORAL
plus,ADV,advmod,SEN:8,cmr-wiki-c001-a3,ORAL
facile,ADJ,xcomp,SEN:8,cmr-wiki-c001-a3,ORAL
quand,SCONJ,mark,SEN:8,cmr-wiki-c001-a3,ORAL
on,PRON,nsubj:pass,SEN:8,cmr-wiki-c001-a3,ORAL
est,AUX,aux:pass,SEN:8,cmr-wiki-c001-a3,ORAL
habitué,VERB,advcl,SEN:8,cmr-wiki-c001-a3,ORAL
à,ADP,case,SEN:8,cmr-wiki-c001-a3,ORAL
ce,DET,det,SEN:8,cmr-wiki-c001-a3,ORAL
type,NOUN,obl:arg,SEN:8,cmr-wiki-c001-a3,ORAL
de,ADP,case,SEN:8,cmr-wiki-c001-a3,ORAL
raisonnement,NOUN,nmod,SEN:8,cmr-wiki-c001-a3,ORAL
.,PUNCT,punct,SEN:8,cmr-wiki-c001-a3,ORAL
Suivant,VERB,case,SEN:9,cmr-wiki-c001-a3,ORAL
la,DET,det,SEN:9,cmr-wiki-c001-a3,ORAL
voie,NOUN,obl:mod,SEN:9,cmr-wiki-c001-a3,ORAL
tracée,VERB,acl,SEN:9,cmr-wiki-c001-a3,ORAL
par,ADP,case,SEN:9,cmr-wiki-c001-a3,ORAL
les,DET,det,SEN:9,cmr-wiki-c001-a3,ORAL
penseurs,NOUN,obl:agent,SEN:9,cmr-wiki-c001-a3,ORAL
Grecs,PROPN,amod,SEN:9,cmr-wiki-c001-a3,ORAL
",",PUNCT,punct,SEN:9,cmr-wiki-c001-a3,ORAL
la,DET,det,SEN:9,cmr-wiki-c001-a3,ORAL
civilisation,NOUN,nsubj,SEN:9,cmr-wiki-c001-a3,ORAL
occidentale,ADJ,amod,SEN:9,cmr-wiki-c001-a3,ORAL
a,AUX,aux:tense,SEN:9,cmr-wiki-c001-a3,ORAL
donné,VERB,ROOT,SEN:9,cmr-wiki-c001-a3,ORAL
une,DET,det,SEN:9,cmr-wiki-c001-a3,ORAL
grande,ADJ,amod,SEN:9,cmr-wiki-c001-a3,ORAL
importance,NOUN,obj,SEN:9,cmr-wiki-c001-a3,ORAL
à,ADP,case,SEN:9,cmr-wiki-c001-a3,ORAL
la,DET,det,SEN:9,cmr-wiki-c001-a3,ORAL
logique,NOUN,obl:arg,SEN:9,cmr-wiki-c001-a3,ORAL
",",PUNCT,punct,SEN:9,cmr-wiki-c001-a3,ORAL
au,DET,case,SEN:9,cmr-wiki-c001-a3,ORAL
raisonnement,NOUN,obl:mod,SEN:9,cmr-wiki-c001-a3,ORAL
déductif,ADJ,amod,SEN:9,cmr-wiki-c001-a3,ORAL
",",PUNCT,punct,SEN:9,cmr-wiki-c001-a3,ORAL
à,ADP,case,SEN:9,cmr-wiki-c001-a3,ORAL
l',DET,det,SEN:9,cmr-wiki-c001-a3,ORAL
analyse,NOUN,obl:mod,SEN:9,cmr-wiki-c001-a3,ORAL
",",PUNCT,punct,SEN:9,cmr-wiki-c001-a3,ORAL
au,DET,case,SEN:9,cmr-wiki-c001-a3,ORAL
principe,NOUN,obl:mod,SEN:9,cmr-wiki-c001-a3,ORAL
de,ADP,case,SEN:9,cmr-wiki-c001-a3,ORAL
non-contradiction,NOUN,nmod,SEN:9,cmr-wiki-c001-a3,ORAL
",",PUNCT,punct,SEN:9,cmr-wiki-c001-a3,ORAL
bref,ADV,advmod,SEN:9,cmr-wiki-c001-a3,ORAL
aux,ADP,case,SEN:9,cmr-wiki-c001-a3,ORAL
mathématiques,NOUN,obl:arg,SEN:9,cmr-wiki-c001-a3,ORAL
.,PUNCT,punct,SEN:9,cmr-wiki-c001-a3,ORAL
D',DET,det,SEN:10,cmr-wiki-c001-a3,ORAL
autres,ADJ,amod,SEN:10,cmr-wiki-c001-a3,ORAL
cultures,NOUN,nsubj,SEN:10,cmr-wiki-c001-a3,ORAL
ont,AUX,aux:tense,SEN:10,cmr-wiki-c001-a3,ORAL
développé,VERB,ROOT,SEN:10,cmr-wiki-c001-a3,ORAL
d',DET,det,SEN:10,cmr-wiki-c001-a3,ORAL
autres,ADJ,amod,SEN:10,cmr-wiki-c001-a3,ORAL
outils,NOUN,obj,SEN:10,cmr-wiki-c001-a3,ORAL
pour,ADP,mark,SEN:10,cmr-wiki-c001-a3,ORAL
comprendre,VERB,advcl,SEN:10,cmr-wiki-c001-a3,ORAL
le,DET,det,SEN:10,cmr-wiki-c001-a3,ORAL
réel,NOUN,obj,SEN:10,cmr-wiki-c001-a3,ORAL
",",PUNCT,punct,SEN:10,cmr-wiki-c001-a3,ORAL
comme,SCONJ,case,SEN:10,cmr-wiki-c001-a3,ORAL
le,DET,det,SEN:10,cmr-wiki-c001-a3,ORAL
raisonnement,NOUN,obl:mod,SEN:10,cmr-wiki-c001-a3,ORAL
par,ADP,case,SEN:10,cmr-wiki-c001-a3,ORAL
analogie,NOUN,nmod,SEN:10,cmr-wiki-c001-a3,ORAL
",",PUNCT,punct,SEN:10,cmr-wiki-c001-a3,ORAL
l',DET,det,SEN:10,cmr-wiki-c001-a3,ORAL
utilisation,NOUN,dep,SEN:10,cmr-wiki-c001-a3,ORAL
de,ADP,case,SEN:10,cmr-wiki-c001-a3,ORAL
l',DET,det,SEN:10,cmr-wiki-c001-a3,ORAL
intuition,NOUN,nmod,SEN:10,cmr-wiki-c001-a3,ORAL
",",PUNCT,punct,SEN:10,cmr-wiki-c001-a3,ORAL
la,DET,det,SEN:10,cmr-wiki-c001-a3,ORAL
référence,NOUN,obl:mod,SEN:10,cmr-wiki-c001-a3,ORAL
à,ADP,case,SEN:10,cmr-wiki-c001-a3,ORAL
l',DET,det,SEN:10,cmr-wiki-c001-a3,ORAL
Histoire,NOUN,nmod,SEN:10,cmr-wiki-c001-a3,ORAL
ayant,AUX,aux:tense,SEN:10,cmr-wiki-c001-a3,ORAL
valeur,NOUN,nmod,SEN:10,cmr-wiki-c001-a3,ORAL
de,ADP,case,SEN:10,cmr-wiki-c001-a3,ORAL
preuve,NOUN,nmod,SEN:10,cmr-wiki-c001-a3,ORAL
",",PUNCT,punct,SEN:10,cmr-wiki-c001-a3,ORAL
etc.,ADV,nmod,SEN:10,cmr-wiki-c001-a3,ORAL
Ainsi,ADV,advmod,SEN:11,cmr-wiki-c001-a3,ORAL
il,PRON,expl:subj,SEN:11,cmr-wiki-c001-a3,ORAL
faudrait,VERB,ROOT,SEN:11,cmr-wiki-c001-a3,ORAL
prendre,VERB,xcomp,SEN:11,cmr-wiki-c001-a3,ORAL
en,ADP,case,SEN:11,cmr-wiki-c001-a3,ORAL
compte,NOUN,obl:mod,SEN:11,cmr-wiki-c001-a3,ORAL
les,DET,det,SEN:11,cmr-wiki-c001-a3,ORAL
caractères,NOUN,obj,SEN:11,cmr-wiki-c001-a3,ORAL
culturels,VERB,amod,SEN:11,cmr-wiki-c001-a3,ORAL
pour,ADP,mark,SEN:11,cmr-wiki-c001-a3,ORAL
que,SCONJ,mark,SEN:11,cmr-wiki-c001-a3,ORAL
le,DET,det,SEN:11,cmr-wiki-c001-a3,ORAL
QI,ADJ,nsubj,SEN:11,cmr-wiki-c001-a3,ORAL
puisse,VERB,advcl,SEN:11,cmr-wiki-c001-a3,ORAL
s',PRON,expl:comp,SEN:11,cmr-wiki-c001-a3,ORAL
appliquer,VERB,xcomp,SEN:11,cmr-wiki-c001-a3,ORAL
universellement,ADV,advmod,SEN:11,cmr-wiki-c001-a3,ORAL
comme,ADP,case,SEN:11,cmr-wiki-c001-a3,ORAL
mesure,NOUN,obl:arg,SEN:11,cmr-wiki-c001-a3,ORAL
d',ADP,case,SEN:11,cmr-wiki-c001-a3,ORAL
une,DET,det,SEN:11,cmr-wiki-c001-a3,ORAL
certaine,ADJ,amod,SEN:11,cmr-wiki-c001-a3,ORAL
capacité,NOUN,nmod,SEN:11,cmr-wiki-c001-a3,ORAL
intellectuelle,ADJ,amod,SEN:11,cmr-wiki-c001-a3,ORAL
.,PUNCT,punct,SEN:11,cmr-wiki-c001-a3,ORAL
...,PUNCT,ROOT,SEN:12,cmr-wiki-c001-a3,ORAL
Le,DET,det,SEN:13,cmr-wiki-c001-a3,ORAL
Qi,PRON,nsubj,SEN:13,cmr-wiki-c001-a3,ORAL
ne,ADV,advmod,SEN:13,cmr-wiki-c001-a3,ORAL
mesure,VERB,ROOT,SEN:13,cmr-wiki-c001-a3,ORAL
qu',SCONJ,advmod,SEN:13,cmr-wiki-c001-a3,ORAL
une,DET,det,SEN:13,cmr-wiki-c001-a3,ORAL
certaine,ADJ,amod,SEN:13,cmr-wiki-c001-a3,ORAL
capacité,NOUN,ccomp,SEN:13,cmr-wiki-c001-a3,ORAL
intellectuelle,ADJ,amod,SEN:13,cmr-wiki-c001-a3,ORAL
",",PUNCT,punct,SEN:13,cmr-wiki-c001-a3,ORAL
et,CCONJ,cc,SEN:13,cmr-wiki-c001-a3,ORAL
pas,ADV,advmod,SEN:13,cmr-wiki-c001-a3,ORAL
",",PUNCT,punct,SEN:13,cmr-wiki-c001-a3,ORAL
en,ADP,case,SEN:13,cmr-wiki-c001-a3,ORAL
effet,NOUN,nmod,SEN:13,cmr-wiki-c001-a3,ORAL
",",PUNCT,punct,SEN:13,cmr-wiki-c001-a3,ORAL
la,DET,det,SEN:13,cmr-wiki-c001-a3,ORAL
référence,NOUN,conj,SEN:13,cmr-wiki-c001-a3,ORAL
à,ADP,case,SEN:13,cmr-wiki-c001-a3,ORAL
l',DET,det,SEN:13,cmr-wiki-c001-a3,ORAL
Histoire,NOUN,nmod,SEN:13,cmr-wiki-c001-a3,ORAL
(,PUNCT,punct,SEN:13,cmr-wiki-c001-a3,ORAL
?,PUNCT,punct,SEN:13,cmr-wiki-c001-a3,ORAL
?,PUNCT,ROOT,SEN:13,cmr-wiki-c001-a3,ORAL
),PUNCT,punct,SEN:13,cmr-wiki-c001-a3,ORAL
",",PUNCT,punct,SEN:13,cmr-wiki-c001-a3,ORAL
etc.,ADV,ROOT,SEN:14,cmr-wiki-c001-a3,ORAL
!,PUNCT,punct,SEN:14,cmr-wiki-c001-a3,ORAL
Ce,DET,det,SEN:15,cmr-wiki-c001-a3,ORAL
passage,NOUN,ROOT,SEN:15,cmr-wiki-c001-a3,ORAL
là,ADV,advmod,SEN:15,cmr-wiki-c001-a3,ORAL
parle,NOUN,amod,SEN:15,cmr-wiki-c001-a3,ORAL
de,ADP,case,SEN:15,cmr-wiki-c001-a3,ORAL
la,DET,det,SEN:15,cmr-wiki-c001-a3,ORAL
définition,NOUN,nmod,SEN:15,cmr-wiki-c001-a3,ORAL
de,ADP,case,SEN:15,cmr-wiki-c001-a3,ORAL
l',DET,det,SEN:15,cmr-wiki-c001-a3,ORAL
objet,NOUN,nmod,SEN:15,cmr-wiki-c001-a3,ORAL
testé,ADJ,acl,SEN:15,cmr-wiki-c001-a3,ORAL
.,PUNCT,punct,SEN:15,cmr-wiki-c001-a3,ORAL
Ca,ADV,nsubj,SEN:16,cmr-wiki-c001-a3,ORAL
n',ADV,advmod,SEN:16,cmr-wiki-c001-a3,ORAL
a,VERB,ROOT,SEN:16,cmr-wiki-c001-a3,ORAL
pas,ADV,advmod,SEN:16,cmr-wiki-c001-a3,ORAL
de,DET,det,SEN:16,cmr-wiki-c001-a3,ORAL
rapport,NOUN,obj,SEN:16,cmr-wiki-c001-a3,ORAL
.,PUNCT,punct,SEN:16,cmr-wiki-c001-a3,ORAL
Si,SCONJ,mark,SEN:17,cmr-wiki-c001-a3,ORAL
l',DET,det,SEN:17,cmr-wiki-c001-a3,ORAL
auteur,NOUN,dep,SEN:17,cmr-wiki-c001-a3,ORAL
parle,NOUN,nmod,SEN:17,cmr-wiki-c001-a3,ORAL
de,ADP,case,SEN:17,cmr-wiki-c001-a3,ORAL
"""",PUNCT,punct,SEN:17,cmr-wiki-c001-a3,ORAL
l',DET,det,SEN:17,cmr-wiki-c001-a3,ORAL
intelligence,NOUN,nmod,SEN:17,cmr-wiki-c001-a3,ORAL
"""",PUNCT,punct,SEN:17,cmr-wiki-c001-a3,ORAL
(,PUNCT,punct,SEN:17,cmr-wiki-c001-a3,ORAL
?,PUNCT,punct,SEN:17,cmr-wiki-c001-a3,ORAL
),PUNCT,ROOT,SEN:17,cmr-wiki-c001-a3,ORAL
",",PUNCT,punct,SEN:17,cmr-wiki-c001-a3,ORAL
il,PRON,nsubj,SEN:18,cmr-wiki-c001-a3,ORAL
peut,VERB,ROOT,SEN:18,cmr-wiki-c001-a3,ORAL
se,PRON,expl:comp,SEN:18,cmr-wiki-c001-a3,ORAL
référer,VERB,xcomp,SEN:18,cmr-wiki-c001-a3,ORAL
à,ADP,case,SEN:18,cmr-wiki-c001-a3,ORAL
l',DET,det,SEN:18,cmr-wiki-c001-a3,ORAL
article,NOUN,obl:arg,SEN:18,cmr-wiki-c001-a3,ORAL
en,ADP,case,SEN:18,cmr-wiki-c001-a3,ORAL
émergence,NOUN,obl:mod,SEN:18,cmr-wiki-c001-a3,ORAL
sur,ADP,case,SEN:18,cmr-wiki-c001-a3,ORAL
le,DET,det,SEN:18,cmr-wiki-c001-a3,ORAL
sujet,NOUN,nmod,SEN:18,cmr-wiki-c001-a3,ORAL
.,PUNCT,punct,SEN:18,cmr-wiki-c001-a3,ORAL
S',SCONJ,mark,SEN:19,cmr-wiki-c001-a3,ORAL
il,PRON,expl:subj,SEN:19,cmr-wiki-c001-a3,ORAL
parle,VERB,ROOT,SEN:19,cmr-wiki-c001-a3,ORAL
de,ADP,case,SEN:19,cmr-wiki-c001-a3,ORAL
certaines,DET,det,SEN:19,cmr-wiki-c001-a3,ORAL
facultés,NOUN,obl:arg,SEN:19,cmr-wiki-c001-a3,ORAL
...,PUNCT,punct,SEN:19,cmr-wiki-c001-a3,ORAL
Eh,INTJ,advmod,SEN:20,cmr-wiki-c001-a3,ORAL
bien,ADV,fixed,SEN:20,cmr-wiki-c001-a3,ORAL
",",PUNCT,punct,SEN:20,cmr-wiki-c001-a3,ORAL
les,DET,det,SEN:20,cmr-wiki-c001-a3,ORAL
tests,NOUN,nsubj,SEN:20,cmr-wiki-c001-a3,ORAL
de,ADP,case,SEN:20,cmr-wiki-c001-a3,ORAL
QI,PROPN,nmod,SEN:20,cmr-wiki-c001-a3,ORAL
ne,ADV,advmod,SEN:20,cmr-wiki-c001-a3,ORAL
mesurent,VERB,ROOT,SEN:20,cmr-wiki-c001-a3,ORAL
pas,ADV,advmod,SEN:20,cmr-wiki-c001-a3,ORAL
celles,PRON,obj,SEN:20,cmr-wiki-c001-a3,ORAL
-là,PRON,obj,SEN:20,cmr-wiki-c001-a3,ORAL
.,PUNCT,punct,SEN:20,cmr-wiki-c001-a3,ORAL
Point,PROPN,ROOT,SEN:21,cmr-wiki-c001-a3,ORAL
.,PUNCT,punct,SEN:21,cmr-wiki-c001-a3,ORAL
Ce,PRON,nsubj,SEN:22,cmr-wiki-c001-a3,ORAL
n',ADV,advmod,SEN:22,cmr-wiki-c001-a3,ORAL
est,AUX,cop,SEN:22,cmr-wiki-c001-a3,ORAL
pas,ADV,advmod,SEN:22,cmr-wiki-c001-a3,ORAL
ce,PRON,ROOT,SEN:22,cmr-wiki-c001-a3,ORAL
dont,PRON,iobj,SEN:22,cmr-wiki-c001-a3,ORAL
il,PRON,expl:subj,SEN:22,cmr-wiki-c001-a3,ORAL
est,AUX,cop,SEN:22,cmr-wiki-c001-a3,ORAL
question,NOUN,acl:relcl,SEN:22,cmr-wiki-c001-a3,ORAL
quand,SCONJ,mark,SEN:22,cmr-wiki-c001-a3,ORAL
on,PRON,nsubj,SEN:22,cmr-wiki-c001-a3,ORAL
parle,VERB,advcl,SEN:22,cmr-wiki-c001-a3,ORAL
de,ADP,case,SEN:22,cmr-wiki-c001-a3,ORAL
dépendance,NOUN,det,SEN:22,cmr-wiki-c001-a3,ORAL
socio-culturelle,ADJ,obl:arg,SEN:22,cmr-wiki-c001-a3,ORAL
.,PUNCT,punct,SEN:22,cmr-wiki-c001-a3,ORAL
Notons,NOUN,nsubj:pass,SEN:23,cmr-wiki-c001-a3,ORAL
que,SCONJ,mark,SEN:23,cmr-wiki-c001-a3,ORAL
"""",PUNCT,punct,SEN:23,cmr-wiki-c001-a3,ORAL
l',DET,det,SEN:23,cmr-wiki-c001-a3,ORAL
intuition,NOUN,nmod,SEN:23,cmr-wiki-c001-a3,ORAL
"""",PUNCT,punct,SEN:23,cmr-wiki-c001-a3,ORAL
",",PUNCT,punct,SEN:23,cmr-wiki-c001-a3,ORAL
en,ADP,case,SEN:23,cmr-wiki-c001-a3,ORAL
tant,ADV,fixed,SEN:23,cmr-wiki-c001-a3,ORAL
que,SCONJ,fixed,SEN:23,cmr-wiki-c001-a3,ORAL
capacité,NOUN,nmod,SEN:23,cmr-wiki-c001-a3,ORAL
à,ADP,mark,SEN:23,cmr-wiki-c001-a3,ORAL
repérer,VERB,acl,SEN:23,cmr-wiki-c001-a3,ORAL
des,DET,det,SEN:23,cmr-wiki-c001-a3,ORAL
éléments,NOUN,obj,SEN:23,cmr-wiki-c001-a3,ORAL
permettant,VERB,acl,SEN:23,cmr-wiki-c001-a3,ORAL
d',ADP,mark,SEN:23,cmr-wiki-c001-a3,ORAL
anticiper,VERB,xcomp,SEN:23,cmr-wiki-c001-a3,ORAL
les,DET,det,SEN:23,cmr-wiki-c001-a3,ORAL
effets,NOUN,obj,SEN:23,cmr-wiki-c001-a3,ORAL
d',ADP,case,SEN:23,cmr-wiki-c001-a3,ORAL
une,DET,det,SEN:23,cmr-wiki-c001-a3,ORAL
action,NOUN,nmod,SEN:23,cmr-wiki-c001-a3,ORAL
ou,CCONJ,cc,SEN:23,cmr-wiki-c001-a3,ORAL
situation,NOUN,conj,SEN:23,cmr-wiki-c001-a3,ORAL
",",PUNCT,punct,SEN:23,cmr-wiki-c001-a3,ORAL
est,AUX,aux:pass,SEN:23,cmr-wiki-c001-a3,ORAL
prise,NOUN,ROOT,SEN:23,cmr-wiki-c001-a3,ORAL
en,ADP,case,SEN:23,cmr-wiki-c001-a3,ORAL
compte,NOUN,obl:mod,SEN:23,cmr-wiki-c001-a3,ORAL
dans,ADP,case,SEN:23,cmr-wiki-c001-a3,ORAL
les,DET,det,SEN:23,cmr-wiki-c001-a3,ORAL
tests,NOUN,obl:mod,SEN:23,cmr-wiki-c001-a3,ORAL
de,ADP,case,SEN:23,cmr-wiki-c001-a3,ORAL
QI,PROPN,nmod,SEN:23,cmr-wiki-c001-a3,ORAL
(,PUNCT,punct,SEN:23,cmr-wiki-c001-a3,ORAL
forcément,ADV,appos,SEN:23,cmr-wiki-c001-a3,ORAL
",",PUNCT,punct,SEN:23,cmr-wiki-c001-a3,ORAL
puisqu',SCONJ,mark,SEN:23,cmr-wiki-c001-a3,ORAL
il,PRON,expl:subj,SEN:23,cmr-wiki-c001-a3,ORAL
faut,VERB,advcl,SEN:23,cmr-wiki-c001-a3,ORAL
deviner,VERB,xcomp,SEN:23,cmr-wiki-c001-a3,ORAL
le,DET,det,SEN:23,cmr-wiki-c001-a3,ORAL
résultat,NOUN,obj,SEN:23,cmr-wiki-c001-a3,ORAL
d',ADP,case,SEN:23,cmr-wiki-c001-a3,ORAL
après,ADP,fixed,SEN:23,cmr-wiki-c001-a3,ORAL
les,DET,det,SEN:23,cmr-wiki-c001-a3,ORAL
éléments,NOUN,nmod,SEN:23,cmr-wiki-c001-a3,ORAL
donnés,ADJ,acl,SEN:23,cmr-wiki-c001-a3,ORAL
),PUNCT,punct,SEN:23,cmr-wiki-c001-a3,ORAL
",",PUNCT,punct,SEN:23,cmr-wiki-c001-a3,ORAL
et,CCONJ,cc,SEN:23,cmr-wiki-c001-a3,ORAL
même,ADV,advmod,SEN:23,cmr-wiki-c001-a3,ORAL
insconsciente,ADJ,conj,SEN:23,cmr-wiki-c001-a3,ORAL
",",PUNCT,punct,SEN:23,cmr-wiki-c001-a3,ORAL
puisqu',SCONJ,mark,SEN:23,cmr-wiki-c001-a3,ORAL
on,PRON,nsubj,SEN:23,cmr-wiki-c001-a3,ORAL
ne,ADV,advmod,SEN:23,cmr-wiki-c001-a3,ORAL
doit,VERB,advcl,SEN:23,cmr-wiki-c001-a3,ORAL
pas,ADV,advmod,SEN:23,cmr-wiki-c001-a3,ORAL
fournir,VERB,xcomp,SEN:23,cmr-wiki-c001-a3,ORAL
de,ADP,case,SEN:23,cmr-wiki-c001-a3,ORAL
justification,NOUN,obj,SEN:23,cmr-wiki-c001-a3,ORAL
de,ADP,case,SEN:23,cmr-wiki-c001-a3,ORAL
ses,DET,det,SEN:23,cmr-wiki-c001-a3,ORAL
réponses,NOUN,nmod,SEN:23,cmr-wiki-c001-a3,ORAL
.,PUNCT,punct,SEN:23,cmr-wiki-c001-a3,ORAL
enfin,ADV,advmod,SEN:24,cmr-wiki-c001-a3,ORAL
",",PUNCT,punct,SEN:24,cmr-wiki-c001-a3,ORAL
le,DET,det,SEN:24,cmr-wiki-c001-a3,ORAL
test,NOUN,nsubj,SEN:24,cmr-wiki-c001-a3,ORAL
de,ADP,case,SEN:24,cmr-wiki-c001-a3,ORAL
QI,PROPN,nmod,SEN:24,cmr-wiki-c001-a3,ORAL
ne,ADV,advmod,SEN:24,cmr-wiki-c001-a3,ORAL
donnant,VERB,mark,SEN:24,cmr-wiki-c001-a3,ORAL
qu',SCONJ,mark,SEN:24,cmr-wiki-c001-a3,ORAL
une,DET,det,SEN:24,cmr-wiki-c001-a3,ORAL
note,NOUN,nsubj,SEN:24,cmr-wiki-c001-a3,ORAL
globale,ADJ,amod,SEN:24,cmr-wiki-c001-a3,ORAL
",",PUNCT,punct,SEN:24,cmr-wiki-c001-a3,ORAL
il,PRON,nsubj,SEN:24,cmr-wiki-c001-a3,ORAL
ne,ADV,advmod,SEN:24,cmr-wiki-c001-a3,ORAL
permet,VERB,advcl,SEN:24,cmr-wiki-c001-a3,ORAL
pas,ADV,advmod,SEN:24,cmr-wiki-c001-a3,ORAL
de,ADP,mark,SEN:24,cmr-wiki-c001-a3,ORAL
connaître,VERB,xcomp,SEN:24,cmr-wiki-c001-a3,ORAL
la,DET,det,SEN:24,cmr-wiki-c001-a3,ORAL
qualité,NOUN,obj,SEN:24,cmr-wiki-c001-a3,ORAL
de,ADP,case,SEN:24,cmr-wiki-c001-a3,ORAL
la,DET,det,SEN:24,cmr-wiki-c001-a3,ORAL
capacité,NOUN,nmod,SEN:24,cmr-wiki-c001-a3,ORAL
intellectuelle,ADJ,amod,SEN:24,cmr-wiki-c001-a3,ORAL
du,DET,case,SEN:24,cmr-wiki-c001-a3,ORAL
sujet,NOUN,nmod,SEN:24,cmr-wiki-c001-a3,ORAL
testé,ADJ,acl,SEN:24,cmr-wiki-c001-a3,ORAL
",",PUNCT,punct,SEN:24,cmr-wiki-c001-a3,ORAL
il,PRON,nsubj,SEN:24,cmr-wiki-c001-a3,ORAL
ne,ADV,advmod,SEN:24,cmr-wiki-c001-a3,ORAL
donne,VERB,ROOT,SEN:24,cmr-wiki-c001-a3,ORAL
pas,ADV,advmod,SEN:24,cmr-wiki-c001-a3,ORAL
de,DET,det,SEN:24,cmr-wiki-c001-a3,ORAL
renseignements,NOUN,obj,SEN:24,cmr-wiki-c001-a3,ORAL
sur,ADP,case,SEN:24,cmr-wiki-c001-a3,ORAL
ses,DET,det,SEN:24,cmr-wiki-c001-a3,ORAL
points,NOUN,nmod,SEN:24,cmr-wiki-c001-a3,ORAL
forts,ADJ,amod,SEN:24,cmr-wiki-c001-a3,ORAL
et,CCONJ,cc,SEN:24,cmr-wiki-c001-a3,ORAL
ses,DET,det,SEN:24,cmr-wiki-c001-a3,ORAL
points,NOUN,conj,SEN:24,cmr-wiki-c001-a3,ORAL
faibles,ADJ,amod,SEN:24,cmr-wiki-c001-a3,ORAL
.,PUNCT,punct,SEN:24,cmr-wiki-c001-a3,ORAL
--,PUNCT,punct,SEN:0,cmr-wiki-c001-a4,ORAL
>,NOUN,dep,SEN:0,cmr-wiki-c001-a4,ORAL
c',PRON,expl:subj,SEN:0,cmr-wiki-c001-a4,ORAL
est,AUX,cop,SEN:0,cmr-wiki-c001-a4,ORAL
faux,ADJ,ROOT,SEN:0,cmr-wiki-c001-a4,ORAL
.,PUNCT,punct,SEN:0,cmr-wiki-c001-a4,ORAL
La,DET,det,SEN:1,cmr-wiki-c001-a4,ORAL
note,NOUN,nsubj:pass,SEN:1,cmr-wiki-c001-a4,ORAL
(,PUNCT,punct,SEN:1,cmr-wiki-c001-a4,ORAL
QI,NOUN,appos,SEN:1,cmr-wiki-c001-a4,ORAL
),PUNCT,punct,SEN:1,cmr-wiki-c001-a4,ORAL
est,AUX,cop,SEN:1,cmr-wiki-c001-a4,ORAL
globale,ADJ,ROOT,SEN:1,cmr-wiki-c001-a4,ORAL
",",PUNCT,punct,SEN:1,cmr-wiki-c001-a4,ORAL
mais,CCONJ,cc,SEN:1,cmr-wiki-c001-a4,ORAL
il,PRON,expl:subj,SEN:1,cmr-wiki-c001-a4,ORAL
y,PRON,expl:comp,SEN:1,cmr-wiki-c001-a4,ORAL
a,VERB,conj,SEN:1,cmr-wiki-c001-a4,ORAL
plusieurs,DET,det,SEN:1,cmr-wiki-c001-a4,ORAL
sub-tests,NOUN,obj,SEN:1,cmr-wiki-c001-a4,ORAL
",",PUNCT,punct,SEN:1,cmr-wiki-c001-a4,ORAL
et,CCONJ,cc,SEN:1,cmr-wiki-c001-a4,ORAL
le,DET,det,SEN:1,cmr-wiki-c001-a4,ORAL
but,NOUN,nsubj,SEN:1,cmr-wiki-c001-a4,ORAL
est,AUX,cop,SEN:1,cmr-wiki-c001-a4,ORAL
justement,ADV,conj,SEN:1,cmr-wiki-c001-a4,ORAL
de,ADP,mark,SEN:1,cmr-wiki-c001-a4,ORAL
renseigner,VERB,xcomp,SEN:1,cmr-wiki-c001-a4,ORAL
sur,ADP,case,SEN:1,cmr-wiki-c001-a4,ORAL
les,DET,det,SEN:1,cmr-wiki-c001-a4,ORAL
points,NOUN,obl:arg,SEN:1,cmr-wiki-c001-a4,ORAL
forts,ADJ,amod,SEN:1,cmr-wiki-c001-a4,ORAL
et,CCONJ,cc,SEN:1,cmr-wiki-c001-a4,ORAL
les,DET,det,SEN:1,cmr-wiki-c001-a4,ORAL
points,NOUN,conj,SEN:1,cmr-wiki-c001-a4,ORAL
faibles,ADJ,amod,SEN:1,cmr-wiki-c001-a4,ORAL
!,PUNCT,punct,SEN:1,cmr-wiki-c001-a4,ORAL
(,PUNCT,punct,SEN:2,cmr-wiki-c001-a4,ORAL
confusion,NOUN,ROOT,SEN:2,cmr-wiki-c001-a4,ORAL
entre,ADP,case,SEN:2,cmr-wiki-c001-a4,ORAL
les,DET,det,SEN:2,cmr-wiki-c001-a4,ORAL
termes,NOUN,nmod,SEN:2,cmr-wiki-c001-a4,ORAL
"""",PUNCT,punct,SEN:2,cmr-wiki-c001-a4,ORAL
QI,NUM,nmod,SEN:2,cmr-wiki-c001-a4,ORAL
"""",PUNCT,punct,SEN:2,cmr-wiki-c001-a4,ORAL
et,CCONJ,cc,SEN:2,cmr-wiki-c001-a4,ORAL
"""",PUNCT,punct,SEN:2,cmr-wiki-c001-a4,ORAL
test,NOUN,conj,SEN:2,cmr-wiki-c001-a4,ORAL
de,ADP,case,SEN:2,cmr-wiki-c001-a4,ORAL
QI,NUM,nmod,SEN:2,cmr-wiki-c001-a4,ORAL
"""",PUNCT,punct,SEN:2,cmr-wiki-c001-a4,ORAL
),PUNCT,punct,SEN:2,cmr-wiki-c001-a4,ORAL
.,PUNCT,punct,SEN:2,cmr-wiki-c001-a4,ORAL
Par,ADP,case,SEN:3,cmr-wiki-c001-a4,ORAL
contre,ADP,obl:mod,SEN:3,cmr-wiki-c001-a4,ORAL
",",PUNCT,punct,SEN:3,cmr-wiki-c001-a4,ORAL
tous,ADJ,amod,SEN:3,cmr-wiki-c001-a4,ORAL
les,DET,det,SEN:3,cmr-wiki-c001-a4,ORAL
points,NOUN,nsubj,SEN:3,cmr-wiki-c001-a4,ORAL
ne,ADV,advmod,SEN:3,cmr-wiki-c001-a4,ORAL
peuvent,VERB,ROOT,SEN:3,cmr-wiki-c001-a4,ORAL
être,AUX,aux:pass,SEN:3,cmr-wiki-c001-a4,ORAL
abordés,VERB,xcomp,SEN:3,cmr-wiki-c001-a4,ORAL
(,PUNCT,punct,SEN:3,cmr-wiki-c001-a4,ORAL
capacité,NOUN,obl:mod,SEN:3,cmr-wiki-c001-a4,ORAL
à,ADP,mark,SEN:3,cmr-wiki-c001-a4,ORAL
léviter,VERB,acl,SEN:3,cmr-wiki-c001-a4,ORAL
",",PUNCT,punct,SEN:3,cmr-wiki-c001-a4,ORAL
prescience,NOUN,obl:mod,SEN:3,cmr-wiki-c001-a4,ORAL
...,PUNCT,punct,SEN:3,cmr-wiki-c001-a4,ORAL
),PUNCT,punct,SEN:3,cmr-wiki-c001-a4,ORAL
.,PUNCT,punct,SEN:3,cmr-wiki-c001-a4,ORAL
--,PUNCT,punct,SEN:4,cmr-wiki-c001-a4,ORAL
Lauranne,PROPN,ROOT,SEN:4,cmr-wiki-c001-a4,ORAL
28,NUM,nmod,SEN:4,cmr-wiki-c001-a4,ORAL
jan,NOUN,nmod,SEN:4,cmr-wiki-c001-a4,ORAL
2005,NUM,nmod,SEN:4,cmr-wiki-c001-a4,ORAL
à,ADP,case,SEN:4,cmr-wiki-c001-a4,ORAL
09:31,PROPN,dep,SEN:4,cmr-wiki-c001-a4,ORAL
(,PUNCT,punct,SEN:4,cmr-wiki-c001-a4,ORAL
CET,PROPN,nmod,SEN:4,cmr-wiki-c001-a4,ORAL
),PUNCT,punct,SEN:4,cmr-wiki-c001-a4,ORAL
"""",PUNCT,punct,SEN:0,cmr-wiki-c001-a5,ORAL
On,PRON,nsubj,SEN:0,cmr-wiki-c001-a5,ORAL
peut,VERB,ROOT,SEN:0,cmr-wiki-c001-a5,ORAL
programmer,VERB,xcomp,SEN:0,cmr-wiki-c001-a5,ORAL
assez,ADV,advmod,SEN:0,cmr-wiki-c001-a5,ORAL
facilement,ADV,advmod,SEN:0,cmr-wiki-c001-a5,ORAL
un,DET,det,SEN:0,cmr-wiki-c001-a5,ORAL
ordinateur,NOUN,obj,SEN:0,cmr-wiki-c001-a5,ORAL
en,ADP,case,SEN:0,cmr-wiki-c001-a5,ORAL
LISP,NOUN,nmod,SEN:0,cmr-wiki-c001-a5,ORAL
ou,CCONJ,cc,SEN:0,cmr-wiki-c001-a5,ORAL
en,ADP,case,SEN:0,cmr-wiki-c001-a5,ORAL
SLIP,NOUN,conj,SEN:0,cmr-wiki-c001-a5,ORAL
"""",PUNCT,punct,SEN:0,cmr-wiki-c001-a5,ORAL
S',PRON,expl:comp,SEN:0,cmr-wiki-c001-a5,ORAL
agit,VERB,advcl,SEN:0,cmr-wiki-c001-a5,ORAL
-il,PRON,dep,SEN:0,cmr-wiki-c001-a5,ORAL
d',ADP,case,SEN:0,cmr-wiki-c001-a5,ORAL
une,DET,det,SEN:0,cmr-wiki-c001-a5,ORAL
référence,NOUN,obl:arg,SEN:0,cmr-wiki-c001-a5,ORAL
à,ADP,case,SEN:0,cmr-wiki-c001-a5,ORAL
un,DET,det,SEN:0,cmr-wiki-c001-a5,ORAL
langage,NOUN,nmod,SEN:0,cmr-wiki-c001-a5,ORAL
dont,PRON,iobj,SEN:0,cmr-wiki-c001-a5,ORAL
j',PRON,nsubj,SEN:0,cmr-wiki-c001-a5,ORAL
ignorais,VERB,acl:relcl,SEN:0,cmr-wiki-c001-a5,ORAL
l',DET,det,SEN:0,cmr-wiki-c001-a5,ORAL
existence,NOUN,obj,SEN:0,cmr-wiki-c001-a5,ORAL
",",PUNCT,punct,SEN:0,cmr-wiki-c001-a5,ORAL
d',ADP,case,SEN:0,cmr-wiki-c001-a5,ORAL
une,DET,det,SEN:0,cmr-wiki-c001-a5,ORAL
allusion,NOUN,nmod,SEN:0,cmr-wiki-c001-a5,ORAL
au,DET,case,SEN:0,cmr-wiki-c001-a5,ORAL
protocole,NOUN,nmod,SEN:0,cmr-wiki-c001-a5,ORAL
de,ADP,case,SEN:0,cmr-wiki-c001-a5,ORAL
ce,DET,det,SEN:0,cmr-wiki-c001-a5,ORAL
nom,NOUN,nmod,SEN:0,cmr-wiki-c001-a5,ORAL
",",PUNCT,punct,SEN:0,cmr-wiki-c001-a5,ORAL
ou,CCONJ,cc,SEN:0,cmr-wiki-c001-a5,ORAL
d',ADP,case,SEN:0,cmr-wiki-c001-a5,ORAL
une,DET,det,SEN:0,cmr-wiki-c001-a5,ORAL
blague,NOUN,conj,SEN:0,cmr-wiki-c001-a5,ORAL
vaseuse,ADJ,amod,SEN:0,cmr-wiki-c001-a5,ORAL
?,PUNCT,punct,SEN:0,cmr-wiki-c001-a5,ORAL
Apokrif,NOUN,ROOT,SEN:1,cmr-wiki-c001-a5,ORAL
29,NUM,nmod,SEN:1,cmr-wiki-c001-a5,ORAL
mar,NOUN,nmod,SEN:1,cmr-wiki-c001-a5,ORAL
2005,NUM,nmod,SEN:1,cmr-wiki-c001-a5,ORAL
à,ADP,case,SEN:1,cmr-wiki-c001-a5,ORAL
13:25,PROPN,dep,SEN:1,cmr-wiki-c001-a5,ORAL
(,PUNCT,punct,SEN:1,cmr-wiki-c001-a5,ORAL
CEST,NOUN,appos,SEN:1,cmr-wiki-c001-a5,ORAL
),PUNCT,punct,SEN:1,cmr-wiki-c001-a5,ORAL
