 ENSEMBLE,DET,ROOT,SEN:0,e05p-001,ORAL
COTELAC,PROPN,ROOT,SEN:0,e05p-001,ORAL
bon,ADJ,amod,SEN:0,e05p-001,ORAL
etat,NOUN,nmod,SEN:0,e05p-001,ORAL
de,ADP,case,SEN:0,e05p-001,ORAL
couleur,NOUN,nmod,SEN:0,e05p-001,ORAL
kaki,PROPN,flat:name,SEN:0,e05p-001,ORAL
composé,VERB,acl,SEN:0,e05p-001,ORAL
de,ADP,case,SEN:0,e05p-001,ORAL
4,NUM,nummod,SEN:0,e05p-001,ORAL
pièces,NOUN,obl:agent,SEN:0,e05p-001,ORAL
matiere,NOUN,amod,SEN:0,e05p-001,ORAL
polyester,VERB,acl,SEN:0,e05p-001,ORAL
la,DET,det,SEN:0,e05p-001,ORAL
jupe,NOUN,obj,SEN:0,e05p-001,ORAL
taille,NOUN,nmod,SEN:0,e05p-001,ORAL
1,NUM,nmod,SEN:0,e05p-001,ORAL
soit,CCONJ,cop,SEN:0,e05p-001,ORAL
32cmx2,NUM,nsubj,SEN:0,e05p-001,ORAL
a,AUX,aux:tense,SEN:0,e05p-001,ORAL
plat,VERB,conj,SEN:0,e05p-001,ORAL
monté,NOUN,xcomp,SEN:0,e05p-001,ORAL
sur,ADP,case,SEN:0,e05p-001,ORAL
elastique,ADJ,obl:arg,SEN:0,e05p-001,ORAL
tissu,NOUN,amod,SEN:0,e05p-001,ORAL
gaufré,VERB,amod,SEN:0,e05p-001,ORAL
avec,ADP,case,SEN:0,e05p-001,ORAL
des,DET,det,SEN:0,e05p-001,ORAL
impression,NOUN,obl:agent,SEN:0,e05p-001,ORAL
de,ADP,case,SEN:0,e05p-001,ORAL
fils,NOUN,nmod,SEN:0,e05p-001,ORAL
ja,PROPN,ROOT,SEN:0,e05p-001,ORAL
une,DET,flat:name,SEN:0,e05p-001,ORAL
et,CCONJ,cc,SEN:0,e05p-001,ORAL
vert,PROPN,conj,SEN:0,e05p-001,ORAL
d',ADP,case,SEN:0,e05p-001,ORAL
eau,NOUN,det,SEN:0,e05p-001,ORAL
fendu,X,nmod,SEN:0,e05p-001,ORAL
derriere,X,ROOT,SEN:0,e05p-001,ORAL
2,NUM,nummod,SEN:0,e05p-001,ORAL
poches,NOUN,obj,SEN:0,e05p-001,ORAL
devant,ADP,acl,SEN:0,e05p-001,ORAL
.,PUNCT,punct,SEN:0,e05p-001,ORAL
-,PUNCT,punct,SEN:1,e05p-001,ORAL
Le,DET,det,SEN:1,e05p-001,ORAL
chemisier,NOUN,ROOT,SEN:1,e05p-001,ORAL
vert,PROPN,amod,SEN:1,e05p-001,ORAL
kaki,PROPN,nmod,SEN:1,e05p-001,ORAL
simple.-La,ADJ,punct,SEN:1,e05p-001,ORAL
veste,ADJ,ROOT,SEN:2,e05p-001,ORAL
taille,NOUN,xcomp,SEN:2,e05p-001,ORAL
2,NUM,nummod,SEN:2,e05p-001,ORAL
soit,AUX,cc,SEN:2,e05p-001,ORAL
40,DET,nummod,SEN:2,e05p-001,ORAL
42,NUM,nummod,SEN:2,e05p-001,ORAL
encolure,VERB,conj,SEN:2,e05p-001,ORAL
marron,ADJ,nmod,SEN:2,e05p-001,ORAL
en,ADP,case,SEN:2,e05p-001,ORAL
laine.-le,PROPN,obl:arg,SEN:2,e05p-001,ORAL
petit,ADJ,amod,SEN:3,e05p-001,ORAL
gilet,NOUN,ROOT,SEN:3,e05p-001,ORAL
plus,ADV,advmod,SEN:3,e05p-001,ORAL
epais,ADJ,amod,SEN:3,e05p-001,ORAL
taille,NOUN,amod,SEN:3,e05p-001,ORAL
1,NUM,nummod,SEN:3,e05p-001,ORAL
meme,NOUN,nsubj,SEN:3,e05p-001,ORAL
principe,NOUN,ROOT,SEN:3,e05p-001,ORAL
que,SCONJ,mark,SEN:3,e05p-001,ORAL
la,DET,det,SEN:3,e05p-001,ORAL
veste,NOUN,dep,SEN:3,e05p-001,ORAL
Créez,VERB,nsubj,SEN:0,e05p-002,ORAL
d',ADP,case,SEN:0,e05p-002,ORAL
originales,NOUN,nmod,SEN:0,e05p-002,ORAL
poterie,NOUN,ROOT,SEN:0,e05p-002,ORAL
en,ADP,case,SEN:0,e05p-002,ORAL
argile,NOUN,obl:mod,SEN:0,e05p-002,ORAL
et,CCONJ,cc,SEN:0,e05p-002,ORAL
décorez,PROPN,conj,SEN:0,e05p-002,ORAL
-,PUNCT,punct,SEN:0,e05p-002,ORAL
les,DET,det,SEN:0,e05p-002,ORAL
à,ADP,case,SEN:0,e05p-002,ORAL
votre,DET,det,SEN:0,e05p-002,ORAL
gôut,NOUN,ROOT,SEN:0,e05p-002,ORAL
.,PUNCT,punct,SEN:0,e05p-002,ORAL
Convient,NOUN,ROOT,SEN:1,e05p-002,ORAL
aux,ADP,case,SEN:1,e05p-002,ORAL
enfants,NOUN,obl:arg,SEN:1,e05p-002,ORAL
à,ADP,dep,SEN:1,e05p-002,ORAL
partir,VERB,fixed,SEN:1,e05p-002,ORAL
de,ADP,case,SEN:1,e05p-002,ORAL
8,NUM,nummod,SEN:1,e05p-002,ORAL
ans,NOUN,dep,SEN:1,e05p-002,ORAL
.,PUNCT,punct,SEN:1,e05p-002,ORAL
Contenu,NOUN,ROOT,SEN:2,e05p-002,ORAL
:,PUNCT,punct,SEN:2,e05p-002,ORAL
*,NUM,nmod,SEN:2,e05p-002,ORAL
tour,VERB,ROOT,SEN:3,e05p-002,ORAL
avec,ADP,case,SEN:3,e05p-002,ORAL
moteur,NOUN,nmod,SEN:3,e05p-002,ORAL
éléctrique,ADJ,amod,SEN:3,e05p-002,ORAL
*,NUM,amod,SEN:3,e05p-002,ORAL
4,NUM,nummod,SEN:4,e05p-002,ORAL
pots,NOUN,ROOT,SEN:4,e05p-002,ORAL
de,ADP,case,SEN:4,e05p-002,ORAL
peinture,NOUN,nmod,SEN:4,e05p-002,ORAL
spéciale,ADJ,amod,SEN:4,e05p-002,ORAL
*,NUM,amod,SEN:4,e05p-002,ORAL
2,NUM,nummod,SEN:5,e05p-002,ORAL
spatules,NOUN,ROOT,SEN:5,e05p-002,ORAL
*,NUM,amod,SEN:5,e05p-002,ORAL
1,NUM,nummod,SEN:6,e05p-002,ORAL
éponge,NOUN,ROOT,SEN:6,e05p-002,ORAL
*,NUM,nummod,SEN:6,e05p-002,ORAL
1,NUM,nummod,SEN:7,e05p-002,ORAL
pinceau,NOUN,ROOT,SEN:7,e05p-002,ORAL
*,NUM,amod,SEN:7,e05p-002,ORAL
le,DET,det,SEN:8,e05p-002,ORAL
morceau,NOUN,nsubj,SEN:8,e05p-002,ORAL
d',ADP,case,SEN:8,e05p-002,ORAL
argile,NOUN,nmod,SEN:8,e05p-002,ORAL
d',ADP,case,SEN:8,e05p-002,ORAL
un,DET,det,SEN:8,e05p-002,ORAL
kg,NOUN,nmod,SEN:8,e05p-002,ORAL
n',ADV,advmod,SEN:8,e05p-002,ORAL
est,AUX,cop,SEN:8,e05p-002,ORAL
probablemement,ADV,advmod,SEN:8,e05p-002,ORAL
plus,ADV,advmod,SEN:8,e05p-002,ORAL
utilisable,ADJ,ROOT,SEN:8,e05p-002,ORAL
(,PUNCT,punct,SEN:8,e05p-002,ORAL
trop,ADV,advmod,SEN:8,e05p-002,ORAL
sec,ADJ,parataxis,SEN:8,e05p-002,ORAL
),PUNCT,punct,SEN:8,e05p-002,ORAL
",",PUNCT,punct,SEN:8,e05p-002,ORAL
il,PRON,expl:subj,SEN:8,e05p-002,ORAL
faut,VERB,parataxis,SEN:8,e05p-002,ORAL
en,PRON,iobj,SEN:8,e05p-002,ORAL
acheter,VERB,xcomp,SEN:8,e05p-002,ORAL
un,DET,det,SEN:8,e05p-002,ORAL
à,ADP,case,SEN:8,e05p-002,ORAL
vos,DET,det,SEN:8,e05p-002,ORAL
frais,NOUN,nmod,SEN:8,e05p-002,ORAL
*,ADJ,obj,SEN:8,e05p-002,ORAL
manuel,NOUN,ROOT,SEN:9,e05p-002,ORAL
d',ADP,case,SEN:9,e05p-002,ORAL
instructions,NOUN,nmod,SEN:9,e05p-002,ORAL
piles,ADJ,amod,SEN:9,e05p-002,ORAL
non,ADV,advmod,SEN:9,e05p-002,ORAL
fournies,VERB,xcomp,SEN:9,e05p-002,ORAL
.,PUNCT,punct,SEN:9,e05p-002,ORAL
L',DET,det,SEN:10,e05p-002,ORAL
ensemble,NOUN,nsubj,SEN:10,e05p-002,ORAL
était,AUX,cop,SEN:10,e05p-002,ORAL
un,DET,det,SEN:10,e05p-002,ORAL
cadeau,NOUN,ROOT,SEN:10,e05p-002,ORAL
",",PUNCT,punct,SEN:10,e05p-002,ORAL
déballé,VERB,acl,SEN:10,e05p-002,ORAL
",",PUNCT,punct,SEN:10,e05p-002,ORAL
le,DET,det,SEN:10,e05p-002,ORAL
carton,NOUN,nsubj,SEN:10,e05p-002,ORAL
légèrement,ADV,advmod,SEN:10,e05p-002,ORAL
abimé,ADJ,advmod,SEN:10,e05p-002,ORAL
",",PUNCT,punct,SEN:10,e05p-002,ORAL
mais,CCONJ,cc,SEN:10,e05p-002,ORAL
utilisé,VERB,conj,SEN:10,e05p-002,ORAL
TRES,VERB,ROOT,SEN:0,e05p-003,ORAL
BEAU,ADJ,nmod,SEN:0,e05p-003,ORAL
LOT,NOUN,nmod,SEN:0,e05p-003,ORAL
DE,ADP,case,SEN:0,e05p-003,ORAL
5,NUM,nummod,SEN:0,e05p-003,ORAL
BOUTONS,NOUN,nmod,SEN:0,e05p-003,ORAL
Pour,ADP,case,SEN:0,e05p-003,ORAL
les,DET,det,SEN:0,e05p-003,ORAL
enchérisseurs,NOUN,nmod,SEN:0,e05p-003,ORAL
étrangers,ADJ,amod,SEN:0,e05p-003,ORAL
",",PUNCT,punct,SEN:0,e05p-003,ORAL
les,DET,det,SEN:0,e05p-003,ORAL
frais,NOUN,ROOT,SEN:0,e05p-003,ORAL
de,ADP,case,SEN:0,e05p-003,ORAL
port,VERB,nmod,SEN:0,e05p-003,ORAL
vous,PRON,nsubj:pass,SEN:0,e05p-003,ORAL
seront,AUX,aux:pass,SEN:0,e05p-003,ORAL
communiqués,VERB,acl:relcl,SEN:0,e05p-003,ORAL
à,ADP,case,SEN:0,e05p-003,ORAL
la,DET,det,SEN:0,e05p-003,ORAL
fin,NOUN,obl:arg,SEN:0,e05p-003,ORAL
de,ADP,case,SEN:0,e05p-003,ORAL
l',DET,det,SEN:0,e05p-003,ORAL
enchère,NOUN,nmod,SEN:0,e05p-003,ORAL
en,ADP,case,SEN:0,e05p-003,ORAL
fonction,NOUN,nmod,SEN:0,e05p-003,ORAL
de,ADP,case,SEN:0,e05p-003,ORAL
votre,DET,det,SEN:0,e05p-003,ORAL
pays,NOUN,nmod,SEN:0,e05p-003,ORAL
.,PUNCT,punct,SEN:0,e05p-003,ORAL
Merci,NOUN,ROOT,SEN:1,e05p-003,ORAL
de,ADP,mark,SEN:1,e05p-003,ORAL
m',PRON,expl:comp,SEN:1,e05p-003,ORAL
écrire,VERB,nmod,SEN:1,e05p-003,ORAL
en,ADP,case,SEN:1,e05p-003,ORAL
français,ADJ,obl:mod,SEN:1,e05p-003,ORAL
.,PUNCT,punct,SEN:1,e05p-003,ORAL
Regardez,NOUN,ROOT,SEN:2,e05p-003,ORAL
mes,DET,det,SEN:2,e05p-003,ORAL
autres,ADJ,amod,SEN:2,e05p-003,ORAL
ventes,NOUN,obj,SEN:2,e05p-003,ORAL
afin,ADV,advmod,SEN:2,e05p-003,ORAL
de,ADP,case,SEN:2,e05p-003,ORAL
bénéficier,VERB,obl:arg,SEN:2,e05p-003,ORAL
de,ADP,case,SEN:2,e05p-003,ORAL
tarifs,NOUN,obl:arg,SEN:2,e05p-003,ORAL
avantageux,ADJ,amod,SEN:2,e05p-003,ORAL
sur,ADP,case,SEN:2,e05p-003,ORAL
le,DET,det,SEN:2,e05p-003,ORAL
port,NOUN,obl:arg,SEN:2,e05p-003,ORAL
Bonnes,NOUN,amod,SEN:2,e05p-003,ORAL
enchères,ADJ,amod,SEN:2,e05p-003,ORAL
à,ADP,case,SEN:2,e05p-003,ORAL
tous,ADJ,obl:arg,SEN:2,e05p-003,ORAL
LOT,NOUN,ROOT,SEN:0,e05p-004,ORAL
DE,ADP,case,SEN:0,e05p-004,ORAL
DEUX,NUM,nmod,SEN:0,e05p-004,ORAL
ANCIENNES,NOUN,amod,SEN:0,e05p-004,ORAL
LAMPES,ADJ,ROOT,SEN:0,e05p-004,ORAL
A,ADP,aux:tense,SEN:0,e05p-004,ORAL
RAFAICHIR,NOUN,nmod,SEN:0,e05p-004,ORAL
POUR,ADP,case,SEN:0,e05p-004,ORAL
AMATEUR,NOUN,nmod,SEN:0,e05p-004,ORAL
D',ADP,case,SEN:0,e05p-004,ORAL
OBJETS,ADJ,nmod,SEN:0,e05p-004,ORAL
ANCIENS,PROPN,ROOT,SEN:0,e05p-004,ORAL
COUP,NOUN,ROOT,SEN:0,e05p-005,ORAL
DE,ADP,case,SEN:0,e05p-005,ORAL
FOUDRE,NOUN,nmod,SEN:0,e05p-005,ORAL
A,NOUN,case,SEN:0,e05p-005,ORAL
BOLLYWOOD,PROPN,ROOT,SEN:0,e05p-005,ORAL
-,PUNCT,punct,SEN:0,e05p-005,ORAL
Bride,PROPN,ROOT,SEN:0,e05p-005,ORAL
and,X,nmod,SEN:0,e05p-005,ORAL
Prejudice,X,nmod,SEN:0,e05p-005,ORAL
DVD,PROPN,dep,SEN:0,e05p-005,ORAL
2004,NUM,nummod,SEN:0,e05p-005,ORAL
Film,NOUN,ROOT,SEN:0,e05p-005,ORAL
en,ADP,case,SEN:0,e05p-005,ORAL
VO,NOUN,nmod,SEN:0,e05p-005,ORAL
soustitré,VERB,amod,SEN:0,e05p-005,ORAL
Français,NOUN,amod,SEN:0,e05p-005,ORAL
et,CCONJ,cc,SEN:0,e05p-005,ORAL
Anglais,NOUN,conj,SEN:0,e05p-005,ORAL
Avec,ADP,case,SEN:0,e05p-005,ORAL
Aishwarya,PROPN,nmod,SEN:0,e05p-005,ORAL
Rai,ADJ,flat:name,SEN:0,e05p-005,ORAL
et,CCONJ,cc,SEN:0,e05p-005,ORAL
Martin,PROPN,conj,SEN:0,e05p-005,ORAL
Anderson,PROPN,flat:name,SEN:0,e05p-005,ORAL
",",PUNCT,punct,SEN:0,e05p-005,ORAL
de,ADP,case,SEN:0,e05p-005,ORAL
Gurinder,PROPN,nmod,SEN:0,e05p-005,ORAL
Chadha,PROPN,flat:name,SEN:0,e05p-005,ORAL
.,PUNCT,punct,SEN:0,e05p-005,ORAL
Adaptation,NOUN,ROOT,SEN:1,e05p-005,ORAL
de,ADP,case,SEN:1,e05p-005,ORAL
l',DET,det,SEN:1,e05p-005,ORAL
oeuvre,NOUN,nmod,SEN:1,e05p-005,ORAL
littéraire,ADJ,amod,SEN:1,e05p-005,ORAL
Pride,NOUN,ROOT,SEN:1,e05p-005,ORAL
and,X,flat:name,SEN:1,e05p-005,ORAL
Prejudice,NOUN,flat:name,SEN:1,e05p-005,ORAL
de,ADP,case,SEN:1,e05p-005,ORAL
Jane,PROPN,nmod,SEN:1,e05p-005,ORAL
Austen,PROPN,flat:name,SEN:1,e05p-005,ORAL
.,PUNCT,punct,SEN:1,e05p-005,ORAL
Nouveau,ADJ,amod,SEN:2,e05p-005,ORAL
film,NOUN,ROOT,SEN:2,e05p-005,ORAL
de,ADP,case,SEN:2,e05p-005,ORAL
la,DET,det,SEN:2,e05p-005,ORAL
réalisatrice,NOUN,nmod,SEN:2,e05p-005,ORAL
de,ADP,case,SEN:2,e05p-005,ORAL
Bend,NOUN,nmod,SEN:2,e05p-005,ORAL
it,CCONJ,det,SEN:2,e05p-005,ORAL
like,ADJ,ROOT,SEN:2,e05p-005,ORAL
Beckham,PROPN,flat:name,SEN:2,e05p-005,ORAL
qui,PRON,nsubj,SEN:2,e05p-005,ORAL
a,AUX,aux:tense,SEN:2,e05p-005,ORAL
fait,VERB,acl:relcl,SEN:2,e05p-005,ORAL
un,DET,det,SEN:2,e05p-005,ORAL
carton,NOUN,obj,SEN:2,e05p-005,ORAL
en,ADP,case,SEN:2,e05p-005,ORAL
Angleterre,NOUN,obl:mod,SEN:2,e05p-005,ORAL
.,PUNCT,punct,SEN:2,e05p-005,ORAL
(,PUNCT,punct,SEN:3,e05p-005,ORAL
tout,ADV,advmod,SEN:3,e05p-005,ORAL
comme,ADP,case,SEN:3,e05p-005,ORAL
Bride,NOUN,ROOT,SEN:3,e05p-005,ORAL
et,CCONJ,cc,SEN:3,e05p-005,ORAL
Prejudice,NOUN,conj,SEN:3,e05p-005,ORAL
d',ADP,case,SEN:3,e05p-005,ORAL
ailleurs,ADV,nmod,SEN:3,e05p-005,ORAL
),PUNCT,punct,SEN:3,e05p-005,ORAL
.,PUNCT,punct,SEN:3,e05p-005,ORAL
A,AUX,ROOT,SEN:4,e05p-005,ORAL
noter,VERB,xcomp,SEN:4,e05p-005,ORAL
que,SCONJ,mark,SEN:4,e05p-005,ORAL
le,DET,det,SEN:4,e05p-005,ORAL
film,NOUN,nsubj:pass,SEN:4,e05p-005,ORAL
n',ADV,advmod,SEN:4,e05p-005,ORAL
est,AUX,aux:pass,SEN:4,e05p-005,ORAL
pas,ADV,advmod,SEN:4,e05p-005,ORAL
encore,ADV,advmod,SEN:4,e05p-005,ORAL
sorti,VERB,ccomp,SEN:4,e05p-005,ORAL
en,ADP,case,SEN:4,e05p-005,ORAL
dvd,PROPN,fixed,SEN:4,e05p-005,ORAL
en,ADP,case,SEN:4,e05p-005,ORAL
France,PROPN,obl:mod,SEN:4,e05p-005,ORAL
!,PUNCT,punct,SEN:4,e05p-005,ORAL
C',PRON,nsubj,SEN:5,e05p-005,ORAL
est,AUX,cop,SEN:5,e05p-005,ORAL
l',DET,det,SEN:5,e05p-005,ORAL
histoire,NOUN,ROOT,SEN:5,e05p-005,ORAL
d',ADP,case,SEN:5,e05p-005,ORAL
une,DET,det,SEN:5,e05p-005,ORAL
femme,NOUN,nmod,SEN:5,e05p-005,ORAL
qui,PRON,nsubj,SEN:5,e05p-005,ORAL
veut,VERB,acl:relcl,SEN:5,e05p-005,ORAL
marier,VERB,xcomp,SEN:5,e05p-005,ORAL
ses,DET,det,SEN:5,e05p-005,ORAL
4,NUM,nummod,SEN:5,e05p-005,ORAL
filles,NOUN,obj,SEN:5,e05p-005,ORAL
...,PUNCT,punct,SEN:5,e05p-005,ORAL
VEND,NOUN,ROOT,SEN:0,e05p-006,ORAL
LOT,NOUN,acl,SEN:0,e05p-006,ORAL
DE,ADP,case,SEN:0,e05p-006,ORAL
5,NUM,nummod,SEN:0,e05p-006,ORAL
VOLUMES,NOUN,obl:arg,SEN:0,e05p-006,ORAL
DES,ADP,case,SEN:0,e05p-006,ORAL
PERSONNAGES,NOUN,nmod,SEN:0,e05p-006,ORAL
DES,ADP,case,SEN:0,e05p-006,ORAL
LOONEY,PROPN,amod,SEN:0,e05p-006,ORAL
TUNES,PROPN,nmod,SEN:0,e05p-006,ORAL
(,PUNCT,punct,SEN:0,e05p-006,ORAL
titi,NOUN,amod,SEN:0,e05p-006,ORAL
",",PUNCT,punct,SEN:0,e05p-006,ORAL
gros,ADJ,amod,SEN:0,e05p-006,ORAL
minet,PROPN,conj,SEN:0,e05p-006,ORAL
",",PUNCT,punct,SEN:0,e05p-006,ORAL
daffy,PROPN,appos,SEN:0,e05p-006,ORAL
duck,PROPN,flat:name,SEN:0,e05p-006,ORAL
",",PUNCT,punct,SEN:0,e05p-006,ORAL
etc,PROPN,conj,SEN:0,e05p-006,ORAL
...,PUNCT,punct,SEN:0,e05p-006,ORAL
),PUNCT,punct,SEN:0,e05p-006,ORAL
en,ADP,case,SEN:1,e05p-006,ORAL
tout,ADV,fixed,SEN:1,e05p-006,ORAL
plus,ADV,advmod,SEN:1,e05p-006,ORAL
de,ADP,fixed,SEN:1,e05p-006,ORAL
62,NUM,nummod,SEN:1,e05p-006,ORAL
personnages,NOUN,obl:mod,SEN:1,e05p-006,ORAL
TOUT,ADJ,nmod,SEN:1,e05p-006,ORAL
SAVOIR,NOUN,acl,SEN:1,e05p-006,ORAL
SUR,ADP,case,SEN:1,e05p-006,ORAL
LES,DET,det,SEN:1,e05p-006,ORAL
PERSONNAGES,NOUN,obl:arg,SEN:1,e05p-006,ORAL
DES,ADP,case,SEN:1,e05p-006,ORAL
LOONEY,PROPN,amod,SEN:1,e05p-006,ORAL
TUNES,PROPN,nmod,SEN:1,e05p-006,ORAL
",",PUNCT,punct,SEN:1,e05p-006,ORAL
CONNAITRE,ADP,ROOT,SEN:1,e05p-006,ORAL
LEUR,DET,det,SEN:1,e05p-006,ORAL
ANNEE,NOUN,obj,SEN:1,e05p-006,ORAL
DE,ADP,case,SEN:1,e05p-006,ORAL
CREATION,NOUN,obl:arg,SEN:1,e05p-006,ORAL
ET,CCONJ,cc,SEN:1,e05p-006,ORAL
PLEIN,NOUN,conj,SEN:1,e05p-006,ORAL
D',DET,case,SEN:1,e05p-006,ORAL
AUTRES,ADJ,amod,SEN:1,e05p-006,ORAL
CHOSES,NOUN,obj,SEN:1,e05p-006,ORAL
Vds,PROPN,ROOT,SEN:0,e05p-007,ORAL
Superbe,PROPN,amod,SEN:0,e05p-007,ORAL
pièce,NOUN,ROOT,SEN:0,e05p-007,ORAL
de,ADP,case,SEN:0,e05p-007,ORAL
20,NUM,nmod,SEN:0,e05p-007,ORAL
Frs,NOUN,flat:name,SEN:0,e05p-007,ORAL
*,NUM,flat:name,SEN:0,e05p-007,ORAL
Année,NOUN,ROOT,SEN:1,e05p-007,ORAL
1994,NUM,nmod,SEN:1,e05p-007,ORAL
",",PUNCT,punct,SEN:1,e05p-007,ORAL
avec,ADP,case,SEN:1,e05p-007,ORAL
Abeille,PROPN,nmod,SEN:1,e05p-007,ORAL
Les,DET,det,SEN:1,e05p-007,ORAL
photos,NOUN,nsubj,SEN:1,e05p-007,ORAL
sont,AUX,cop,SEN:1,e05p-007,ORAL
faites,NOUN,ROOT,SEN:1,e05p-007,ORAL
de,ADP,case,SEN:1,e05p-007,ORAL
façon,NOUN,obl:arg,SEN:1,e05p-007,ORAL
à,ADP,case,SEN:1,e05p-007,ORAL
ce,PRON,nmod,SEN:1,e05p-007,ORAL
que,PRON,obj,SEN:1,e05p-007,ORAL
vous,PRON,nsubj,SEN:1,e05p-007,ORAL
puissiez,VERB,advcl,SEN:1,e05p-007,ORAL
bien,ADV,advmod,SEN:1,e05p-007,ORAL
voir,VERB,xcomp,SEN:1,e05p-007,ORAL
les,DET,det,SEN:1,e05p-007,ORAL
deux,NUM,nummod,SEN:1,e05p-007,ORAL
facettes,NOUN,obj,SEN:1,e05p-007,ORAL
de,ADP,case,SEN:1,e05p-007,ORAL
cette,DET,det,SEN:1,e05p-007,ORAL
belle,ADJ,amod,SEN:1,e05p-007,ORAL
pièce,NOUN,nmod,SEN:1,e05p-007,ORAL
de,ADP,case,SEN:1,e05p-007,ORAL
20,NUM,nummod,SEN:1,e05p-007,ORAL
Frs,NOUN,nmod,SEN:1,e05p-007,ORAL
A,NOUN,nmod,SEN:1,e05p-007,ORAL
saisir,NOUN,acl,SEN:1,e05p-007,ORAL
",",PUNCT,punct,SEN:1,e05p-007,ORAL
très,ADV,advmod,SEN:1,e05p-007,ORAL
RARE,ADJ,obl:mod,SEN:1,e05p-007,ORAL
sur,ADP,case,SEN:1,e05p-007,ORAL
le,DET,det,SEN:1,e05p-007,ORAL
marché,NOUN,obl:arg,SEN:1,e05p-007,ORAL
!,PUNCT,punct,SEN:1,e05p-007,ORAL
*,NUM,ROOT,SEN:2,e05p-007,ORAL
Je,PRON,nsubj,SEN:3,e05p-007,ORAL
lance,VERB,ROOT,SEN:3,e05p-007,ORAL
la,DET,det,SEN:3,e05p-007,ORAL
vente,NOUN,obj,SEN:3,e05p-007,ORAL
au,DET,case,SEN:3,e05p-007,ORAL
prix,NOUN,nmod,SEN:3,e05p-007,ORAL
d'1,NOUN,case,SEN:3,e05p-007,ORAL
euro,PROPN,obl:mod,SEN:3,e05p-007,ORAL
",",PUNCT,punct,SEN:3,e05p-007,ORAL
sans,ADP,case,SEN:3,e05p-007,ORAL
prix,NOUN,obl:mod,SEN:3,e05p-007,ORAL
de,ADP,mark,SEN:3,e05p-007,ORAL
réserve,NOUN,nmod,SEN:3,e05p-007,ORAL
*,NUM,obj,SEN:3,e05p-007,ORAL
bonnes,ADJ,amod,SEN:4,e05p-007,ORAL
enchères,NOUN,ROOT,SEN:4,e05p-007,ORAL
à,ADP,case,SEN:4,e05p-007,ORAL
tous,ADJ,nmod,SEN:4,e05p-007,ORAL
.,PUNCT,punct,SEN:4,e05p-007,ORAL
*,NUM,ROOT,SEN:5,e05p-007,ORAL
Pour,ADP,case,SEN:6,e05p-007,ORAL
toutes,ADJ,det,SEN:6,e05p-007,ORAL
questions,NOUN,obl:mod,SEN:6,e05p-007,ORAL
n',ADV,advmod,SEN:6,e05p-007,ORAL
hésitez,VERB,ROOT,SEN:6,e05p-007,ORAL
pas,ADV,advmod,SEN:6,e05p-007,ORAL
à,ADP,mark,SEN:6,e05p-007,ORAL
me,PRON,iobj,SEN:6,e05p-007,ORAL
contacter,VERB,xcomp,SEN:6,e05p-007,ORAL
concernant,VERB,xcomp,SEN:6,e05p-007,ORAL
cet,DET,det,SEN:6,e05p-007,ORAL
objet,NOUN,obj,SEN:6,e05p-007,ORAL
!,PUNCT,punct,SEN:6,e05p-007,ORAL
Je,PRON,nsubj,SEN:0,e05p-008,ORAL
vend,VERB,ROOT,SEN:0,e05p-008,ORAL
mon,DET,det,SEN:0,e05p-008,ORAL
échappement,NOUN,obj,SEN:0,e05p-008,ORAL
de,ADP,case,SEN:0,e05p-008,ORAL
moto,PROPN,nmod,SEN:0,e05p-008,ORAL
BANDIT,PROPN,nmod,SEN:0,e05p-008,ORAL
600,NUM,amod,SEN:0,e05p-008,ORAL
.,PUNCT,punct,SEN:0,e05p-008,ORAL
Etat,NOUN,ROOT,SEN:1,e05p-008,ORAL
neuf,ADJ,dep,SEN:1,e05p-008,ORAL
",",PUNCT,punct,SEN:1,e05p-008,ORAL
servi,VERB,conj,SEN:1,e05p-008,ORAL
.,PUNCT,punct,SEN:1,e05p-008,ORAL
En,ADP,case,SEN:2,e05p-008,ORAL
effet,NOUN,obl:mod,SEN:2,e05p-008,ORAL
",",PUNCT,punct,SEN:2,e05p-008,ORAL
lors,ADV,advmod,SEN:2,e05p-008,ORAL
de,ADP,case,SEN:2,e05p-008,ORAL
l',DET,det,SEN:2,e05p-008,ORAL
achat,NOUN,obl:arg,SEN:2,e05p-008,ORAL
de,ADP,case,SEN:2,e05p-008,ORAL
la,DET,det,SEN:2,e05p-008,ORAL
moto,NOUN,nmod,SEN:2,e05p-008,ORAL
il,PRON,case,SEN:2,e05p-008,ORAL
y,PRON,fixed,SEN:2,e05p-008,ORAL
a,VERB,fixed,SEN:2,e05p-008,ORAL
1,NUM,nummod,SEN:2,e05p-008,ORAL
an,NOUN,nmod,SEN:2,e05p-008,ORAL
",",PUNCT,punct,SEN:2,e05p-008,ORAL
j',PRON,nsubj,SEN:2,e05p-008,ORAL
ai,AUX,aux:tense,SEN:2,e05p-008,ORAL
fais,VERB,ROOT,SEN:2,e05p-008,ORAL
placer,VERB,xcomp,SEN:2,e05p-008,ORAL
un,DET,det,SEN:2,e05p-008,ORAL
pot,NOUN,obj,SEN:2,e05p-008,ORAL
ninja,ADJ,advmod,SEN:2,e05p-008,ORAL
dessus,VERB,amod,SEN:2,e05p-008,ORAL
.,PUNCT,punct,SEN:2,e05p-008,ORAL
super,NOUN,ROOT,SEN:0,e05p-009,ORAL
pantacourt,ADJ,obj,SEN:0,e05p-009,ORAL
de,ADP,case,SEN:0,e05p-009,ORAL
marque,NOUN,obl:arg,SEN:0,e05p-009,ORAL
dickies,X,ROOT,SEN:0,e05p-009,ORAL
taille,NOUN,amod,SEN:0,e05p-009,ORAL
w30,PROPN,nummod,SEN:0,e05p-009,ORAL
etat,NOUN,ROOT,SEN:0,e05p-009,ORAL
impeccable,ADJ,acl,SEN:0,e05p-009,ORAL
J,NOUN,ROOT,SEN:0,test_0,ORAL
a,AUX,ROOT,SEN:1,test_0,ORAL
s,ADP,ROOT,SEN:2,test_0,ORAL
o,NOUN,ROOT,SEN:3,test_0,ORAL
n,NOUN,ROOT,SEN:4,test_0,ORAL
",",PUNCT,ROOT,SEN:5,test_0,ORAL
 ,SPACE,ROOT,SEN:6,test_0,ORAL
t,NOUN,ROOT,SEN:7,test_0,ORAL
o,NOUN,ROOT,SEN:8,test_0,ORAL
u,NOUN,ROOT,SEN:9,test_0,ORAL
r,NOUN,ROOT,SEN:10,test_0,ORAL
i,ADJ,ROOT,SEN:11,test_0,ORAL
s,ADP,ROOT,SEN:12,test_0,ORAL
t,NOUN,ROOT,SEN:13,test_0,ORAL
e,DET,ROOT,SEN:14,test_0,ORAL
 ,SPACE,ROOT,SEN:15,test_0,ORAL
a,AUX,ROOT,SEN:16,test_0,ORAL
m,NOUN,ROOT,SEN:17,test_0,ORAL
é,NOUN,ROOT,SEN:18,test_0,ORAL
r,NOUN,ROOT,SEN:19,test_0,ORAL
i,ADJ,ROOT,SEN:20,test_0,ORAL
c,NOUN,ROOT,SEN:21,test_0,ORAL
a,AUX,ROOT,SEN:22,test_0,ORAL
i,ADJ,ROOT,SEN:23,test_0,ORAL
n,NOUN,ROOT,SEN:24,test_0,ORAL
",",PUNCT,ROOT,SEN:25,test_0,ORAL
 ,SPACE,ROOT,SEN:26,test_0,ORAL
e,DET,ROOT,SEN:27,test_0,ORAL
s,ADP,ROOT,SEN:28,test_0,ORAL
t,NOUN,ROOT,SEN:29,test_0,ORAL
 ,SPACE,ROOT,SEN:30,test_0,ORAL
e,DET,ROOT,SEN:31,test_0,ORAL
n,NOUN,ROOT,SEN:32,test_0,ORAL
 ,SPACE,ROOT,SEN:33,test_0,ORAL
v,NOUN,ROOT,SEN:34,test_0,ORAL
a,AUX,ROOT,SEN:35,test_0,ORAL
c,NOUN,ROOT,SEN:36,test_0,ORAL
a,AUX,ROOT,SEN:37,test_0,ORAL
n,NOUN,ROOT,SEN:38,test_0,ORAL
c,NOUN,ROOT,SEN:39,test_0,ORAL
e,DET,ROOT,SEN:40,test_0,ORAL
s,ADP,ROOT,SEN:41,test_0,ORAL
 ,SPACE,ROOT,SEN:42,test_0,ORAL
e,DET,ROOT,SEN:43,test_0,ORAL
n,NOUN,ROOT,SEN:44,test_0,ORAL
 ,SPACE,ROOT,SEN:45,test_0,ORAL
P,NOUN,ROOT,SEN:46,test_0,ORAL
r,NOUN,ROOT,SEN:47,test_0,ORAL
o,NOUN,ROOT,SEN:48,test_0,ORAL
v,NOUN,ROOT,SEN:49,test_0,ORAL
e,DET,ROOT,SEN:50,test_0,ORAL
n,NOUN,ROOT,SEN:51,test_0,ORAL
c,NOUN,ROOT,SEN:52,test_0,ORAL
e,DET,ROOT,SEN:53,test_0,ORAL
 ,SPACE,ROOT,SEN:54,test_0,ORAL
e,DET,ROOT,SEN:55,test_0,ORAL
t,NOUN,ROOT,SEN:56,test_0,ORAL
 ,SPACE,ROOT,SEN:57,test_0,ORAL
v,NOUN,ROOT,SEN:58,test_0,ORAL
i,ADJ,ROOT,SEN:59,test_0,ORAL
e,DET,ROOT,SEN:60,test_0,ORAL
n,NOUN,ROOT,SEN:61,test_0,ORAL
t,NOUN,ROOT,SEN:62,test_0,ORAL
 ,SPACE,ROOT,SEN:63,test_0,ORAL
à,ADP,ROOT,SEN:64,test_0,ORAL
 ,SPACE,ROOT,SEN:65,test_0,ORAL
M,NOUN,ROOT,SEN:66,test_0,ORAL
a,AUX,ROOT,SEN:67,test_0,ORAL
r,NOUN,ROOT,SEN:68,test_0,ORAL
s,ADP,ROOT,SEN:69,test_0,ORAL
e,DET,ROOT,SEN:70,test_0,ORAL
i,ADJ,ROOT,SEN:71,test_0,ORAL
l,NOUN,ROOT,SEN:72,test_0,ORAL
l,NOUN,ROOT,SEN:73,test_0,ORAL
e,DET,ROOT,SEN:74,test_0,ORAL
 ,SPACE,ROOT,SEN:75,test_0,ORAL
u,NOUN,ROOT,SEN:76,test_0,ORAL
n,NOUN,ROOT,SEN:77,test_0,ORAL
e,DET,ROOT,SEN:78,test_0,ORAL
 ,SPACE,ROOT,SEN:79,test_0,ORAL
j,NOUN,ROOT,SEN:80,test_0,ORAL
o,NOUN,ROOT,SEN:81,test_0,ORAL
u,NOUN,ROOT,SEN:82,test_0,ORAL
r,NOUN,ROOT,SEN:83,test_0,ORAL
n,NOUN,ROOT,SEN:84,test_0,ORAL
é,NOUN,ROOT,SEN:85,test_0,ORAL
e,DET,ROOT,SEN:86,test_0,ORAL
.,PUNCT,ROOT,SEN:87,test_0,ORAL
I,ADJ,ROOT,SEN:0,test_1,ORAL
l,NOUN,ROOT,SEN:1,test_1,ORAL
 ,SPACE,ROOT,SEN:2,test_1,ORAL
p,NOUN,ROOT,SEN:3,test_1,ORAL
a,AUX,ROOT,SEN:4,test_1,ORAL
s,ADP,ROOT,SEN:5,test_1,ORAL
s,ADP,ROOT,SEN:6,test_1,ORAL
e,DET,ROOT,SEN:7,test_1,ORAL
 ,SPACE,ROOT,SEN:8,test_1,ORAL
l,NOUN,ROOT,SEN:9,test_1,ORAL
a,AUX,ROOT,SEN:10,test_1,ORAL
 ,SPACE,ROOT,SEN:11,test_1,ORAL
m,NOUN,ROOT,SEN:12,test_1,ORAL
a,AUX,ROOT,SEN:13,test_1,ORAL
t,NOUN,ROOT,SEN:14,test_1,ORAL
i,ADJ,ROOT,SEN:15,test_1,ORAL
n,NOUN,ROOT,SEN:16,test_1,ORAL
é,NOUN,ROOT,SEN:17,test_1,ORAL
e,DET,ROOT,SEN:18,test_1,ORAL
 ,SPACE,ROOT,SEN:19,test_1,ORAL
a,AUX,ROOT,SEN:20,test_1,ORAL
u,NOUN,ROOT,SEN:21,test_1,ORAL
 ,SPACE,ROOT,SEN:22,test_1,ORAL
M,NOUN,ROOT,SEN:23,test_1,ORAL
u,NOUN,ROOT,SEN:24,test_1,ORAL
c,NOUN,ROOT,SEN:25,test_1,ORAL
e,DET,ROOT,SEN:26,test_1,ORAL
m,NOUN,ROOT,SEN:27,test_1,ORAL
 ,SPACE,ROOT,SEN:28,test_1,ORAL
q,DET,ROOT,SEN:29,test_1,ORAL
u,NOUN,ROOT,SEN:30,test_1,ORAL
i,ADJ,ROOT,SEN:31,test_1,ORAL
 ,SPACE,ROOT,SEN:32,test_1,ORAL
e,DET,ROOT,SEN:33,test_1,ORAL
s,ADP,ROOT,SEN:34,test_1,ORAL
t,NOUN,ROOT,SEN:35,test_1,ORAL
 ,SPACE,ROOT,SEN:36,test_1,ORAL
u,NOUN,ROOT,SEN:37,test_1,ORAL
n,NOUN,ROOT,SEN:38,test_1,ORAL
 ,SPACE,ROOT,SEN:39,test_1,ORAL
m,NOUN,ROOT,SEN:40,test_1,ORAL
u,NOUN,ROOT,SEN:41,test_1,ORAL
s,ADP,ROOT,SEN:42,test_1,ORAL
é,NOUN,ROOT,SEN:43,test_1,ORAL
e,DET,ROOT,SEN:44,test_1,ORAL
 ,SPACE,ROOT,SEN:45,test_1,ORAL
r,NOUN,ROOT,SEN:46,test_1,ORAL
é,NOUN,ROOT,SEN:47,test_1,ORAL
c,NOUN,ROOT,SEN:48,test_1,ORAL
e,DET,ROOT,SEN:49,test_1,ORAL
n,NOUN,ROOT,SEN:50,test_1,ORAL
t,NOUN,ROOT,SEN:51,test_1,ORAL
 ,SPACE,ROOT,SEN:52,test_1,ORAL
e,DET,ROOT,SEN:53,test_1,ORAL
t,NOUN,ROOT,SEN:54,test_1,ORAL
 ,SPACE,ROOT,SEN:55,test_1,ORAL
t,NOUN,ROOT,SEN:56,test_1,ORAL
r,NOUN,ROOT,SEN:57,test_1,ORAL
è,NOUN,ROOT,SEN:58,test_1,ORAL
s,ADP,ROOT,SEN:59,test_1,ORAL
 ,SPACE,ROOT,SEN:60,test_1,ORAL
c,NOUN,ROOT,SEN:61,test_1,ORAL
o,NOUN,ROOT,SEN:62,test_1,ORAL
n,NOUN,ROOT,SEN:63,test_1,ORAL
n,NOUN,ROOT,SEN:64,test_1,ORAL
u,NOUN,ROOT,SEN:65,test_1,ORAL
.,PUNCT,ROOT,SEN:66,test_1,ORAL
S,DET,ROOT,SEN:0,test_2,ORAL
o,NOUN,ROOT,SEN:1,test_2,ORAL
n,NOUN,ROOT,SEN:2,test_2,ORAL
 ,SPACE,ROOT,SEN:3,test_2,ORAL
a,AUX,ROOT,SEN:4,test_2,ORAL
r,NOUN,ROOT,SEN:5,test_2,ORAL
c,NOUN,ROOT,SEN:6,test_2,ORAL
h,NOUN,ROOT,SEN:7,test_2,ORAL
i,ADJ,ROOT,SEN:8,test_2,ORAL
t,NOUN,ROOT,SEN:9,test_2,ORAL
e,DET,ROOT,SEN:10,test_2,ORAL
c,NOUN,ROOT,SEN:11,test_2,ORAL
t,NOUN,ROOT,SEN:12,test_2,ORAL
u,NOUN,ROOT,SEN:13,test_2,ORAL
r,NOUN,ROOT,SEN:14,test_2,ORAL
e,DET,ROOT,SEN:15,test_2,ORAL
 ,SPACE,ROOT,SEN:16,test_2,ORAL
m,NOUN,ROOT,SEN:17,test_2,ORAL
o,NOUN,ROOT,SEN:18,test_2,ORAL
d,NOUN,ROOT,SEN:19,test_2,ORAL
e,DET,ROOT,SEN:20,test_2,ORAL
r,NOUN,ROOT,SEN:21,test_2,ORAL
n,NOUN,ROOT,SEN:22,test_2,ORAL
e,DET,ROOT,SEN:23,test_2,ORAL
 ,SPACE,ROOT,SEN:24,test_2,ORAL
s,ADP,ROOT,SEN:25,test_2,ORAL
',PUNCT,ROOT,SEN:26,test_2,ORAL
a,AUX,ROOT,SEN:27,test_2,ORAL
s,ADP,ROOT,SEN:28,test_2,ORAL
s,ADP,ROOT,SEN:29,test_2,ORAL
o,NOUN,ROOT,SEN:30,test_2,ORAL
c,NOUN,ROOT,SEN:31,test_2,ORAL
i,ADJ,ROOT,SEN:32,test_2,ORAL
e,DET,ROOT,SEN:33,test_2,ORAL
 ,SPACE,ROOT,SEN:34,test_2,ORAL
t,NOUN,ROOT,SEN:35,test_2,ORAL
r,NOUN,ROOT,SEN:36,test_2,ORAL
è,NOUN,ROOT,SEN:37,test_2,ORAL
s,ADP,ROOT,SEN:38,test_2,ORAL
 ,SPACE,ROOT,SEN:39,test_2,ORAL
b,NOUN,ROOT,SEN:40,test_2,ORAL
i,ADJ,ROOT,SEN:41,test_2,ORAL
e,DET,ROOT,SEN:42,test_2,ORAL
n,NOUN,ROOT,SEN:43,test_2,ORAL
 ,SPACE,ROOT,SEN:44,test_2,ORAL
a,AUX,ROOT,SEN:45,test_2,ORAL
v,NOUN,ROOT,SEN:46,test_2,ORAL
e,DET,ROOT,SEN:47,test_2,ORAL
c,NOUN,ROOT,SEN:48,test_2,ORAL
 ,SPACE,ROOT,SEN:49,test_2,ORAL
l,NOUN,ROOT,SEN:50,test_2,ORAL
a,AUX,ROOT,SEN:51,test_2,ORAL
 ,SPACE,ROOT,SEN:52,test_2,ORAL
m,NOUN,ROOT,SEN:53,test_2,ORAL
e,DET,ROOT,SEN:54,test_2,ORAL
r,NOUN,ROOT,SEN:55,test_2,ORAL
 ,SPACE,ROOT,SEN:56,test_2,ORAL
t,NOUN,ROOT,SEN:57,test_2,ORAL
o,NOUN,ROOT,SEN:58,test_2,ORAL
u,NOUN,ROOT,SEN:59,test_2,ORAL
t,NOUN,ROOT,SEN:60,test_2,ORAL
e,DET,ROOT,SEN:61,test_2,ORAL
 ,SPACE,ROOT,SEN:62,test_2,ORAL
p,NOUN,ROOT,SEN:63,test_2,ORAL
r,NOUN,ROOT,SEN:64,test_2,ORAL
o,NOUN,ROOT,SEN:65,test_2,ORAL
c,NOUN,ROOT,SEN:66,test_2,ORAL
h,NOUN,ROOT,SEN:67,test_2,ORAL
e,DET,ROOT,SEN:68,test_2,ORAL
 ,SPACE,ROOT,SEN:69,test_2,ORAL
e,DET,ROOT,SEN:70,test_2,ORAL
t,NOUN,ROOT,SEN:71,test_2,ORAL
 ,SPACE,ROOT,SEN:72,test_2,ORAL
l,NOUN,ROOT,SEN:73,test_2,ORAL
',PUNCT,ROOT,SEN:74,test_2,ORAL
a,AUX,ROOT,SEN:75,test_2,ORAL
n,NOUN,ROOT,SEN:76,test_2,ORAL
c,NOUN,ROOT,SEN:77,test_2,ORAL
i,ADJ,ROOT,SEN:78,test_2,ORAL
e,DET,ROOT,SEN:79,test_2,ORAL
n,NOUN,ROOT,SEN:80,test_2,ORAL
 ,SPACE,ROOT,SEN:81,test_2,ORAL
F,NOUN,ROOT,SEN:82,test_2,ORAL
o,NOUN,ROOT,SEN:83,test_2,ORAL
r,NOUN,ROOT,SEN:84,test_2,ORAL
t,NOUN,ROOT,SEN:85,test_2,ORAL
 ,SPACE,ROOT,SEN:86,test_2,ORAL
S,DET,ROOT,SEN:87,test_2,ORAL
a,AUX,ROOT,SEN:88,test_2,ORAL
i,ADJ,ROOT,SEN:89,test_2,ORAL
n,NOUN,ROOT,SEN:90,test_2,ORAL
t,NOUN,ROOT,SEN:91,test_2,ORAL
-,PUNCT,ROOT,SEN:92,test_2,ORAL
J,NOUN,ROOT,SEN:93,test_2,ORAL
e,DET,ROOT,SEN:94,test_2,ORAL
a,AUX,ROOT,SEN:95,test_2,ORAL
n,NOUN,ROOT,SEN:96,test_2,ORAL
.,PUNCT,ROOT,SEN:97,test_2,ORAL
I,ADJ,ROOT,SEN:0,test_3,ORAL
l,NOUN,ROOT,SEN:1,test_3,ORAL
 ,SPACE,ROOT,SEN:2,test_3,ORAL
f,NOUN,ROOT,SEN:3,test_3,ORAL
a,AUX,ROOT,SEN:4,test_3,ORAL
i,ADJ,ROOT,SEN:5,test_3,ORAL
t,NOUN,ROOT,SEN:6,test_3,ORAL
 ,SPACE,ROOT,SEN:7,test_3,ORAL
u,NOUN,ROOT,SEN:8,test_3,ORAL
n,NOUN,ROOT,SEN:9,test_3,ORAL
e,DET,ROOT,SEN:10,test_3,ORAL
 ,SPACE,ROOT,SEN:11,test_3,ORAL
p,NOUN,ROOT,SEN:12,test_3,ORAL
r,NOUN,ROOT,SEN:13,test_3,ORAL
o,NOUN,ROOT,SEN:14,test_3,ORAL
m,NOUN,ROOT,SEN:15,test_3,ORAL
e,DET,ROOT,SEN:16,test_3,ORAL
n,NOUN,ROOT,SEN:17,test_3,ORAL
a,AUX,ROOT,SEN:18,test_3,ORAL
d,NOUN,ROOT,SEN:19,test_3,ORAL
e,DET,ROOT,SEN:20,test_3,ORAL
 ,SPACE,ROOT,SEN:21,test_3,ORAL
s,ADP,ROOT,SEN:22,test_3,ORAL
u,NOUN,ROOT,SEN:23,test_3,ORAL
r,NOUN,ROOT,SEN:24,test_3,ORAL
 ,SPACE,ROOT,SEN:25,test_3,ORAL
l,NOUN,ROOT,SEN:26,test_3,ORAL
e,DET,ROOT,SEN:27,test_3,ORAL
 ,SPACE,ROOT,SEN:28,test_3,ORAL
V,ADJ,ROOT,SEN:29,test_3,ORAL
i,ADJ,ROOT,SEN:30,test_3,ORAL
e,DET,ROOT,SEN:31,test_3,ORAL
u,NOUN,ROOT,SEN:32,test_3,ORAL
x,NOUN,ROOT,SEN:33,test_3,ORAL
 ,SPACE,ROOT,SEN:34,test_3,ORAL
P,NOUN,ROOT,SEN:35,test_3,ORAL
o,NOUN,ROOT,SEN:36,test_3,ORAL
r,NOUN,ROOT,SEN:37,test_3,ORAL
t,NOUN,ROOT,SEN:38,test_3,ORAL
.,PUNCT,ROOT,SEN:39,test_3,ORAL
I,ADJ,ROOT,SEN:0,test_4,ORAL
l,NOUN,ROOT,SEN:1,test_4,ORAL
 ,SPACE,ROOT,SEN:2,test_4,ORAL
y,PRON,ROOT,SEN:3,test_4,ORAL
 ,SPACE,ROOT,SEN:4,test_4,ORAL
a,AUX,ROOT,SEN:5,test_4,ORAL
 ,SPACE,ROOT,SEN:6,test_4,ORAL
d,NOUN,ROOT,SEN:7,test_4,ORAL
e,DET,ROOT,SEN:8,test_4,ORAL
s,ADP,ROOT,SEN:9,test_4,ORAL
 ,SPACE,ROOT,SEN:10,test_4,ORAL
m,NOUN,ROOT,SEN:11,test_4,ORAL
a,AUX,ROOT,SEN:12,test_4,ORAL
r,NOUN,ROOT,SEN:13,test_4,ORAL
c,NOUN,ROOT,SEN:14,test_4,ORAL
h,NOUN,ROOT,SEN:15,test_4,ORAL
a,AUX,ROOT,SEN:16,test_4,ORAL
n,NOUN,ROOT,SEN:17,test_4,ORAL
d,NOUN,ROOT,SEN:18,test_4,ORAL
s,ADP,ROOT,SEN:19,test_4,ORAL
 ,SPACE,ROOT,SEN:20,test_4,ORAL
d,NOUN,ROOT,SEN:21,test_4,ORAL
e,DET,ROOT,SEN:22,test_4,ORAL
 ,SPACE,ROOT,SEN:23,test_4,ORAL
p,NOUN,ROOT,SEN:24,test_4,ORAL
o,NOUN,ROOT,SEN:25,test_4,ORAL
i,ADJ,ROOT,SEN:26,test_4,ORAL
s,ADP,ROOT,SEN:27,test_4,ORAL
s,ADP,ROOT,SEN:28,test_4,ORAL
o,NOUN,ROOT,SEN:29,test_4,ORAL
n,NOUN,ROOT,SEN:30,test_4,ORAL
s,ADP,ROOT,SEN:31,test_4,ORAL
 ,SPACE,ROOT,SEN:32,test_4,ORAL
e,DET,ROOT,SEN:33,test_4,ORAL
t,NOUN,ROOT,SEN:34,test_4,ORAL
 ,SPACE,ROOT,SEN:35,test_4,ORAL
c,NOUN,ROOT,SEN:36,test_4,ORAL
',PUNCT,ROOT,SEN:37,test_4,ORAL
e,DET,ROOT,SEN:38,test_4,ORAL
s,ADP,ROOT,SEN:39,test_4,ORAL
t,NOUN,ROOT,SEN:40,test_4,ORAL
 ,SPACE,ROOT,SEN:41,test_4,ORAL
l,NOUN,ROOT,SEN:42,test_4,ORAL
e,DET,ROOT,SEN:43,test_4,ORAL
 ,SPACE,ROOT,SEN:44,test_4,ORAL
d,NOUN,ROOT,SEN:45,test_4,ORAL
é,NOUN,ROOT,SEN:46,test_4,ORAL
p,NOUN,ROOT,SEN:47,test_4,ORAL
a,AUX,ROOT,SEN:48,test_4,ORAL
r,NOUN,ROOT,SEN:49,test_4,ORAL
t,NOUN,ROOT,SEN:50,test_4,ORAL
 ,SPACE,ROOT,SEN:51,test_4,ORAL
d,NOUN,ROOT,SEN:52,test_4,ORAL
e,DET,ROOT,SEN:53,test_4,ORAL
 ,SPACE,ROOT,SEN:54,test_4,ORAL
n,NOUN,ROOT,SEN:55,test_4,ORAL
o,NOUN,ROOT,SEN:56,test_4,ORAL
m,NOUN,ROOT,SEN:57,test_4,ORAL
b,NOUN,ROOT,SEN:58,test_4,ORAL
r,NOUN,ROOT,SEN:59,test_4,ORAL
e,DET,ROOT,SEN:60,test_4,ORAL
u,NOUN,ROOT,SEN:61,test_4,ORAL
x,NOUN,ROOT,SEN:62,test_4,ORAL
 ,SPACE,ROOT,SEN:63,test_4,ORAL
b,NOUN,ROOT,SEN:64,test_4,ORAL
a,AUX,ROOT,SEN:65,test_4,ORAL
t,NOUN,ROOT,SEN:66,test_4,ORAL
e,DET,ROOT,SEN:67,test_4,ORAL
a,AUX,ROOT,SEN:68,test_4,ORAL
u,NOUN,ROOT,SEN:69,test_4,ORAL
x,NOUN,ROOT,SEN:70,test_4,ORAL
.,PUNCT,ROOT,SEN:71,test_4,ORAL
À,ADP,ROOT,SEN:0,test_5,ORAL
 ,SPACE,ROOT,SEN:1,test_5,ORAL
m,NOUN,ROOT,SEN:2,test_5,ORAL
i,ADJ,ROOT,SEN:3,test_5,ORAL
d,NOUN,ROOT,SEN:4,test_5,ORAL
i,ADJ,ROOT,SEN:5,test_5,ORAL
 ,SPACE,ROOT,SEN:6,test_5,ORAL
i,ADJ,ROOT,SEN:7,test_5,ORAL
l,NOUN,ROOT,SEN:8,test_5,ORAL
 ,SPACE,ROOT,SEN:9,test_5,ORAL
p,NOUN,ROOT,SEN:10,test_5,ORAL
r,NOUN,ROOT,SEN:11,test_5,ORAL
e,DET,ROOT,SEN:12,test_5,ORAL
n,NOUN,ROOT,SEN:13,test_5,ORAL
d,NOUN,ROOT,SEN:14,test_5,ORAL
 ,SPACE,ROOT,SEN:15,test_5,ORAL
u,NOUN,ROOT,SEN:16,test_5,ORAL
n,NOUN,ROOT,SEN:17,test_5,ORAL
 ,SPACE,ROOT,SEN:18,test_5,ORAL
s,ADP,ROOT,SEN:19,test_5,ORAL
a,AUX,ROOT,SEN:20,test_5,ORAL
n,NOUN,ROOT,SEN:21,test_5,ORAL
d,NOUN,ROOT,SEN:22,test_5,ORAL
w,NOUN,ROOT,SEN:23,test_5,ORAL
i,ADJ,ROOT,SEN:24,test_5,ORAL
c,NOUN,ROOT,SEN:25,test_5,ORAL
h,NOUN,ROOT,SEN:26,test_5,ORAL
 ,SPACE,ROOT,SEN:27,test_5,ORAL
d,NOUN,ROOT,SEN:28,test_5,ORAL
a,AUX,ROOT,SEN:29,test_5,ORAL
n,NOUN,ROOT,SEN:30,test_5,ORAL
s,ADP,ROOT,SEN:31,test_5,ORAL
 ,SPACE,ROOT,SEN:32,test_5,ORAL
u,NOUN,ROOT,SEN:33,test_5,ORAL
n,NOUN,ROOT,SEN:34,test_5,ORAL
 ,SPACE,ROOT,SEN:35,test_5,ORAL
c,NOUN,ROOT,SEN:36,test_5,ORAL
a,AUX,ROOT,SEN:37,test_5,ORAL
f,NOUN,ROOT,SEN:38,test_5,ORAL
é,NOUN,ROOT,SEN:39,test_5,ORAL
.,PUNCT,ROOT,SEN:40,test_5,ORAL
I,ADJ,ROOT,SEN:0,test_6,ORAL
l,NOUN,ROOT,SEN:1,test_6,ORAL
 ,SPACE,ROOT,SEN:2,test_6,ORAL
n,NOUN,ROOT,SEN:3,test_6,ORAL
',PUNCT,ROOT,SEN:4,test_6,ORAL
e,DET,ROOT,SEN:5,test_6,ORAL
s,ADP,ROOT,SEN:6,test_6,ORAL
t,NOUN,ROOT,SEN:7,test_6,ORAL
 ,SPACE,ROOT,SEN:8,test_6,ORAL
p,NOUN,ROOT,SEN:9,test_6,ORAL
a,AUX,ROOT,SEN:10,test_6,ORAL
s,ADP,ROOT,SEN:11,test_6,ORAL
 ,SPACE,ROOT,SEN:12,test_6,ORAL
f,NOUN,ROOT,SEN:13,test_6,ORAL
a,AUX,ROOT,SEN:14,test_6,ORAL
t,NOUN,ROOT,SEN:15,test_6,ORAL
i,ADJ,ROOT,SEN:16,test_6,ORAL
g,NOUN,ROOT,SEN:17,test_6,ORAL
u,NOUN,ROOT,SEN:18,test_6,ORAL
é,NOUN,ROOT,SEN:19,test_6,ORAL
 ,SPACE,ROOT,SEN:20,test_6,ORAL
e,DET,ROOT,SEN:21,test_6,ORAL
t,NOUN,ROOT,SEN:22,test_6,ORAL
 ,SPACE,ROOT,SEN:23,test_6,ORAL
d,NOUN,ROOT,SEN:24,test_6,ORAL
é,NOUN,ROOT,SEN:25,test_6,ORAL
c,NOUN,ROOT,SEN:26,test_6,ORAL
i,ADJ,ROOT,SEN:27,test_6,ORAL
d,NOUN,ROOT,SEN:28,test_6,ORAL
e,DET,ROOT,SEN:29,test_6,ORAL
 ,SPACE,ROOT,SEN:30,test_6,ORAL
d,NOUN,ROOT,SEN:31,test_6,ORAL
e,DET,ROOT,SEN:32,test_6,ORAL
 ,SPACE,ROOT,SEN:33,test_6,ORAL
m,NOUN,ROOT,SEN:34,test_6,ORAL
a,AUX,ROOT,SEN:35,test_6,ORAL
r,NOUN,ROOT,SEN:36,test_6,ORAL
c,NOUN,ROOT,SEN:37,test_6,ORAL
h,NOUN,ROOT,SEN:38,test_6,ORAL
e,DET,ROOT,SEN:39,test_6,ORAL
r,NOUN,ROOT,SEN:40,test_6,ORAL
 ,SPACE,ROOT,SEN:41,test_6,ORAL
j,NOUN,ROOT,SEN:42,test_6,ORAL
u,NOUN,ROOT,SEN:43,test_6,ORAL
s,ADP,ROOT,SEN:44,test_6,ORAL
q,DET,ROOT,SEN:45,test_6,ORAL
u,NOUN,ROOT,SEN:46,test_6,ORAL
',PUNCT,ROOT,SEN:47,test_6,ORAL
à,ADP,ROOT,SEN:48,test_6,ORAL
 ,SPACE,ROOT,SEN:49,test_6,ORAL
N,NOUN,ROOT,SEN:50,test_6,ORAL
o,NOUN,ROOT,SEN:51,test_6,ORAL
t,NOUN,ROOT,SEN:52,test_6,ORAL
r,NOUN,ROOT,SEN:53,test_6,ORAL
e,DET,ROOT,SEN:54,test_6,ORAL
 ,SPACE,ROOT,SEN:55,test_6,ORAL
D,NOUN,ROOT,SEN:56,test_6,ORAL
a,AUX,ROOT,SEN:57,test_6,ORAL
m,NOUN,ROOT,SEN:58,test_6,ORAL
e,DET,ROOT,SEN:59,test_6,ORAL
 ,SPACE,ROOT,SEN:60,test_6,ORAL
d,NOUN,ROOT,SEN:61,test_6,ORAL
e,DET,ROOT,SEN:62,test_6,ORAL
 ,SPACE,ROOT,SEN:63,test_6,ORAL
l,NOUN,ROOT,SEN:64,test_6,ORAL
a,AUX,ROOT,SEN:65,test_6,ORAL
 ,SPACE,ROOT,SEN:66,test_6,ORAL
G,NOUN,ROOT,SEN:67,test_6,ORAL
a,AUX,ROOT,SEN:68,test_6,ORAL
r,NOUN,ROOT,SEN:69,test_6,ORAL
d,NOUN,ROOT,SEN:70,test_6,ORAL
e,DET,ROOT,SEN:71,test_6,ORAL
.,PUNCT,ROOT,SEN:72,test_6,ORAL
C,NOUN,ROOT,SEN:0,test_7,ORAL
e,DET,ROOT,SEN:1,test_7,ORAL
t,NOUN,ROOT,SEN:2,test_7,ORAL
t,NOUN,ROOT,SEN:3,test_7,ORAL
e,DET,ROOT,SEN:4,test_7,ORAL
 ,SPACE,ROOT,SEN:5,test_7,ORAL
b,NOUN,ROOT,SEN:6,test_7,ORAL
a,AUX,ROOT,SEN:7,test_7,ORAL
s,ADP,ROOT,SEN:8,test_7,ORAL
i,ADJ,ROOT,SEN:9,test_7,ORAL
l,NOUN,ROOT,SEN:10,test_7,ORAL
i,ADJ,ROOT,SEN:11,test_7,ORAL
q,DET,ROOT,SEN:12,test_7,ORAL
u,NOUN,ROOT,SEN:13,test_7,ORAL
e,DET,ROOT,SEN:14,test_7,ORAL
 ,SPACE,ROOT,SEN:15,test_7,ORAL
e,DET,ROOT,SEN:16,test_7,ORAL
s,ADP,ROOT,SEN:17,test_7,ORAL
t,NOUN,ROOT,SEN:18,test_7,ORAL
 ,SPACE,ROOT,SEN:19,test_7,ORAL
c,NOUN,ROOT,SEN:20,test_7,ORAL
é,NOUN,ROOT,SEN:21,test_7,ORAL
l,NOUN,ROOT,SEN:22,test_7,ORAL
è,NOUN,ROOT,SEN:23,test_7,ORAL
b,NOUN,ROOT,SEN:24,test_7,ORAL
r,NOUN,ROOT,SEN:25,test_7,ORAL
e,DET,ROOT,SEN:26,test_7,ORAL
 ,SPACE,ROOT,SEN:27,test_7,ORAL
à,ADP,ROOT,SEN:28,test_7,ORAL
 ,SPACE,ROOT,SEN:29,test_7,ORAL
M,NOUN,ROOT,SEN:30,test_7,ORAL
a,AUX,ROOT,SEN:31,test_7,ORAL
r,NOUN,ROOT,SEN:32,test_7,ORAL
s,ADP,ROOT,SEN:33,test_7,ORAL
e,DET,ROOT,SEN:34,test_7,ORAL
i,ADJ,ROOT,SEN:35,test_7,ORAL
l,NOUN,ROOT,SEN:36,test_7,ORAL
l,NOUN,ROOT,SEN:37,test_7,ORAL
e,DET,ROOT,SEN:38,test_7,ORAL
 ,SPACE,ROOT,SEN:39,test_7,ORAL
:,PUNCT,ROOT,SEN:40,test_7,ORAL
 ,SPACE,ROOT,SEN:41,test_7,ORAL
l,NOUN,ROOT,SEN:42,test_7,ORAL
e,DET,ROOT,SEN:43,test_7,ORAL
s,ADP,ROOT,SEN:44,test_7,ORAL
 ,SPACE,ROOT,SEN:45,test_7,ORAL
s,ADP,ROOT,SEN:46,test_7,ORAL
u,NOUN,ROOT,SEN:47,test_7,ORAL
p,NOUN,ROOT,SEN:48,test_7,ORAL
p,NOUN,ROOT,SEN:49,test_7,ORAL
o,NOUN,ROOT,SEN:50,test_7,ORAL
r,NOUN,ROOT,SEN:51,test_7,ORAL
t,NOUN,ROOT,SEN:52,test_7,ORAL
e,DET,ROOT,SEN:53,test_7,ORAL
r,NOUN,ROOT,SEN:54,test_7,ORAL
s,ADP,ROOT,SEN:55,test_7,ORAL
 ,SPACE,ROOT,SEN:56,test_7,ORAL
d,NOUN,ROOT,SEN:57,test_7,ORAL
e,DET,ROOT,SEN:58,test_7,ORAL
 ,SPACE,ROOT,SEN:59,test_7,ORAL
l,NOUN,ROOT,SEN:60,test_7,ORAL
',PUNCT,ROOT,SEN:61,test_7,ORAL
O,PUNCT,ROOT,SEN:62,test_7,ORAL
M,NOUN,ROOT,SEN:63,test_7,ORAL
 ,SPACE,ROOT,SEN:64,test_7,ORAL
(,PUNCT,ROOT,SEN:65,test_7,ORAL
c,NOUN,ROOT,SEN:66,test_7,ORAL
l,NOUN,ROOT,SEN:67,test_7,ORAL
u,NOUN,ROOT,SEN:68,test_7,ORAL
b,NOUN,ROOT,SEN:69,test_7,ORAL
 ,SPACE,ROOT,SEN:70,test_7,ORAL
d,NOUN,ROOT,SEN:71,test_7,ORAL
e,DET,ROOT,SEN:72,test_7,ORAL
 ,SPACE,ROOT,SEN:73,test_7,ORAL
f,NOUN,ROOT,SEN:74,test_7,ORAL
o,NOUN,ROOT,SEN:75,test_7,ORAL
o,NOUN,ROOT,SEN:76,test_7,ORAL
t,NOUN,ROOT,SEN:77,test_7,ORAL
 ,SPACE,ROOT,SEN:78,test_7,ORAL
d,NOUN,ROOT,SEN:79,test_7,ORAL
e,DET,ROOT,SEN:80,test_7,ORAL
 ,SPACE,ROOT,SEN:81,test_7,ORAL
M,NOUN,ROOT,SEN:82,test_7,ORAL
a,AUX,ROOT,SEN:83,test_7,ORAL
r,NOUN,ROOT,SEN:84,test_7,ORAL
s,ADP,ROOT,SEN:85,test_7,ORAL
e,DET,ROOT,SEN:86,test_7,ORAL
i,ADJ,ROOT,SEN:87,test_7,ORAL
l,NOUN,ROOT,SEN:88,test_7,ORAL
l,NOUN,ROOT,SEN:89,test_7,ORAL
e,DET,ROOT,SEN:90,test_7,ORAL
),PUNCT,ROOT,SEN:91,test_7,ORAL
 ,SPACE,ROOT,SEN:92,test_7,ORAL
v,NOUN,ROOT,SEN:93,test_7,ORAL
i,ADJ,ROOT,SEN:94,test_7,ORAL
e,DET,ROOT,SEN:95,test_7,ORAL
n,NOUN,ROOT,SEN:96,test_7,ORAL
n,NOUN,ROOT,SEN:97,test_7,ORAL
e,DET,ROOT,SEN:98,test_7,ORAL
n,NOUN,ROOT,SEN:99,test_7,ORAL
t,NOUN,ROOT,SEN:100,test_7,ORAL
 ,SPACE,ROOT,SEN:101,test_7,ORAL
p,NOUN,ROOT,SEN:102,test_7,ORAL
r,NOUN,ROOT,SEN:103,test_7,ORAL
i,ADJ,ROOT,SEN:104,test_7,ORAL
e,DET,ROOT,SEN:105,test_7,ORAL
r,NOUN,ROOT,SEN:106,test_7,ORAL
 ,SPACE,ROOT,SEN:107,test_7,ORAL
p,NOUN,ROOT,SEN:108,test_7,ORAL
o,NOUN,ROOT,SEN:109,test_7,ORAL
u,NOUN,ROOT,SEN:110,test_7,ORAL
r,NOUN,ROOT,SEN:111,test_7,ORAL
 ,SPACE,ROOT,SEN:112,test_7,ORAL
f,NOUN,ROOT,SEN:113,test_7,ORAL
a,AUX,ROOT,SEN:114,test_7,ORAL
i,ADJ,ROOT,SEN:115,test_7,ORAL
r,NOUN,ROOT,SEN:116,test_7,ORAL
e,DET,ROOT,SEN:117,test_7,ORAL
 ,SPACE,ROOT,SEN:118,test_7,ORAL
g,NOUN,ROOT,SEN:119,test_7,ORAL
a,AUX,ROOT,SEN:120,test_7,ORAL
g,NOUN,ROOT,SEN:121,test_7,ORAL
n,NOUN,ROOT,SEN:122,test_7,ORAL
e,DET,ROOT,SEN:123,test_7,ORAL
r,NOUN,ROOT,SEN:124,test_7,ORAL
 ,SPACE,ROOT,SEN:125,test_7,ORAL
l,NOUN,ROOT,SEN:126,test_7,ORAL
e,DET,ROOT,SEN:127,test_7,ORAL
u,NOUN,ROOT,SEN:128,test_7,ORAL
r,NOUN,ROOT,SEN:129,test_7,ORAL
 ,SPACE,ROOT,SEN:130,test_7,ORAL
é,NOUN,ROOT,SEN:131,test_7,ORAL
q,DET,ROOT,SEN:132,test_7,ORAL
u,NOUN,ROOT,SEN:133,test_7,ORAL
i,ADJ,ROOT,SEN:134,test_7,ORAL
p,NOUN,ROOT,SEN:135,test_7,ORAL
e,DET,ROOT,SEN:136,test_7,ORAL
 ,SPACE,ROOT,SEN:137,test_7,ORAL
!,PUNCT,ROOT,SEN:138,test_7,ORAL
D,NOUN,ROOT,SEN:0,test_8,ORAL
u,NOUN,ROOT,SEN:1,test_8,ORAL
 ,SPACE,ROOT,SEN:2,test_8,ORAL
h,NOUN,ROOT,SEN:3,test_8,ORAL
a,AUX,ROOT,SEN:4,test_8,ORAL
u,NOUN,ROOT,SEN:5,test_8,ORAL
t,NOUN,ROOT,SEN:6,test_8,ORAL
 ,SPACE,ROOT,SEN:7,test_8,ORAL
d,NOUN,ROOT,SEN:8,test_8,ORAL
e,DET,ROOT,SEN:9,test_8,ORAL
 ,SPACE,ROOT,SEN:10,test_8,ORAL
c,NOUN,ROOT,SEN:11,test_8,ORAL
e,DET,ROOT,SEN:12,test_8,ORAL
t,NOUN,ROOT,SEN:13,test_8,ORAL
t,NOUN,ROOT,SEN:14,test_8,ORAL
e,DET,ROOT,SEN:15,test_8,ORAL
 ,SPACE,ROOT,SEN:16,test_8,ORAL
c,NOUN,ROOT,SEN:17,test_8,ORAL
o,NOUN,ROOT,SEN:18,test_8,ORAL
l,NOUN,ROOT,SEN:19,test_8,ORAL
l,NOUN,ROOT,SEN:20,test_8,ORAL
i,ADJ,ROOT,SEN:21,test_8,ORAL
n,NOUN,ROOT,SEN:22,test_8,ORAL
e,DET,ROOT,SEN:23,test_8,ORAL
 ,SPACE,ROOT,SEN:24,test_8,ORAL
l,NOUN,ROOT,SEN:25,test_8,ORAL
a,AUX,ROOT,SEN:26,test_8,ORAL
 ,SPACE,ROOT,SEN:27,test_8,ORAL
v,NOUN,ROOT,SEN:28,test_8,ORAL
u,NOUN,ROOT,SEN:29,test_8,ORAL
e,DET,ROOT,SEN:30,test_8,ORAL
 ,SPACE,ROOT,SEN:31,test_8,ORAL
s,ADP,ROOT,SEN:32,test_8,ORAL
u,NOUN,ROOT,SEN:33,test_8,ORAL
r,NOUN,ROOT,SEN:34,test_8,ORAL
 ,SPACE,ROOT,SEN:35,test_8,ORAL
M,NOUN,ROOT,SEN:36,test_8,ORAL
a,AUX,ROOT,SEN:37,test_8,ORAL
r,NOUN,ROOT,SEN:38,test_8,ORAL
s,ADP,ROOT,SEN:39,test_8,ORAL
e,DET,ROOT,SEN:40,test_8,ORAL
i,ADJ,ROOT,SEN:41,test_8,ORAL
l,NOUN,ROOT,SEN:42,test_8,ORAL
l,NOUN,ROOT,SEN:43,test_8,ORAL
e,DET,ROOT,SEN:44,test_8,ORAL
 ,SPACE,ROOT,SEN:45,test_8,ORAL
e,DET,ROOT,SEN:46,test_8,ORAL
s,ADP,ROOT,SEN:47,test_8,ORAL
t,NOUN,ROOT,SEN:48,test_8,ORAL
 ,SPACE,ROOT,SEN:49,test_8,ORAL
r,NOUN,ROOT,SEN:50,test_8,ORAL
e,DET,ROOT,SEN:51,test_8,ORAL
m,NOUN,ROOT,SEN:52,test_8,ORAL
a,AUX,ROOT,SEN:53,test_8,ORAL
r,NOUN,ROOT,SEN:54,test_8,ORAL
q,DET,ROOT,SEN:55,test_8,ORAL
u,NOUN,ROOT,SEN:56,test_8,ORAL
a,AUX,ROOT,SEN:57,test_8,ORAL
b,NOUN,ROOT,SEN:58,test_8,ORAL
l,NOUN,ROOT,SEN:59,test_8,ORAL
e,DET,ROOT,SEN:60,test_8,ORAL
.,PUNCT,ROOT,SEN:61,test_8,ORAL
M,NOUN,ROOT,SEN:0,test_9,ORAL
a,AUX,ROOT,SEN:1,test_9,ORAL
i,ADJ,ROOT,SEN:2,test_9,ORAL
n,NOUN,ROOT,SEN:3,test_9,ORAL
t,NOUN,ROOT,SEN:4,test_9,ORAL
e,DET,ROOT,SEN:5,test_9,ORAL
n,NOUN,ROOT,SEN:6,test_9,ORAL
a,AUX,ROOT,SEN:7,test_9,ORAL
n,NOUN,ROOT,SEN:8,test_9,ORAL
t,NOUN,ROOT,SEN:9,test_9,ORAL
 ,SPACE,ROOT,SEN:10,test_9,ORAL
J,NOUN,ROOT,SEN:11,test_9,ORAL
a,AUX,ROOT,SEN:12,test_9,ORAL
s,ADP,ROOT,SEN:13,test_9,ORAL
o,NOUN,ROOT,SEN:14,test_9,ORAL
n,NOUN,ROOT,SEN:15,test_9,ORAL
 ,SPACE,ROOT,SEN:16,test_9,ORAL
v,NOUN,ROOT,SEN:17,test_9,ORAL
e,DET,ROOT,SEN:18,test_9,ORAL
u,NOUN,ROOT,SEN:19,test_9,ORAL
t,NOUN,ROOT,SEN:20,test_9,ORAL
 ,SPACE,ROOT,SEN:21,test_9,ORAL
v,NOUN,ROOT,SEN:22,test_9,ORAL
o,NOUN,ROOT,SEN:23,test_9,ORAL
i,ADJ,ROOT,SEN:24,test_9,ORAL
r,NOUN,ROOT,SEN:25,test_9,ORAL
 ,SPACE,ROOT,SEN:26,test_9,ORAL
l,NOUN,ROOT,SEN:27,test_9,ORAL
e,DET,ROOT,SEN:28,test_9,ORAL
s,ADP,ROOT,SEN:29,test_9,ORAL
 ,SPACE,ROOT,SEN:30,test_9,ORAL
p,NOUN,ROOT,SEN:31,test_9,ORAL
l,NOUN,ROOT,SEN:32,test_9,ORAL
a,AUX,ROOT,SEN:33,test_9,ORAL
g,NOUN,ROOT,SEN:34,test_9,ORAL
e,DET,ROOT,SEN:35,test_9,ORAL
s,ADP,ROOT,SEN:36,test_9,ORAL
 ,SPACE,ROOT,SEN:37,test_9,ORAL
d,NOUN,ROOT,SEN:38,test_9,ORAL
u,NOUN,ROOT,SEN:39,test_9,ORAL
 ,SPACE,ROOT,SEN:40,test_9,ORAL
P,NOUN,ROOT,SEN:41,test_9,ORAL
r,NOUN,ROOT,SEN:42,test_9,ORAL
a,AUX,ROOT,SEN:43,test_9,ORAL
d,NOUN,ROOT,SEN:44,test_9,ORAL
o,NOUN,ROOT,SEN:45,test_9,ORAL
",",PUNCT,ROOT,SEN:46,test_9,ORAL
 ,SPACE,ROOT,SEN:47,test_9,ORAL
l,NOUN,ROOT,SEN:48,test_9,ORAL
o,NOUN,ROOT,SEN:49,test_9,ORAL
n,NOUN,ROOT,SEN:50,test_9,ORAL
g,NOUN,ROOT,SEN:51,test_9,ORAL
u,NOUN,ROOT,SEN:52,test_9,ORAL
e,DET,ROOT,SEN:53,test_9,ORAL
s,ADP,ROOT,SEN:54,test_9,ORAL
 ,SPACE,ROOT,SEN:55,test_9,ORAL
d,NOUN,ROOT,SEN:56,test_9,ORAL
e,DET,ROOT,SEN:57,test_9,ORAL
 ,SPACE,ROOT,SEN:58,test_9,ORAL
p,NOUN,ROOT,SEN:59,test_9,ORAL
l,NOUN,ROOT,SEN:60,test_9,ORAL
u,NOUN,ROOT,SEN:61,test_9,ORAL
s,ADP,ROOT,SEN:62,test_9,ORAL
i,ADJ,ROOT,SEN:63,test_9,ORAL
e,DET,ROOT,SEN:64,test_9,ORAL
u,NOUN,ROOT,SEN:65,test_9,ORAL
r,NOUN,ROOT,SEN:66,test_9,ORAL
s,ADP,ROOT,SEN:67,test_9,ORAL
 ,SPACE,ROOT,SEN:68,test_9,ORAL
k,PROPN,ROOT,SEN:69,test_9,ORAL
i,ADJ,ROOT,SEN:70,test_9,ORAL
l,NOUN,ROOT,SEN:71,test_9,ORAL
o,NOUN,ROOT,SEN:72,test_9,ORAL
m,NOUN,ROOT,SEN:73,test_9,ORAL
è,NOUN,ROOT,SEN:74,test_9,ORAL
t,NOUN,ROOT,SEN:75,test_9,ORAL
r,NOUN,ROOT,SEN:76,test_9,ORAL
e,DET,ROOT,SEN:77,test_9,ORAL
s,ADP,ROOT,SEN:78,test_9,ORAL
.,PUNCT,ROOT,SEN:79,test_9,ORAL
A,NOUN,ROOT,SEN:0,test_10,ORAL
p,NOUN,ROOT,SEN:1,test_10,ORAL
r,NOUN,ROOT,SEN:2,test_10,ORAL
è,NOUN,ROOT,SEN:3,test_10,ORAL
s,ADP,ROOT,SEN:4,test_10,ORAL
 ,SPACE,ROOT,SEN:5,test_10,ORAL
u,NOUN,ROOT,SEN:6,test_10,ORAL
n,NOUN,ROOT,SEN:7,test_10,ORAL
 ,SPACE,ROOT,SEN:8,test_10,ORAL
t,NOUN,ROOT,SEN:9,test_10,ORAL
r,NOUN,ROOT,SEN:10,test_10,ORAL
a,AUX,ROOT,SEN:11,test_10,ORAL
j,NOUN,ROOT,SEN:12,test_10,ORAL
e,DET,ROOT,SEN:13,test_10,ORAL
t,NOUN,ROOT,SEN:14,test_10,ORAL
 ,SPACE,ROOT,SEN:15,test_10,ORAL
e,DET,ROOT,SEN:16,test_10,ORAL
n,NOUN,ROOT,SEN:17,test_10,ORAL
 ,SPACE,ROOT,SEN:18,test_10,ORAL
b,NOUN,ROOT,SEN:19,test_10,ORAL
u,NOUN,ROOT,SEN:20,test_10,ORAL
s,ADP,ROOT,SEN:21,test_10,ORAL
",",PUNCT,ROOT,SEN:22,test_10,ORAL
 ,SPACE,ROOT,SEN:23,test_10,ORAL
i,ADJ,ROOT,SEN:24,test_10,ORAL
l,NOUN,ROOT,SEN:25,test_10,ORAL
 ,SPACE,ROOT,SEN:26,test_10,ORAL
e,DET,ROOT,SEN:27,test_10,ORAL
s,ADP,ROOT,SEN:28,test_10,ORAL
t,NOUN,ROOT,SEN:29,test_10,ORAL
 ,SPACE,ROOT,SEN:30,test_10,ORAL
h,NOUN,ROOT,SEN:31,test_10,ORAL
e,DET,ROOT,SEN:32,test_10,ORAL
u,NOUN,ROOT,SEN:33,test_10,ORAL
r,NOUN,ROOT,SEN:34,test_10,ORAL
e,DET,ROOT,SEN:35,test_10,ORAL
u,NOUN,ROOT,SEN:36,test_10,ORAL
x,NOUN,ROOT,SEN:37,test_10,ORAL
 ,SPACE,ROOT,SEN:38,test_10,ORAL
d,NOUN,ROOT,SEN:39,test_10,ORAL
e,DET,ROOT,SEN:40,test_10,ORAL
 ,SPACE,ROOT,SEN:41,test_10,ORAL
r,NOUN,ROOT,SEN:42,test_10,ORAL
e,DET,ROOT,SEN:43,test_10,ORAL
t,NOUN,ROOT,SEN:44,test_10,ORAL
r,NOUN,ROOT,SEN:45,test_10,ORAL
o,NOUN,ROOT,SEN:46,test_10,ORAL
u,NOUN,ROOT,SEN:47,test_10,ORAL
v,NOUN,ROOT,SEN:48,test_10,ORAL
e,DET,ROOT,SEN:49,test_10,ORAL
r,NOUN,ROOT,SEN:50,test_10,ORAL
 ,SPACE,ROOT,SEN:51,test_10,ORAL
l,NOUN,ROOT,SEN:52,test_10,ORAL
a,AUX,ROOT,SEN:53,test_10,ORAL
 ,SPACE,ROOT,SEN:54,test_10,ORAL
m,NOUN,ROOT,SEN:55,test_10,ORAL
e,DET,ROOT,SEN:56,test_10,ORAL
r,NOUN,ROOT,SEN:57,test_10,ORAL
.,PUNCT,ROOT,SEN:58,test_10,ORAL
I,ADJ,ROOT,SEN:0,test_11,ORAL
l,NOUN,ROOT,SEN:1,test_11,ORAL
 ,SPACE,ROOT,SEN:2,test_11,ORAL
e,DET,ROOT,SEN:3,test_11,ORAL
n,NOUN,ROOT,SEN:4,test_11,ORAL
l,NOUN,ROOT,SEN:5,test_11,ORAL
è,NOUN,ROOT,SEN:6,test_11,ORAL
v,NOUN,ROOT,SEN:7,test_11,ORAL
e,DET,ROOT,SEN:8,test_11,ORAL
 ,SPACE,ROOT,SEN:9,test_11,ORAL
(,PUNCT,ROOT,SEN:10,test_11,ORAL
n,NOUN,ROOT,SEN:11,test_11,ORAL
e,DET,ROOT,SEN:12,test_11,ORAL
 ,SPACE,ROOT,SEN:13,test_11,ORAL
g,NOUN,ROOT,SEN:14,test_11,ORAL
a,AUX,ROOT,SEN:15,test_11,ORAL
r,NOUN,ROOT,SEN:16,test_11,ORAL
d,NOUN,ROOT,SEN:17,test_11,ORAL
e,DET,ROOT,SEN:18,test_11,ORAL
 ,SPACE,ROOT,SEN:19,test_11,ORAL
p,NOUN,ROOT,SEN:20,test_11,ORAL
a,AUX,ROOT,SEN:21,test_11,ORAL
s,ADP,ROOT,SEN:22,test_11,ORAL
),PUNCT,ROOT,SEN:23,test_11,ORAL
 ,SPACE,ROOT,SEN:24,test_11,ORAL
s,ADP,ROOT,SEN:25,test_11,ORAL
e,DET,ROOT,SEN:26,test_11,ORAL
s,ADP,ROOT,SEN:27,test_11,ORAL
 ,SPACE,ROOT,SEN:28,test_11,ORAL
c,NOUN,ROOT,SEN:29,test_11,ORAL
h,NOUN,ROOT,SEN:30,test_11,ORAL
a,AUX,ROOT,SEN:31,test_11,ORAL
u,NOUN,ROOT,SEN:32,test_11,ORAL
s,ADP,ROOT,SEN:33,test_11,ORAL
s,ADP,ROOT,SEN:34,test_11,ORAL
u,NOUN,ROOT,SEN:35,test_11,ORAL
r,NOUN,ROOT,SEN:36,test_11,ORAL
e,DET,ROOT,SEN:37,test_11,ORAL
s,ADP,ROOT,SEN:38,test_11,ORAL
 ,SPACE,ROOT,SEN:39,test_11,ORAL
e,DET,ROOT,SEN:40,test_11,ORAL
t,NOUN,ROOT,SEN:41,test_11,ORAL
 ,SPACE,ROOT,SEN:42,test_11,ORAL
m,NOUN,ROOT,SEN:43,test_11,ORAL
a,AUX,ROOT,SEN:44,test_11,ORAL
r,NOUN,ROOT,SEN:45,test_11,ORAL
c,NOUN,ROOT,SEN:46,test_11,ORAL
h,NOUN,ROOT,SEN:47,test_11,ORAL
e,DET,ROOT,SEN:48,test_11,ORAL
 ,SPACE,ROOT,SEN:49,test_11,ORAL
l,NOUN,ROOT,SEN:50,test_11,ORAL
o,NOUN,ROOT,SEN:51,test_11,ORAL
n,NOUN,ROOT,SEN:52,test_11,ORAL
g,NOUN,ROOT,SEN:53,test_11,ORAL
t,NOUN,ROOT,SEN:54,test_11,ORAL
e,DET,ROOT,SEN:55,test_11,ORAL
m,NOUN,ROOT,SEN:56,test_11,ORAL
p,NOUN,ROOT,SEN:57,test_11,ORAL
s,ADP,ROOT,SEN:58,test_11,ORAL
 ,SPACE,ROOT,SEN:59,test_11,ORAL
a,AUX,ROOT,SEN:60,test_11,ORAL
u,NOUN,ROOT,SEN:61,test_11,ORAL
 ,SPACE,ROOT,SEN:62,test_11,ORAL
b,NOUN,ROOT,SEN:63,test_11,ORAL
o,NOUN,ROOT,SEN:64,test_11,ORAL
r,NOUN,ROOT,SEN:65,test_11,ORAL
d,NOUN,ROOT,SEN:66,test_11,ORAL
 ,SPACE,ROOT,SEN:67,test_11,ORAL
d,NOUN,ROOT,SEN:68,test_11,ORAL
e,DET,ROOT,SEN:69,test_11,ORAL
 ,SPACE,ROOT,SEN:70,test_11,ORAL
l,NOUN,ROOT,SEN:71,test_11,ORAL
',PUNCT,ROOT,SEN:72,test_11,ORAL
e,DET,ROOT,SEN:73,test_11,ORAL
a,AUX,ROOT,SEN:74,test_11,ORAL
u,NOUN,ROOT,SEN:75,test_11,ORAL
.,PUNCT,ROOT,SEN:76,test_11,ORAL
L,NOUN,ROOT,SEN:0,test_12,ORAL
a,AUX,ROOT,SEN:1,test_12,ORAL
 ,SPACE,ROOT,SEN:2,test_12,ORAL
p,NOUN,ROOT,SEN:3,test_12,ORAL
l,NOUN,ROOT,SEN:4,test_12,ORAL
a,AUX,ROOT,SEN:5,test_12,ORAL
g,NOUN,ROOT,SEN:6,test_12,ORAL
e,DET,ROOT,SEN:7,test_12,ORAL
 ,SPACE,ROOT,SEN:8,test_12,ORAL
e,DET,ROOT,SEN:9,test_12,ORAL
s,ADP,ROOT,SEN:10,test_12,ORAL
t,NOUN,ROOT,SEN:11,test_12,ORAL
 ,SPACE,ROOT,SEN:12,test_12,ORAL
p,NOUN,ROOT,SEN:13,test_12,ORAL
l,NOUN,ROOT,SEN:14,test_12,ORAL
e,DET,ROOT,SEN:15,test_12,ORAL
i,ADJ,ROOT,SEN:16,test_12,ORAL
n,NOUN,ROOT,SEN:17,test_12,ORAL
e,DET,ROOT,SEN:18,test_12,ORAL
 ,SPACE,ROOT,SEN:19,test_12,ORAL
d,NOUN,ROOT,SEN:20,test_12,ORAL
e,DET,ROOT,SEN:21,test_12,ORAL
 ,SPACE,ROOT,SEN:22,test_12,ORAL
M,NOUN,ROOT,SEN:23,test_12,ORAL
a,AUX,ROOT,SEN:24,test_12,ORAL
r,NOUN,ROOT,SEN:25,test_12,ORAL
s,ADP,ROOT,SEN:26,test_12,ORAL
e,DET,ROOT,SEN:27,test_12,ORAL
i,ADJ,ROOT,SEN:28,test_12,ORAL
l,NOUN,ROOT,SEN:29,test_12,ORAL
l,NOUN,ROOT,SEN:30,test_12,ORAL
a,AUX,ROOT,SEN:31,test_12,ORAL
i,ADJ,ROOT,SEN:32,test_12,ORAL
s,ADP,ROOT,SEN:33,test_12,ORAL
 ,SPACE,ROOT,SEN:34,test_12,ORAL
e,DET,ROOT,SEN:35,test_12,ORAL
t,NOUN,ROOT,SEN:36,test_12,ORAL
 ,SPACE,ROOT,SEN:37,test_12,ORAL
d,NOUN,ROOT,SEN:38,test_12,ORAL
e,DET,ROOT,SEN:39,test_12,ORAL
 ,SPACE,ROOT,SEN:40,test_12,ORAL
t,NOUN,ROOT,SEN:41,test_12,ORAL
o,NOUN,ROOT,SEN:42,test_12,ORAL
u,NOUN,ROOT,SEN:43,test_12,ORAL
r,NOUN,ROOT,SEN:44,test_12,ORAL
i,ADJ,ROOT,SEN:45,test_12,ORAL
s,ADP,ROOT,SEN:46,test_12,ORAL
t,NOUN,ROOT,SEN:47,test_12,ORAL
e,DET,ROOT,SEN:48,test_12,ORAL
s,ADP,ROOT,SEN:49,test_12,ORAL
.,PUNCT,ROOT,SEN:50,test_12,ORAL
C,NOUN,ROOT,SEN:0,test_13,ORAL
',PUNCT,ROOT,SEN:1,test_13,ORAL
e,DET,ROOT,SEN:2,test_13,ORAL
s,ADP,ROOT,SEN:3,test_13,ORAL
t,NOUN,ROOT,SEN:4,test_13,ORAL
 ,SPACE,ROOT,SEN:5,test_13,ORAL
v,NOUN,ROOT,SEN:6,test_13,ORAL
r,NOUN,ROOT,SEN:7,test_13,ORAL
a,AUX,ROOT,SEN:8,test_13,ORAL
i,ADJ,ROOT,SEN:9,test_13,ORAL
m,NOUN,ROOT,SEN:10,test_13,ORAL
e,DET,ROOT,SEN:11,test_13,ORAL
n,NOUN,ROOT,SEN:12,test_13,ORAL
t,NOUN,ROOT,SEN:13,test_13,ORAL
 ,SPACE,ROOT,SEN:14,test_13,ORAL
g,NOUN,ROOT,SEN:15,test_13,ORAL
é,NOUN,ROOT,SEN:16,test_13,ORAL
n,NOUN,ROOT,SEN:17,test_13,ORAL
i,ADJ,ROOT,SEN:18,test_13,ORAL
a,AUX,ROOT,SEN:19,test_13,ORAL
l,NOUN,ROOT,SEN:20,test_13,ORAL
 ,SPACE,ROOT,SEN:21,test_13,ORAL
d,NOUN,ROOT,SEN:22,test_13,ORAL
',PUNCT,ROOT,SEN:23,test_13,ORAL
ê,DET,ROOT,SEN:24,test_13,ORAL
t,NOUN,ROOT,SEN:25,test_13,ORAL
r,NOUN,ROOT,SEN:26,test_13,ORAL
e,DET,ROOT,SEN:27,test_13,ORAL
 ,SPACE,ROOT,SEN:28,test_13,ORAL
e,DET,ROOT,SEN:29,test_13,ORAL
n,NOUN,ROOT,SEN:30,test_13,ORAL
 ,SPACE,ROOT,SEN:31,test_13,ORAL
v,NOUN,ROOT,SEN:32,test_13,ORAL
i,ADJ,ROOT,SEN:33,test_13,ORAL
l,NOUN,ROOT,SEN:34,test_13,ORAL
l,NOUN,ROOT,SEN:35,test_13,ORAL
e,DET,ROOT,SEN:36,test_13,ORAL
 ,SPACE,ROOT,SEN:37,test_13,ORAL
e,DET,ROOT,SEN:38,test_13,ORAL
t,NOUN,ROOT,SEN:39,test_13,ORAL
 ,SPACE,ROOT,SEN:40,test_13,ORAL
d,NOUN,ROOT,SEN:41,test_13,ORAL
',PUNCT,ROOT,SEN:42,test_13,ORAL
a,AUX,ROOT,SEN:43,test_13,ORAL
v,NOUN,ROOT,SEN:44,test_13,ORAL
o,NOUN,ROOT,SEN:45,test_13,ORAL
i,ADJ,ROOT,SEN:46,test_13,ORAL
r,NOUN,ROOT,SEN:47,test_13,ORAL
 ,SPACE,ROOT,SEN:48,test_13,ORAL
l,NOUN,ROOT,SEN:49,test_13,ORAL
e,DET,ROOT,SEN:50,test_13,ORAL
s,ADP,ROOT,SEN:51,test_13,ORAL
 ,SPACE,ROOT,SEN:52,test_13,ORAL
m,NOUN,ROOT,SEN:53,test_13,ORAL
o,NOUN,ROOT,SEN:54,test_13,ORAL
n,NOUN,ROOT,SEN:55,test_13,ORAL
u,NOUN,ROOT,SEN:56,test_13,ORAL
m,NOUN,ROOT,SEN:57,test_13,ORAL
e,DET,ROOT,SEN:58,test_13,ORAL
n,NOUN,ROOT,SEN:59,test_13,ORAL
t,NOUN,ROOT,SEN:60,test_13,ORAL
s,ADP,ROOT,SEN:61,test_13,ORAL
",",PUNCT,ROOT,SEN:62,test_13,ORAL
 ,SPACE,ROOT,SEN:63,test_13,ORAL
l,NOUN,ROOT,SEN:64,test_13,ORAL
e,DET,ROOT,SEN:65,test_13,ORAL
s,ADP,ROOT,SEN:66,test_13,ORAL
 ,SPACE,ROOT,SEN:67,test_13,ORAL
m,NOUN,ROOT,SEN:68,test_13,ORAL
u,NOUN,ROOT,SEN:69,test_13,ORAL
s,ADP,ROOT,SEN:70,test_13,ORAL
é,NOUN,ROOT,SEN:71,test_13,ORAL
e,DET,ROOT,SEN:72,test_13,ORAL
s,ADP,ROOT,SEN:73,test_13,ORAL
 ,SPACE,ROOT,SEN:74,test_13,ORAL
e,DET,ROOT,SEN:75,test_13,ORAL
t,NOUN,ROOT,SEN:76,test_13,ORAL
 ,SPACE,ROOT,SEN:77,test_13,ORAL
l,NOUN,ROOT,SEN:78,test_13,ORAL
a,AUX,ROOT,SEN:79,test_13,ORAL
 ,SPACE,ROOT,SEN:80,test_13,ORAL
p,NOUN,ROOT,SEN:81,test_13,ORAL
l,NOUN,ROOT,SEN:82,test_13,ORAL
a,AUX,ROOT,SEN:83,test_13,ORAL
g,NOUN,ROOT,SEN:84,test_13,ORAL
e,DET,ROOT,SEN:85,test_13,ORAL
 ,SPACE,ROOT,SEN:86,test_13,ORAL
a,AUX,ROOT,SEN:87,test_13,ORAL
u,NOUN,ROOT,SEN:88,test_13,ORAL
 ,SPACE,ROOT,SEN:89,test_13,ORAL
m,NOUN,ROOT,SEN:90,test_13,ORAL
ê,DET,ROOT,SEN:91,test_13,ORAL
m,NOUN,ROOT,SEN:92,test_13,ORAL
e,DET,ROOT,SEN:93,test_13,ORAL
 ,SPACE,ROOT,SEN:94,test_13,ORAL
e,DET,ROOT,SEN:95,test_13,ORAL
n,NOUN,ROOT,SEN:96,test_13,ORAL
d,NOUN,ROOT,SEN:97,test_13,ORAL
r,NOUN,ROOT,SEN:98,test_13,ORAL
o,NOUN,ROOT,SEN:99,test_13,ORAL
i,ADJ,ROOT,SEN:100,test_13,ORAL
t,NOUN,ROOT,SEN:101,test_13,ORAL
 ,SPACE,ROOT,SEN:102,test_13,ORAL
!,PUNCT,ROOT,SEN:103,test_13,ORAL
J,NOUN,ROOT,SEN:0,test_14,ORAL
a,AUX,ROOT,SEN:1,test_14,ORAL
s,ADP,ROOT,SEN:2,test_14,ORAL
o,NOUN,ROOT,SEN:3,test_14,ORAL
n,NOUN,ROOT,SEN:4,test_14,ORAL
 ,SPACE,ROOT,SEN:5,test_14,ORAL
a,AUX,ROOT,SEN:6,test_14,ORAL
 ,SPACE,ROOT,SEN:7,test_14,ORAL
t,NOUN,ROOT,SEN:8,test_14,ORAL
r,NOUN,ROOT,SEN:9,test_14,ORAL
è,NOUN,ROOT,SEN:10,test_14,ORAL
s,ADP,ROOT,SEN:11,test_14,ORAL
 ,SPACE,ROOT,SEN:12,test_14,ORAL
f,NOUN,ROOT,SEN:13,test_14,ORAL
a,AUX,ROOT,SEN:14,test_14,ORAL
i,ADJ,ROOT,SEN:15,test_14,ORAL
m,NOUN,ROOT,SEN:16,test_14,ORAL
 ,SPACE,ROOT,SEN:17,test_14,ORAL
e,DET,ROOT,SEN:18,test_14,ORAL
t,NOUN,ROOT,SEN:19,test_14,ORAL
 ,SPACE,ROOT,SEN:20,test_14,ORAL
c,NOUN,ROOT,SEN:21,test_14,ORAL
h,NOUN,ROOT,SEN:22,test_14,ORAL
e,DET,ROOT,SEN:23,test_14,ORAL
r,NOUN,ROOT,SEN:24,test_14,ORAL
c,NOUN,ROOT,SEN:25,test_14,ORAL
h,NOUN,ROOT,SEN:26,test_14,ORAL
e,DET,ROOT,SEN:27,test_14,ORAL
 ,SPACE,ROOT,SEN:28,test_14,ORAL
u,NOUN,ROOT,SEN:29,test_14,ORAL
n,NOUN,ROOT,SEN:30,test_14,ORAL
 ,SPACE,ROOT,SEN:31,test_14,ORAL
r,NOUN,ROOT,SEN:32,test_14,ORAL
e,DET,ROOT,SEN:33,test_14,ORAL
s,ADP,ROOT,SEN:34,test_14,ORAL
t,NOUN,ROOT,SEN:35,test_14,ORAL
a,AUX,ROOT,SEN:36,test_14,ORAL
u,NOUN,ROOT,SEN:37,test_14,ORAL
r,NOUN,ROOT,SEN:38,test_14,ORAL
a,AUX,ROOT,SEN:39,test_14,ORAL
n,NOUN,ROOT,SEN:40,test_14,ORAL
t,NOUN,ROOT,SEN:41,test_14,ORAL
.,PUNCT,ROOT,SEN:42,test_14,ORAL
I,ADJ,ROOT,SEN:0,test_15,ORAL
l,NOUN,ROOT,SEN:1,test_15,ORAL
 ,SPACE,ROOT,SEN:2,test_15,ORAL
f,NOUN,ROOT,SEN:3,test_15,ORAL
i,ADJ,ROOT,SEN:4,test_15,ORAL
n,NOUN,ROOT,SEN:5,test_15,ORAL
i,ADJ,ROOT,SEN:6,test_15,ORAL
t,NOUN,ROOT,SEN:7,test_15,ORAL
 ,SPACE,ROOT,SEN:8,test_15,ORAL
s,ADP,ROOT,SEN:9,test_15,ORAL
a,AUX,ROOT,SEN:10,test_15,ORAL
 ,SPACE,ROOT,SEN:11,test_15,ORAL
v,NOUN,ROOT,SEN:12,test_15,ORAL
i,ADJ,ROOT,SEN:13,test_15,ORAL
s,ADP,ROOT,SEN:14,test_15,ORAL
i,ADJ,ROOT,SEN:15,test_15,ORAL
t,NOUN,ROOT,SEN:16,test_15,ORAL
e,DET,ROOT,SEN:17,test_15,ORAL
 ,SPACE,ROOT,SEN:18,test_15,ORAL
d,NOUN,ROOT,SEN:19,test_15,ORAL
e,DET,ROOT,SEN:20,test_15,ORAL
v,NOUN,ROOT,SEN:21,test_15,ORAL
a,AUX,ROOT,SEN:22,test_15,ORAL
n,NOUN,ROOT,SEN:23,test_15,ORAL
t,NOUN,ROOT,SEN:24,test_15,ORAL
 ,SPACE,ROOT,SEN:25,test_15,ORAL
u,NOUN,ROOT,SEN:26,test_15,ORAL
n,NOUN,ROOT,SEN:27,test_15,ORAL
e,DET,ROOT,SEN:28,test_15,ORAL
 ,SPACE,ROOT,SEN:29,test_15,ORAL
a,AUX,ROOT,SEN:30,test_15,ORAL
s,ADP,ROOT,SEN:31,test_15,ORAL
s,ADP,ROOT,SEN:32,test_15,ORAL
i,ADJ,ROOT,SEN:33,test_15,ORAL
e,DET,ROOT,SEN:34,test_15,ORAL
t,NOUN,ROOT,SEN:35,test_15,ORAL
t,NOUN,ROOT,SEN:36,test_15,ORAL
e,DET,ROOT,SEN:37,test_15,ORAL
 ,SPACE,ROOT,SEN:38,test_15,ORAL
d,NOUN,ROOT,SEN:39,test_15,ORAL
e,DET,ROOT,SEN:40,test_15,ORAL
 ,SPACE,ROOT,SEN:41,test_15,ORAL
b,NOUN,ROOT,SEN:42,test_15,ORAL
o,NOUN,ROOT,SEN:43,test_15,ORAL
u,NOUN,ROOT,SEN:44,test_15,ORAL
i,ADJ,ROOT,SEN:45,test_15,ORAL
l,NOUN,ROOT,SEN:46,test_15,ORAL
l,NOUN,ROOT,SEN:47,test_15,ORAL
a,AUX,ROOT,SEN:48,test_15,ORAL
b,NOUN,ROOT,SEN:49,test_15,ORAL
a,AUX,ROOT,SEN:50,test_15,ORAL
i,ADJ,ROOT,SEN:51,test_15,ORAL
s,ADP,ROOT,SEN:52,test_15,ORAL
s,ADP,ROOT,SEN:53,test_15,ORAL
e,DET,ROOT,SEN:54,test_15,ORAL
.,PUNCT,ROOT,SEN:55,test_15,ORAL
C,NOUN,ROOT,SEN:0,test_16,ORAL
',PUNCT,ROOT,SEN:1,test_16,ORAL
e,DET,ROOT,SEN:2,test_16,ORAL
s,ADP,ROOT,SEN:3,test_16,ORAL
t,NOUN,ROOT,SEN:4,test_16,ORAL
 ,SPACE,ROOT,SEN:5,test_16,ORAL
u,NOUN,ROOT,SEN:6,test_16,ORAL
n,NOUN,ROOT,SEN:7,test_16,ORAL
e,DET,ROOT,SEN:8,test_16,ORAL
 ,SPACE,ROOT,SEN:9,test_16,ORAL
s,ADP,ROOT,SEN:10,test_16,ORAL
o,NOUN,ROOT,SEN:11,test_16,ORAL
u,NOUN,ROOT,SEN:12,test_16,ORAL
p,NOUN,ROOT,SEN:13,test_16,ORAL
e,DET,ROOT,SEN:14,test_16,ORAL
 ,SPACE,ROOT,SEN:15,test_16,ORAL
d,NOUN,ROOT,SEN:16,test_16,ORAL
e,DET,ROOT,SEN:17,test_16,ORAL
 ,SPACE,ROOT,SEN:18,test_16,ORAL
p,NOUN,ROOT,SEN:19,test_16,ORAL
o,NOUN,ROOT,SEN:20,test_16,ORAL
i,ADJ,ROOT,SEN:21,test_16,ORAL
s,ADP,ROOT,SEN:22,test_16,ORAL
s,ADP,ROOT,SEN:23,test_16,ORAL
o,NOUN,ROOT,SEN:24,test_16,ORAL
n,NOUN,ROOT,SEN:25,test_16,ORAL
s,ADP,ROOT,SEN:26,test_16,ORAL
",",PUNCT,ROOT,SEN:27,test_16,ORAL
 ,SPACE,ROOT,SEN:28,test_16,ORAL
s,ADP,ROOT,SEN:29,test_16,ORAL
p,NOUN,ROOT,SEN:30,test_16,ORAL
é,NOUN,ROOT,SEN:31,test_16,ORAL
c,NOUN,ROOT,SEN:32,test_16,ORAL
i,ADJ,ROOT,SEN:33,test_16,ORAL
a,AUX,ROOT,SEN:34,test_16,ORAL
l,NOUN,ROOT,SEN:35,test_16,ORAL
i,ADJ,ROOT,SEN:36,test_16,ORAL
t,NOUN,ROOT,SEN:37,test_16,ORAL
é,NOUN,ROOT,SEN:38,test_16,ORAL
 ,SPACE,ROOT,SEN:39,test_16,ORAL
d,NOUN,ROOT,SEN:40,test_16,ORAL
e,DET,ROOT,SEN:41,test_16,ORAL
 ,SPACE,ROOT,SEN:42,test_16,ORAL
M,NOUN,ROOT,SEN:43,test_16,ORAL
a,AUX,ROOT,SEN:44,test_16,ORAL
r,NOUN,ROOT,SEN:45,test_16,ORAL
s,ADP,ROOT,SEN:46,test_16,ORAL
e,DET,ROOT,SEN:47,test_16,ORAL
i,ADJ,ROOT,SEN:48,test_16,ORAL
l,NOUN,ROOT,SEN:49,test_16,ORAL
l,NOUN,ROOT,SEN:50,test_16,ORAL
e,DET,ROOT,SEN:51,test_16,ORAL
.,PUNCT,ROOT,SEN:52,test_16,ORAL
B,NOUN,ROOT,SEN:0,test_17,ORAL
o,NOUN,ROOT,SEN:1,test_17,ORAL
n,NOUN,ROOT,SEN:2,test_17,ORAL
 ,SPACE,ROOT,SEN:3,test_17,ORAL
a,AUX,ROOT,SEN:4,test_17,ORAL
p,NOUN,ROOT,SEN:5,test_17,ORAL
p,NOUN,ROOT,SEN:6,test_17,ORAL
é,NOUN,ROOT,SEN:7,test_17,ORAL
t,NOUN,ROOT,SEN:8,test_17,ORAL
i,ADJ,ROOT,SEN:9,test_17,ORAL
t,NOUN,ROOT,SEN:10,test_17,ORAL
",",PUNCT,ROOT,SEN:11,test_17,ORAL
 ,SPACE,ROOT,SEN:12,test_17,ORAL
J,NOUN,ROOT,SEN:13,test_17,ORAL
a,AUX,ROOT,SEN:14,test_17,ORAL
s,ADP,ROOT,SEN:15,test_17,ORAL
o,NOUN,ROOT,SEN:16,test_17,ORAL
n,NOUN,ROOT,SEN:17,test_17,ORAL
 ,SPACE,ROOT,SEN:18,test_17,ORAL
!,PUNCT,ROOT,SEN:19,test_17,ORAL
