Eh bien tu as tort : le meilleur moyen de saboter une bonne cause consiste à la défendre avec de mauvais arguments .,SEN:0,cmr-wiki-c001-a54-0,LIT
"Et la "" cause humaine "" exige justement que l' on traite les gens humainement , c' est à dire en fonction de leurs capacités .",SEN:1,cmr-wiki-c001-a54-1,LIT
Encore faut -il,SEN:2,cmr-wiki-c001-a54-2,ORAL
pour cela les mesurer .,SEN:3,cmr-wiki-c001-a54-3,ORAL
"Inadmissible , scandaleux , inqualifiable !",SEN:0,cmr-wiki-c001-a55-0,ORAL
Léon66 ( d ) 15 octobre 2009 à 16:49 ( CEST ),SEN:1,cmr-wiki-c001-a55-1,ORAL
"La base 100 se définit sur la moyenne d' une population donnée ( en général celle d' un pays , puisque les tests sont étalonnés dans chaque pays ) .",SEN:0,cmr-wiki-c001-a56-0,LIT
Que dans ces pays des sous-ensemble,SEN:1,cmr-wiki-c001-a56-1,ORAL
"de population ( et non des populations comme tu l' indiques ) aient des moyennes différentes , c' est là une banalité .",SEN:2,cmr-wiki-c001-a56-2,LIT
"Non seulement le QI moyen des docteurs en physique n' a aucune raison d' être de 100 , mais il a bien au contraire toutes les raisons de ne pas l' être , car les calculs de mécanique quantique demandent une sacrée gymnastique intellectuelle qui n' est pas forcément du goût - ni même à la portée - de tout le monde .",SEN:3,cmr-wiki-c001-a56-3,LIT
"Enfin , la phrénologie est un autre sujet , historique , celui -là ,",SEN:4,cmr-wiki-c001-a56-4,LIT
et sans rapport aucun avec les mesures de QI 212.198.146.203,SEN:5,cmr-wiki-c001-a56-5,LIT
( d ) 14 mars 2009 à 06:41 ( CET ),SEN:6,cmr-wiki-c001-a56-6,ORAL
L' article citait autrefois un procès contre un pollueur où des statistiques sur le QI des enfants de la régin polluée faisaient apparaître une diminution en dix ans qui avait été utilisée pour faire condamner le pollueur .,SEN:0,cmr-wiki-c001-a57-0,LIT
J' en cherche la référence .,SEN:1,cmr-wiki-c001-a57-1,ORAL
Quelqu' un sait -il,SEN:2,cmr-wiki-c001-a57-2,ORAL
où elle est passée ?,SEN:3,cmr-wiki-c001-a57-3,ORAL
"Je sais que "" Le journal de la santé "" en avait largement parlé à une époque , mais cela ne me donne pas le nom du pollueur , ni de l' agent polluant incriminé , ni le lieu et la date du procès .",SEN:4,cmr-wiki-c001-a57-4,LIT
Quel est l' intérêt exact de faire disparaître des références d' une encyclopédie ?,SEN:5,cmr-wiki-c001-a57-5,LIT
212.198.139.69,SEN:6,cmr-wiki-c001-a57-6,LIT
( d ) 8 avril 2008 à 17:49 ( CEST ),SEN:7,cmr-wiki-c001-a57-7,ORAL
Contribution mineure : j' ai ajouté un lien externe vers des explications sur les différents tests de QI Leidja 21 avr 2007 à 20:23 ( HAE ),SEN:0,cmr-wiki-c001-a58-0,LIT
""" Georges W.",SEN:0,cmr-wiki-c001-a59-0,ORAL
"Bush aurait un QI de 91 [ ... ] . """,SEN:1,cmr-wiki-c001-a59-1,ORAL
"Je me permets d' enlever cette affirmation ; il s' agit en effet d' une intox qui remonte maintenant à 2001 , comme on peut le constater en lisant cette page .",SEN:2,cmr-wiki-c001-a59-2,LIT
"En ce qui concerne Madonna , le lien donné comme source ne vaut pas un kopeck : "" 91 pour George W.",SEN:3,cmr-wiki-c001-a59-3,LIT
"Bush , 140 pour Madonna , paraît -il . "" ...",SEN:4,cmr-wiki-c001-a59-4,ORAL
"Je ne suis pas en mesure d' infirmer en ce qui concerne Madonna , donc je ne supprime pas , mais une référence serait la bienvenue .",SEN:5,cmr-wiki-c001-a59-5,LIT
--SniperMaské ( d ) 30 avril 2008 à 00:12 ( CEST ),SEN:6,cmr-wiki-c001-a59-6,LIT
Je serais favorable de virer le paragraphe sur l' étude de Catherine Morris Cox sur le QI de Goethe .,SEN:0,cmr-wiki-c001-a60-0,LIT
"En effet , la probabilité d' avoir un QI au moins égal à 210 est de 1 pour 8 000 millards ( si vous voulez faire le calcul sous excel : 1/(1-LOI.NORMALE(210;100;15;VRAI ) )",SEN:1,cmr-wiki-c001-a60-1,LIT
) .,SEN:2,cmr-wiki-c001-a60-2,ORAL
"Sachant qu' on estime à environ 80 milliards d' humains ayant vécus depuis l' origine , c' est très improbable !",SEN:3,cmr-wiki-c001-a60-3,LIT
http://www.insee.fr/fr/insee_regions/alsace/publi/chroniques_radio/pdf/81_evolution_nombre_hommes.pdf,SEN:4,cmr-wiki-c001-a60-4,LIT
Pierrelm ( d ) 4 juin 2008 à 22:19 ( CEST ),SEN:5,cmr-wiki-c001-a60-5,ORAL
"Je suis très curieux de savoir où vous avez trouvé votre probabilité d' avoir un QI>210 de 1 pour 8000 milliards , encore plus curieux de savoir quelles satistiques de "" psychologues "" ( ou coachs personnels , ou que sais -je )",SEN:0,cmr-wiki-c001-a61-0,LIT
ont servi de base à ce calcul .,SEN:1,cmr-wiki-c001-a61-1,ORAL
"Se baser sur du charlatanisme pour en faire ensuite des statistiques et des probabilités , on sait bien où ça mène .",SEN:2,cmr-wiki-c001-a61-2,LIT
"Mais dans l' absolu , il est vrai que cette anecdote sur Goethe n' a pas grand interet , tout comme la majorité de l' article , il faudrait s' en tenir à une analyse scientifique et factuelle des thèses d' Alfred Binet et consor .",SEN:3,cmr-wiki-c001-a61-3,LIT
11 juin 2008 à 18:59‎ ( CEST ),SEN:4,cmr-wiki-c001-a61-4,ORAL
La formule qui permet d' arriver au chiffre de 8000 milliards est décrite sous excel ou OpenOffice.org,SEN:0,cmr-wiki-c001-a62-0,LIT
Calc : 1/(1-LOI.NORMALE(210;100;15;VRAI ) .,SEN:1,cmr-wiki-c001-a62-1,LIT
"J' ai trouvé les paramètres 210 ( QI de Goethe ) , 100 ( QI moyen , Espérance d' une loi normale ) , 15 ( écart type arbitraire du QI standard ) dans ce même article .",SEN:2,cmr-wiki-c001-a62-2,LIT
"Ne connaissant pas votre niveau en mathématiques , je vous renvoie vers l' article Loi normale .",SEN:3,cmr-wiki-c001-a62-3,LIT
Pierrelm ( d ) 11 juin 2008 à 20:49 ( CEST ),SEN:4,cmr-wiki-c001-a62-4,ORAL
Vous avez calculé une probabilité alors que les données ne sont ni fiables ni scientifiques .,SEN:0,cmr-wiki-c001-a63-0,LIT
"Et si on vous dit que le beauté moyenne d' un individu est de 100 au test de QB ( Quotient de Beauté ) , et que Goethe était très beau avec un QB de 210 , est -ce",SEN:1,cmr-wiki-c001-a63-1,LIT
que vous allez aussi produire une probabilité sans même vous soucier de la validité de l' unité de mesure des QB pour mesurer la beauté ? Produire,SEN:2,cmr-wiki-c001-a63-2,LIT
"des statistiques ( puis en déduire des probabilités ) à partir de choses non scientifiques , pardon , mais ça n' a aucun interet .",SEN:3,cmr-wiki-c001-a63-3,LIT
"Le point de QI ce n' est pas une unité scientifiquement reconnue , ce ne sont pas des secondes , des mètres , des kilos , ou des hertz . On",SEN:4,cmr-wiki-c001-a63-4,LIT
"peut dire que Goethe avait un QI de 210 000 000 , aucune probabilité ne pourra contredire cette affirmation puisque l' unité de mesure à la base n' est pas fiable .",SEN:5,cmr-wiki-c001-a63-5,LIT
11 juin 2008 à 23:12 ( CEST ),SEN:6,cmr-wiki-c001-a63-6,ORAL
"Un test de QI est construit pour avoir certaines propriétés et mesurer quelquechose ( l' intelligence , le facteur g , peu importe ici ) .",SEN:0,cmr-wiki-c001-a64-0,LIT
"La conclusion logique si on considère que ce n' est pas fiable , c' est de ne pas utiliser le QI du tout , pas d' utiliser arbitrairement un chiffre improbable au regard de la définition du QI , non ?",SEN:1,cmr-wiki-c001-a64-1,LIT
GL ( d ) 11 juin 2008 à 23:31 ( CEST ),SEN:2,cmr-wiki-c001-a64-2,ORAL
Je suis d' accord .,SEN:0,cmr-wiki-c001-a65-0,ORAL
"Mais de toute façon , je ne met pas en cause le calcul de probabilité de Pierre , son calcul est sùrement correct , mais il aurait aussi bien pù le faire à partir de statistiques sur la température moyenne de barbatrucs en Nouvelle - Zélande ,",SEN:1,cmr-wiki-c001-a65-1,LIT
et le calcul aurait été aussi bon .,SEN:2,cmr-wiki-c001-a65-2,ORAL
"Tout ce que je veux dire c' est que produire des calculs à partir de thèses et de données peu fiables , ça peut donner l' impression de les valider scientifiquement .",SEN:3,cmr-wiki-c001-a65-3,LIT
11 juin 2008 à 23:44 ( CEST ),SEN:4,cmr-wiki-c001-a65-4,ORAL
"J' ai beaucoup de mal à vous suivre , le but de mon calcul de probabilité était justement de démontrer que la valeur de QI de 210 pour notre ami Goethe était , à mon goût , très farfelue !",SEN:0,cmr-wiki-c001-a66-0,LIT
Les valeurs de 100 pour la moyenne et de 15 pour l' écart type sont les valeurs de base du calcul de QI .,SEN:1,cmr-wiki-c001-a66-1,LIT
Pierrelm ( d ) 12 juin 2008 à 09:48 ( CEST ),SEN:2,cmr-wiki-c001-a66-2,ORAL
"Ce n' est pas le fait que Goethe aurait un QI de 210 qui est farfelu , c' est l' unité de valeur du QI ( et par extension le calcul de QI moyen ) qui sont non fiables .",SEN:0,cmr-wiki-c001-a67-0,LIT
12 juin 2008 à 13:36 ( CEST ),SEN:1,cmr-wiki-c001-a67-1,ORAL
"Le QI n' obeit pas nécessairement à une loi mathématique de façon indéfinie , c' est juste un paradigme qu' on applique sur des résultats et surtout à ce niveau non seulement le nombre de résultats disponible est trop faible pour donner une statistique mais en plus le test de QI deviendrait probablement invalide puisqu' il est fait pour mesurer ( tant bien que mal ) les intelligences normales .",SEN:0,cmr-wiki-c001-a68-0,LIT
Merci d' être sérieux : le QI mesuré par Catherine Cox indique comme il se doit le rapport entre l' âge auquel un enfant ordinaire sait faire différentes choses de la vie et l' âge auquel l' intéressé les a effectivement faites .,SEN:0,cmr-wiki-c001-a69-0,LIT
"Avec ce mode de calcul ( qui correspond bien à la définition originelle du QI ) , si Goethe a su lire à deux ans au lieu de quatre , pas étonnant qu' il ait eu ses 200 ou 210 ( et que dire de John Stuart Mill qui a commencé le , grec ancien à 3 ans ! ) .",SEN:1,cmr-wiki-c001-a69-1,LIT
"En revanche , le système actuel qui ne les rend opérationnels en lecture qu' à 6 ans au lieu de 4 pourait être légitimement accusé de fabriquer des QI de 66 .",SEN:2,cmr-wiki-c001-a69-2,LIT
Le dire n' est cependant peut-être,SEN:3,cmr-wiki-c001-a69-3,ORAL
pas politiquement correct .,SEN:4,cmr-wiki-c001-a69-4,ORAL
"Maintenant , une question concernant les « Quelques avis » : on n' en voit qu' un .",SEN:5,cmr-wiki-c001-a69-5,LIT
Qu' est -ce,SEN:6,cmr-wiki-c001-a69-6,ORAL
que les autres avaient de si terrible pour qu' on les escamote en douce ?,SEN:7,cmr-wiki-c001-a69-7,LIT
Y avait -t -il,SEN:8,cmr-wiki-c001-a69-8,ORAL
trop d' information dans cet article ?,SEN:9,cmr-wiki-c001-a69-9,ORAL
Y en a -t -il,SEN:10,cmr-wiki-c001-a69-10,ORAL
trop dans cette encyclopédie ?,SEN:11,cmr-wiki-c001-a69-11,LIT
François - Dominique,SEN:12,cmr-wiki-c001-a69-12,ORAL
( d ) 2 novembre 2008 à 22:20 ( CET ),SEN:13,cmr-wiki-c001-a69-13,ORAL
"Je suis surpris que la référence ; "" l' enfant à l' intelligence troublée "" par Bernard Gibello ( Païdos - Le centurion ) ne soit pas donnée en référence bibliographique , d' autant plus que ce livre va être réédité par Dunod en mai prochain .",SEN:0,cmr-wiki-c001-a70-0,LIT
"Je peux participer activement à la réécriture de l' article , qui en effet est déplorable , car rempl de présupposés idéologiques non discutés .",SEN:1,cmr-wiki-c001-a70-1,LIT
Comment fait -on,SEN:2,cmr-wiki-c001-a70-2,ORAL
?,SEN:3,cmr-wiki-c001-a70-3,ORAL
je n' ai pas compris Professeur Bernard Gibello GibelloB@aol.com,SEN:4,cmr-wiki-c001-a70-4,LIT
"L' article était en effet très neutre il y a à peu près un ou deux ans , et apparemment quelques contributeurs ont depuis cru utile d' ajouter des remarques "" bien pensantes "" ou "" politiquement correctes "" sans se donner la peine de les sourcer .",SEN:0,cmr-wiki-c001-a71-0,LIT
"Le plus simple à faire en pareil cas est de cliquer sur l' onglet "" Modifier "" et de faire ceci : : { { ref nec|ici , le passage qui n' est pas sourcé } } , ce qui écrira dans l' article : { { ref nec|ici , le passage qui n' est pas sourcé}}.",SEN:1,cmr-wiki-c001-a71-1,LIT
"Si personne ne peut en donner de référence valable ( c' est à dire autre chose qu' un blog personnel ) , le passage finira par disparaître jusqu' à ce que quelqu' un puisse en donner la source .",SEN:2,cmr-wiki-c001-a71-2,LIT
212.198.146.203,SEN:3,cmr-wiki-c001-a71-3,LIT
( d ) 14 mars 2009 à 06:33 ( CET ),SEN:4,cmr-wiki-c001-a71-4,ORAL
J' ai remarqué que de très nombreuses tentatives d' intégrer ces théories dans l' article quotient intellectuel ont été assez violemment effacées .,SEN:0,cmr-wiki-c001-a72-0,LIT
Non que j' aime profondément ces théories ( mes propres écrits parlent pour moi ) mais je me demande si nous ne trouvons pas dans un dilemme moral .,SEN:1,cmr-wiki-c001-a72-1,LIT
"En effet , ces théories certes très critiquées ont une base scientifique et sont reconnues par une partie de la communauté scientifique mais comment les présenter de manière neutre et objective .",SEN:2,cmr-wiki-c001-a72-2,LIT
"On m' objectera que c' est inutile et que l' on peut continuer à effacer inlassablement , jour après jour .",SEN:3,cmr-wiki-c001-a72-3,LIT
"Cependant les disciples ne désarment pas et et même si leur manière de présenter laisse à désirer , ce ne sera que reculer , rien , résoudre .",SEN:4,cmr-wiki-c001-a72-4,LIT
Que pensez -vous,SEN:5,cmr-wiki-c001-a72-5,ORAL
de cette situation ?,SEN:6,cmr-wiki-c001-a72-6,ORAL
--Hcrepin ( d ) 25 septembre 2009 à 10:15 ( CEST ),SEN:7,cmr-wiki-c001-a72-7,LIT
"Que la patience résoudra tout , mieux vaut une vérité désagréable qu' un mensonge qui plaît .",SEN:0,cmr-wiki-c001-a73-0,LIT
"Cependant , la vérité est souvent aussi insaisissable que le reflet de la Lune dans l' eau .",SEN:1,cmr-wiki-c001-a73-1,LIT
"Si la situation l' exige , il sera toujours possible de verrouiller l' article le temps que la sagesse s' installe .",SEN:2,cmr-wiki-c001-a73-2,LIT
-- Parthes ( d ) 2 octobre 2009 à 00:36 ( CEST ),SEN:3,cmr-wiki-c001-a73-3,LIT
--Parthes ( d ) 4 octobre 2009 à 00:09 ( CEST ),SEN:0,cmr-wiki-c001-a74-0,LIT
"Le lien entre race et rapidité , aussi vous voulez le publier ?",SEN:0,cmr-wiki-c001-a75-0,LIT
contre l' égalitarisme de la pensée de Darwin ?,SEN:1,cmr-wiki-c001-a75-1,LIT
etc ? ? ?,SEN:2,cmr-wiki-c001-a75-2,ORAL
Les travaux de Rushton me semblent au plus haut point contestable .,SEN:3,cmr-wiki-c001-a75-3,LIT
On dirait qu' il cherche ce qu' il veut trouver ....,SEN:4,cmr-wiki-c001-a75-4,LIT
et le trouve .,SEN:5,cmr-wiki-c001-a75-5,ORAL
"Les arrières pensées , et tout ce qu' il y a derrière cela ( je ne suis pas un spécialiste , mais un lecteur ) semble puant .",SEN:6,cmr-wiki-c001-a75-6,LIT
Les phrases rajoutées sur lui sont tout aussi arbitraires que celles ôtés ...,SEN:7,cmr-wiki-c001-a75-7,LIT
"et j' ai été personnellement choqué par les affirmations gratuites comme "" de gauche / de droite "" dès le début de l' article , que je pense tout à fait intempestives et parfaitement corrélées à la hauteur du QI du contributeur et aux théories raciales de Rushton .",SEN:8,cmr-wiki-c001-a75-8,LIT
Voir http://www.charlesdarwinresearch.org/Darwins%20Really%20Dangerous%20Idea%201999.pdf,SEN:9,cmr-wiki-c001-a75-9,LIT
http://www.psychology.uwo.ca/faculty/rushton_pubs.htm,SEN:10,cmr-wiki-c001-a75-10,LIT
"Si on veut parler de ces points : Recherche en cours , nature des oppositions au QI , on a intéret , me semble -t -il",SEN:11,cmr-wiki-c001-a75-11,LIT
a le faire dans un paragraphe ( ou deux ) à part .,SEN:12,cmr-wiki-c001-a75-12,LIT
"Et surtout à bien sourcer , de façon multiples et à éviter les propos de comptoir .",SEN:13,cmr-wiki-c001-a75-13,LIT
Jean de Parthenay ( d ) 5 octobre 2009 à 07:55 ( CEST ),SEN:14,cmr-wiki-c001-a75-14,LIT
"J' en ai marre mais MARRE qu' on se permette de supprimmer les informations centrales que j' ajoute sur ce post , sous prétexte qu' ils ne corresponde pas à l' idéologie marxiste de wikipédia ! ! !",SEN:0,cmr-wiki-c001-a76-0,LIT
"Quand je lis une femme qui écrit plus haut "" je me suis permis d' efface un article ( en l' occurrence le mien ) je suis partiale ?",SEN:1,cmr-wiki-c001-a76-1,LIT
"Oui complètement et j' assume , complètement favorable à la cause humaine "" Pour qui se prend -t -elle",SEN:2,cmr-wiki-c001-a76-2,LIT
? ? ?,SEN:3,cmr-wiki-c001-a76-3,ORAL
C' est ça la science ? ? ?,SEN:4,cmr-wiki-c001-a76-4,ORAL
"{ { non signé|Dumoulinb } } , le 30 septembre 2009 à 19:45",SEN:5,cmr-wiki-c001-a76-5,LIT
"Il y a certes un problème de respect mais il me semble bilatéral , je conçois votre réaction pour des suppressions pures et simples surtout sur des motifs idéologiques mais admettez tout de même que vous manquez tout autant de tolérance .",SEN:0,cmr-wiki-c001-a77-0,LIT
"il est demandé de laisser vire tous les points de vue et de développer les sujets , surtout polémiques , dans des articles séparés .",SEN:1,cmr-wiki-c001-a77-1,LIT
Vos réactions violentes et vos commentaires souvent puérils n' engagent pas à vous respecter .,SEN:2,cmr-wiki-c001-a77-2,LIT
Essayez de suivre les règles et de respecter les autres .,SEN:3,cmr-wiki-c001-a77-3,LIT
La version anglaise de cet article est beaucoup plus équilibrée sur ce point et nettement moins orientée que ce que vous cherchez à imposer .,SEN:4,cmr-wiki-c001-a77-4,LIT
"N' oubliez pas que Wikipédia est une communauté d' individus , le vivre ensemble commence par le respect et au vu de l' historique , je suppose que vous êtes l' anonyme qui a si souvent posté ce même contenu n' importe comment depuis des mois .",SEN:5,cmr-wiki-c001-a77-5,LIT
"j' observe une amélioration , il ne vous reste plus qu' à avoir une démarche scientifique et cela passera mieux .",SEN:6,cmr-wiki-c001-a77-6,LIT
Peut - être,SEN:7,cmr-wiki-c001-a77-7,ORAL
n' avez -vous,SEN:8,cmr-wiki-c001-a77-8,ORAL
"pas fait d' études , ce qui peut générer une certaine frustration mais vous ne devez pas vous en formaliser , ici tout le monde est à égalité , c' est la qualité de l' information et et sa présentation qui compte .",SEN:9,cmr-wiki-c001-a77-9,LIT
"Nous avons un devoir d' informer ET de neutralité de point de vue donc de laisser son contradicteur se loger contre notre propre opinion , dans le respect et la rigueur .",SEN:10,cmr-wiki-c001-a77-10,LIT
--Parthes ( d ) 2 octobre 2009 à 00:34 ( CEST ),SEN:11,cmr-wiki-c001-a77-11,LIT
Mais je vous emmerde espèce de grosse vache stalinienne .,SEN:0,cmr-wiki-c001-a78-0,LIT
"Je suis biologiste , allez donc terminer vos primaires arriéré prétentieux que vous êtes .",SEN:1,cmr-wiki-c001-a78-1,LIT
"Il n' y a pas le moindre doute sur le rôle joué par la génétique dans les différences intellectuelles , les arguments que vous déployez pour faire tenir votre idéologies sont simplement grotesques et il n' est pas tolérable de maintenir la population dans l' ignorance parce que trois quatre Savonarole l' ont décidé .",SEN:0,cmr-wiki-c001-a80-0,LIT
"Ces tableaux resteront à leur place , encrez vous bien ça dans le crane .",SEN:1,cmr-wiki-c001-a80-1,LIT
"Il y a beaucoup de doutes , des sources contestables et contestées , et ces tableaux et vous - même",SEN:0,cmr-wiki-c001-a81-0,LIT
seront supprimés si vous ne sourcez pas .,SEN:1,cmr-wiki-c001-a81-1,ORAL
WP n' est pas une tribune ... --Dfeldmann,SEN:2,cmr-wiki-c001-a81-2,ORAL
( d ) 3 octobre 2009 à 06:02 ( CEST ),SEN:3,cmr-wiki-c001-a81-3,ORAL
"Il y a 7 arguments majeurs qui démontrent l' existence et l' importance de facteurs génétiques innés dans les différences intellectuelles : Prenons la comparaison entre la race noire et la race caucasienne , car c' est celle qui est le plus détaillée dans l' ouvrage de R Richard Lynn , il va de soit que les arguments sont extrapolables à d' autres comparaisons .",SEN:0,cmr-wiki-c001-a82-0,LIT
1 .,SEN:1,cmr-wiki-c001-a82-1,ORAL
Les deux races ont évolué indépendamment l' une de l' autre et dans des milieux différents pendant une période de cent mille ans .,SEN:2,cmr-wiki-c001-a82-2,LIT
"( Stringer , 1989 ; Cavalli - Sforza ,",SEN:3,cmr-wiki-c001-a82-3,ORAL
2000 ) Quand deux populations évoluent isolément l' une de l' autre pendant une telle période il y a des différences qui apparaissent dans tous les domaines dans lesquels il y a des possibilités de variations génétiques .,SEN:4,cmr-wiki-c001-a82-4,LIT
"La position environnementaliste extrême , postulant qu' il n' y a pas de différences intellectuelles entre deux races défie le principe général de l' évolution biologique et peut être vu comme impossible .",SEN:5,cmr-wiki-c001-a82-5,LIT
"Allez jeter un coup d' oeil à l' article race humaine , ça devrait vous intéresser .",SEN:0,cmr-wiki-c001-a83-0,LIT
Surtout si vous êtes biologiste ) .,SEN:1,cmr-wiki-c001-a83-1,ORAL
"Et aussi , lisez le livre de Gould -- Dfeldmann",SEN:2,cmr-wiki-c001-a83-2,LIT
( d ) 3 octobre 2009 à 06:02 ( CEST ),SEN:3,cmr-wiki-c001-a83-3,ORAL
2 .,SEN:0,cmr-wiki-c001-a84-0,ORAL
Les africains obtiennent des Q.I,SEN:1,cmr-wiki-c001-a84-1,LIT
"assez semblables dans de très nombreuses localisations différentes , sur les 5 continents : cela doit être considéré comme la preuve d' un fort facteur génétique .",SEN:2,cmr-wiki-c001-a84-2,LIT
3 .,SEN:3,cmr-wiki-c001-a84-3,ORAL
"Le haut niveau d' héritabilité trouvé chez des vrais jumeaux en Amérique , en Europe , au Japon et en Inde montre que l' intelligence est fortement déterminée par des facteurs génétiques .",SEN:4,cmr-wiki-c001-a84-4,LIT
4 .,SEN:5,cmr-wiki-c001-a84-5,ORAL
"Les différences de volume cranien entre caucasiens et noirs ( 89 cm cubes en moyenne ) démontrent l' existence de facteurs génétiques , car l' héritabilité des volumes craniens est de 0,9 et la corrélation entre l' intelligence et les volumes craniens est de 0,4 .",SEN:6,cmr-wiki-c001-a84-6,LIT
5 .,SEN:7,cmr-wiki-c001-a84-7,ORAL
De nombreux égalitaristes ont proposé que le racisme des blancs pouvait diminuer le Q.I,SEN:8,cmr-wiki-c001-a84-8,LIT
"des noirs , mais il n' y a pas d' explication qui puisse expliquer comment le racisme pourrait diminuer le Q.I ,",SEN:9,cmr-wiki-c001-a84-9,LIT
et pourquoi alors le Q.I,SEN:10,cmr-wiki-c001-a84-10,ORAL
des africains d' Afrique noire serait il de 67 ?,SEN:11,cmr-wiki-c001-a84-11,LIT
"Si le racisme diminue l' intelligence , il est curieux que les juifs d' Amérique et d' Angleterre aient un Q.I",SEN:12,cmr-wiki-c001-a84-12,LIT
"de 108 , alors qu' ils ont été exposés au racisme depuis des siècles .",SEN:13,cmr-wiki-c001-a84-13,LIT
Le haut Q.I,SEN:14,cmr-wiki-c001-a84-14,ORAL
des juifs américains est bien connu depuis 1930 .,SEN:15,cmr-wiki-c001-a84-15,LIT
6 .,SEN:16,cmr-wiki-c001-a84-16,ORAL
Les enfants noirs adoptés par des parents blancs obtiennent les mêmes scores que la prédiction raciale .,SEN:17,cmr-wiki-c001-a84-17,LIT
Il persiste une différence de 17 points de Q.I,SEN:18,cmr-wiki-c001-a84-18,LIT
entre blancs et noirs élevés dans les mêmes conditions .,SEN:19,cmr-wiki-c001-a84-19,LIT
Etre élevé par des parents adoptifs blancs n' a pas d' effet positif sur l' intelligence des noirs .,SEN:20,cmr-wiki-c001-a84-20,LIT
Le Q.I,SEN:21,cmr-wiki-c001-a84-21,ORAL
des hybrides tombe exactement au milieu des blancs et des noirs 7 .,SEN:22,cmr-wiki-c001-a84-22,LIT
Le Q.I,SEN:23,cmr-wiki-c001-a84-23,ORAL
"moyen des hybrides est en moyenne strictement intermédiaire entre celui des deux races parentales , de même que la capacité cranienne , strictement intermédiaire .",SEN:24,cmr-wiki-c001-a84-24,LIT
-- Dumoulinb ( d ) 2 octobre 2009 à 18:50 ( CEST ),SEN:25,cmr-wiki-c001-a84-25,LIT
"Contrairement à ce que l' on puisse penser , je n' ai rien contre les théories de Lynn mais il s' avère qu' elles ne sont pas majoritaires , loin de là et nous sommes ici pour informer , à charge comme à décharge .",SEN:0,cmr-wiki-c001-a85-0,LIT
Votre grossièreté est un franc aveu de faiblesse .,SEN:1,cmr-wiki-c001-a85-1,LIT
"Cependant , si vous collaboriez au lieu d' imposer , le résultat serait plus intéressant .",SEN:2,cmr-wiki-c001-a85-2,LIT
"L' article principal doit contenir une références à toutes les théories importantes mais pour les détails , il faut créer un article séparé , donc là , détaillé .",SEN:3,cmr-wiki-c001-a85-3,LIT
"Mais même dans ce cas , vous devrez y admettre que l' on y publie les points de vue opposés ainsi que les arguments car telle est l' intelligence , celle de pouvoir se forger sa propre opinion et non pas ingurgiter les sources uniques et imposées .",SEN:4,cmr-wiki-c001-a85-4,LIT
Vos modifications seront annulées aussi longtemps que vous ne respecterez pas le travail et les opinions d' autrui .,SEN:5,cmr-wiki-c001-a85-5,LIT
-- Parthes ( d ) 3 octobre 2009 à 17:52 ( CEST ),SEN:6,cmr-wiki-c001-a85-6,LIT
"Contrairement à ce que vous affirmez , les théories de Lynn sont aujourd'hui très clairement majoritaires chez tous les spécialistes de la question .",SEN:0,cmr-wiki-c001-a86-0,LIT
Un traité signé par 52 des plus éminents spécialites de la question a été signé il y a déja des années .,SEN:1,cmr-wiki-c001-a86-1,LIT
""" Mainstream Science on Intelligence "" , Dec .",SEN:2,cmr-wiki-c001-a86-2,LIT
"13 , 1994 Wall Street Journal p A18 , signé par presque tous les grands noms de la recherche en intelligence ( Cattell , Carroll , Jensen , etc. )",SEN:3,cmr-wiki-c001-a86-3,LIT
: www.lrainc.com/swtaboo/taboos/wsj_main.html,SEN:4,cmr-wiki-c001-a86-4,LIT
( en anglais ) .,SEN:5,cmr-wiki-c001-a86-5,ORAL
Il serait d' ailleurs je trouve important de publier ce lien et d' informer la population des mensonges moralistes .,SEN:6,cmr-wiki-c001-a86-6,LIT
Tous les livres traitant du Q.I,SEN:7,cmr-wiki-c001-a86-7,ORAL
à travers le monde considèrent aujourd'hui les facteurs génétiques comme majeurs .,SEN:8,cmr-wiki-c001-a86-8,LIT
"Il est vrai que durant la seconde moitié du 20ème siècle on a eu droit à pas mal d' idéologie maquillée , avec notament des gens comme gould , mais il est mort en 1994 et nous arrivons en 2010 .",SEN:9,cmr-wiki-c001-a86-9,LIT
"Que ce soit dans le traité que je vous joins ( et qui a lui seul permet de montrer que ces opinions sont majoritaires ) , mais également dans le dernier ouvrage de Serge Larivee de l' université de Montréal , tout comme dans l' ouvrage de Plomin Des gènes au comportement , le concensus s' est fait sur l' importance de la génétique .",SEN:10,cmr-wiki-c001-a86-10,LIT
Et pourquoi effacez vous aussi le tableau de l' héritabilité du Q.I,SEN:11,cmr-wiki-c001-a86-11,LIT
?,SEN:12,cmr-wiki-c001-a86-12,ORAL
Il n' y a pourtant sur ce point la aucune contestation .,SEN:13,cmr-wiki-c001-a86-13,LIT
"Je vous cite L' article principal doit contenir une références à toutes les théories importantes Vous pouvez modifier ce que vous voulez mais vous laissez le tableau de Lynn , les gens ont le droit de savoir .",SEN:14,cmr-wiki-c001-a86-14,LIT
-- Dumoulinb ( d ) 3 octobre 2009 à 22:18 ( CEST ),SEN:15,cmr-wiki-c001-a86-15,LIT
"Mon avis , moi qui n' y connait goutte à ces histoires , et en appliquant les critères de wp : s' il y a information sourcée , admise majoritairement ou pas dans le monde scientifique , elle est légitime à être présentée dans l' article , de manière synthétique .",SEN:0,cmr-wiki-c001-a87-0,LIT
"Il me semble donc que les diverses avis et études peuvent être énoncés dans l' article , mais il vaudrait mieux pour tous que ce soit avec neutralité ( politique officielle de wp ) , c' est à dire sans prétendre dire "" ce qu' est la vérité "" .",SEN:1,cmr-wiki-c001-a87-1,LIT
"C' est le cas du tableau d'""héritage du QI "" , en le référant à ses sources .",SEN:2,cmr-wiki-c001-a87-2,LIT
"D' ailleurs , en l' interprétant , il me semble qu' il ne permet pas de conclure à l' hérédité du QI du fait que l' on parle de causalité quand le coeff de corrélation a sa valeur absolue entre 0,95 et 1 , perso j' en conclus plutôt que d' autres facteurs , non répertoriés dans le tableau , sont plus déterminants .",SEN:3,cmr-wiki-c001-a87-3,LIT
"Pire encore pour le coup du volume cranien , vieille lune du 19ème - début",SEN:4,cmr-wiki-c001-a87-4,LIT
du 20ème .,SEN:5,cmr-wiki-c001-a87-5,ORAL
AMO .,SEN:6,cmr-wiki-c001-a87-6,ORAL
Cordialement .,SEN:7,cmr-wiki-c001-a87-7,ORAL
LyricV ( d ) 3 octobre 2009 à 22:40 ( CEST ),SEN:8,cmr-wiki-c001-a87-8,ORAL
"Ceci dit , une rapide lecture de l' article refait http://fr.wikipedia.org/w/index.php?title=Quotient_intellectuel&diff=45421148&oldid=45419014",SEN:0,cmr-wiki-c001-a88-0,LIT
"par Dumoulinb me montre qu' il ne présente aucun recul par rapport au coup de balancier que proposent certains biologistes favorables au tout génétique et morphologique : en l' état l' article doit être remanié vers la neutralité ( ne pas prétendre dire "" ce qu' est la vérité "" quand il y désaccord entre les références ayant une notoriété ) .",SEN:1,cmr-wiki-c001-a88-1,LIT
LyricV ( d ) 3 octobre 2009 à 22:53 ( CEST ),SEN:2,cmr-wiki-c001-a88-2,ORAL
C' est effectivement ce que l' on se tue à lui expliquer depuis des mois .,SEN:0,cmr-wiki-c001-a89-0,LIT
"Personnellement , j' ai toujours été très méfiant dès que je vois apparaître de 0 % ou des 100 % .",SEN:1,cmr-wiki-c001-a89-1,LIT
"Dans la Nature , c' est assez rare des causes uniques .",SEN:2,cmr-wiki-c001-a89-2,LIT
"Mais , sur WP , il faut des preuves et des sources et la notoriété présumée de Lynn , se réduit quand même à moins de 1 % des biologistes actuels .",SEN:3,cmr-wiki-c001-a89-3,LIT
Il a une indéniable notoriété dans certains cercles mais n' a jamais pu s' expliquer sur les défauts intrinsèques à sa méthode de compilations de tests de QI .,SEN:4,cmr-wiki-c001-a89-4,LIT
Son hypothèse est intéressante mais il faudrait la valider dans la réalité .,SEN:5,cmr-wiki-c001-a89-5,LIT
"L' ennui , c' est le temps et le prix de la chose , il faudrait une collaboration mondiale pour cela .",SEN:6,cmr-wiki-c001-a89-6,LIT
"Si tous les adeptes de Lynn sont aussi sympathiques et agréables que Dumoulinb , ce n' est évidemment pas gagné.--",SEN:7,cmr-wiki-c001-a89-7,LIT
Parthes ( d ) 3 octobre 2009 à 23:30 ( CEST ),SEN:8,cmr-wiki-c001-a89-8,ORAL
""" notoriété présumée de Lynn , se réduit quand même à moins de 1 % des biologistes actuels "" Qu' en savez vous ?",SEN:0,cmr-wiki-c001-a90-0,LIT
Vous êtes biologistes ?,SEN:1,cmr-wiki-c001-a90-1,ORAL
Que faites vous du traité signé par 52 spécialistes de l' intelligence que je vous aie joins ?,SEN:2,cmr-wiki-c001-a90-2,LIT
L' avez vous seulement lu ?,SEN:3,cmr-wiki-c001-a90-3,ORAL
"Il y a de toute évidence un manque criant de neutralité dans cet article , les théories de Lynn et Vanhanen sont présentées dans "" dérives possibles "" je m' excuse mais c' est de l' accusation ad hominem , une présomption de culpabilité alors même que comme je l' ai mis et contrairement à ce que vous affirmez , ces théories sont extrèmement majoritaires .",SEN:4,cmr-wiki-c001-a90-4,LIT
Que faites vous de Jensen ?,SEN:5,cmr-wiki-c001-a90-5,ORAL
De Raven ?,SEN:6,cmr-wiki-c001-a90-6,ORAL
de Catell ?,SEN:7,cmr-wiki-c001-a90-7,ORAL
Caroll ?,SEN:8,cmr-wiki-c001-a90-8,ORAL
Eysenck ?,SEN:9,cmr-wiki-c001-a90-9,ORAL
Galton ?,SEN:10,cmr-wiki-c001-a90-10,ORAL
Et puis il y a ce traité que vous semblez de ne pas avoir vu .,SEN:11,cmr-wiki-c001-a90-11,LIT
Avant que je ne colabore à cet article on aurait pu croire que le Q.I,SEN:12,cmr-wiki-c001-a90-12,LIT
"n' avait pas plus de validité que l' astrologie , cela n' est pas exacte et les preuves sont très nombreuses .",SEN:13,cmr-wiki-c001-a90-13,LIT
"Vous soulignez que une héritabilité de 0,86 n' est pas une héritabilité de 1 , c' est vrai mais il faut savoir qu' on trouve une héritabilité de 0,86 pour la taille par exemple , cela n' empêche pas de pouvoir dire que la taille est un élément fortement héréditaire .",SEN:14,cmr-wiki-c001-a90-14,LIT
D' ailleurs les tests de Q.I,SEN:15,cmr-wiki-c001-a90-15,ORAL
"ne sont pas non plus parfaits et la corrélation entre deux tests passés par la même personne est de 0,86 .",SEN:16,cmr-wiki-c001-a90-16,LIT
-- Dumoulinb ( d ) 3 octobre 2009 à 23:55 ( CEST ),SEN:17,cmr-wiki-c001-a90-17,LIT
"Il n' empêche que en regard du nombre de biologistes , cela reste faible , la majorité reste septique .",SEN:0,cmr-wiki-c001-a91-0,LIT
Peut - être,SEN:1,cmr-wiki-c001-a91-1,ORAL
"pas conventionnalisme ou par peur des conséquences , c' est possible .",SEN:2,cmr-wiki-c001-a91-2,LIT
"Mais en regard de votre comportement , il est compréhensible qu' une méfiance existe .",SEN:3,cmr-wiki-c001-a91-3,LIT
"Si encore j' étais le seul à le dire , je comprendrais mais on dirait un complot mondial contre vous .",SEN:4,cmr-wiki-c001-a91-4,LIT
-- Parthes ( d ) 4 octobre 2009 à 00:09 ( CEST ),SEN:5,cmr-wiki-c001-a91-5,LIT
"Oui , il y a de cela .",SEN:0,cmr-wiki-c001-a92-0,ORAL
Il faut savoir que les première études sur l' héritabilité datent du début du siècle .,SEN:1,cmr-wiki-c001-a92-1,LIT
Elles ont été faites par Cyril Burt avec intelligence et rigueure .,SEN:2,cmr-wiki-c001-a92-2,LIT
"Il avait trouvé une héritabilité de 0,85 entre vrai jumeaux .",SEN:3,cmr-wiki-c001-a92-3,LIT
Cela n' a pas empêché les environnementalistes d' incendier son travail volontairement en faisant peser sur lui des accusations de fraude et autre .,SEN:4,cmr-wiki-c001-a92-4,LIT
Ce n' est qu' à la seconde partie du 20ème siècle que toutes ces expériences ont été refaites et ont validée au centième près les chiffres de Burt .,SEN:5,cmr-wiki-c001-a92-5,LIT
"Il y a des pressions gigantesques sur ces questions , tout simplement parce que un nombre d' intellectuels sont égalitaristes par idéologie .",SEN:6,cmr-wiki-c001-a92-6,LIT
"Hans Eysenck a été agressé physiquement après la publication de son livre The inequality of men , et là encore il faut attendre 20 ans pour que les mentalités acceptent ce qui était vrai .",SEN:7,cmr-wiki-c001-a92-7,LIT
"Il est vrai que dans les médias on parle peu de ces choses , mais dans le milieu des spécialistes de l' intelligence le consensus est depuis longtemps fait .",SEN:8,cmr-wiki-c001-a92-8,LIT
"Il n' y a eu que Gould pour s' opposer avec virulence , mais ce n' était pas du tout un spécialiste de ces questions et il s' opposait plus par principe que par réflexion .",SEN:9,cmr-wiki-c001-a92-9,LIT
"Je n' embête personne , si vous avez envie d' écrire un article affirmant que tous les hommes naissent avec les mêmes gènes faites donc , mais laissez au moins le lecteur avoir accès à tout , mettre les théories de Lynn dans Dérives possibles ce n' est pas acceptable .",SEN:10,cmr-wiki-c001-a92-10,LIT
-- Dumoulinb ( d ) 4 octobre 2009 à 00:46 ( CEST ),SEN:11,cmr-wiki-c001-a92-11,LIT
Le racisme est un délit .,SEN:0,cmr-wiki-c001-a93-0,ORAL
Je ne discute pas avec des racistes .,SEN:1,cmr-wiki-c001-a93-1,ORAL
N' importe qui peut me traiter de vache stalinienne .,SEN:2,cmr-wiki-c001-a93-2,LIT
"En revanche pour tout propos injurieux , il sera demandé réparation .",SEN:3,cmr-wiki-c001-a93-3,LIT
Je considère les interventions intempestives d' un biologiste répétitif comme absolument non significatives .,SEN:4,cmr-wiki-c001-a93-4,LIT
Où sont les autres biologistes ?,SEN:5,cmr-wiki-c001-a93-5,ORAL
Citer la liste des 52 ?,SEN:6,cmr-wiki-c001-a93-6,ORAL
Qui d' autre la cite ?,SEN:7,cmr-wiki-c001-a93-7,ORAL
Un ' spécialiste ' mondialement reconnu ...,SEN:8,cmr-wiki-c001-a93-8,ORAL
Les travaux de Rushton me semblent au plus haut point contestable .,SEN:9,cmr-wiki-c001-a93-9,LIT
On dirait qu' il cherche ce qu' il veut trouver ....,SEN:10,cmr-wiki-c001-a93-10,LIT
et le trouve .,SEN:11,cmr-wiki-c001-a93-11,ORAL
"Les arrières pensées , et tout ce qu' il y a derrière cela ( je ne suis pas un spécialiste , mais un lecteur ) semble puant .",SEN:12,cmr-wiki-c001-a93-12,LIT
Les phrases rajoutées sur lui sont tout aussi arbitraires que celles ôtés ...,SEN:13,cmr-wiki-c001-a93-13,LIT
"et j' ai été personnellement choqué par les affirmations gratuites comme "" de gauche / de droite "" dès le début de l' article , que je pense tout à fait intempestives et parfaitement corrélées à la hauteur du QI du contributeur et aux théories raciales de Rushton .",SEN:14,cmr-wiki-c001-a93-14,LIT
Voir http://www.charlesdarwinresearch.org/Darwins%20Really%20Dangerous%20Idea%201999.pdf,SEN:15,cmr-wiki-c001-a93-15,LIT
http://www.psychology.uwo.ca/faculty/rushton_pubs.htm,SEN:16,cmr-wiki-c001-a93-16,LIT
"Si on veut parler de ces points : Recherche en cours , nature des oppositions au QI , on a intéret , me semble -t -il",SEN:17,cmr-wiki-c001-a93-17,LIT
a le faire dans un paragraphe ( ou deux ) à part .,SEN:18,cmr-wiki-c001-a93-18,LIT
"Et surtout à bien sourcer , de façon multiples , à le faire à plusieurs et à éviter les propos de comptoir . Jean",SEN:19,cmr-wiki-c001-a93-19,LIT
de Parthenay ( d ) 5 octobre 2009 à 08:04 ( CEST ),SEN:20,cmr-wiki-c001-a93-20,LIT
Il me semble que Jean de Parthenay s' emporte inutilement .,SEN:0,cmr-wiki-c001-a94-0,LIT
"Traiter quelqu' un de raciste est insultant : il faudrait au moins justifier , sinon s' excuser .",SEN:1,cmr-wiki-c001-a94-1,LIT
"Et puis , même l' opinion la plus conne a sa place dans un article , il faut qu' elle soit sourcée ( et de volume proportionnel à etc , ou au moins limité ) , avec les commentaires sourcés qui vont avec , etc.",SEN:2,cmr-wiki-c001-a94-2,LIT
Les arrières pensées : qu' importe ?,SEN:3,cmr-wiki-c001-a94-3,ORAL
Les wp - èdiens,SEN:4,cmr-wiki-c001-a94-4,ORAL
"sont là pour gommer les sous-entendus ,",SEN:5,cmr-wiki-c001-a94-5,ORAL
neutraliser et exiger les sources .,SEN:6,cmr-wiki-c001-a94-6,ORAL
"Les apports de Dumoulinb ne sont pas inconsistants et reflètent une partie des informations disponibles : ses chiffres sont sourcés ( oui / non ? ) ,",SEN:7,cmr-wiki-c001-a94-7,LIT
"ses interprétations le sont bien moins , et d' autres interprétations seraient à inclure et à sourcer , et des commentaires d' opinions ( genre gauche / droite , raciste ou non , etc , et sourcés aussi ! ) .",SEN:8,cmr-wiki-c001-a94-8,LIT
"Rien de plus , rien de moins , mais progressivement : un déséquilibre dans l' article n' est pas grave s' il est neutralisé ( au sens de wp ): il ne sera déséquilibré que provisoire .",SEN:9,cmr-wiki-c001-a94-9,LIT
Cordialement .,SEN:10,cmr-wiki-c001-a94-10,ORAL
LyricV ( d ) 5 octobre 2009 à 20:25 ( CEST ),SEN:11,cmr-wiki-c001-a94-11,ORAL
Et bien oui !,SEN:0,cmr-wiki-c001-a95-0,ORAL
"En regardant ses contributions , c' est possible de dire que Dumoulinb est raciste !",SEN:1,cmr-wiki-c001-a95-1,LIT
LyricV ( d ) 5 octobre 2009 à 21:27 ( CEST ),SEN:2,cmr-wiki-c001-a95-2,ORAL
"Je me suis emporté , il est vrai .",SEN:0,cmr-wiki-c001-a96-0,ORAL
En vain ?,SEN:1,cmr-wiki-c001-a96-1,ORAL
Pas sûr ?,SEN:2,cmr-wiki-c001-a96-2,ORAL
Des excuses ?,SEN:3,cmr-wiki-c001-a96-3,ORAL
Sûrement pas !,SEN:4,cmr-wiki-c001-a96-4,ORAL
Et puis je n' ai traité personne ...,SEN:5,cmr-wiki-c001-a96-5,ORAL
Je n' ai même pas prononcé le nom d' un contributeur .,SEN:6,cmr-wiki-c001-a96-6,LIT
Mes remarques sont générales ( dénuées d' arrière-pensées,SEN:7,cmr-wiki-c001-a96-7,LIT
?,SEN:8,cmr-wiki-c001-a96-8,ORAL
pas sûr ) .,SEN:9,cmr-wiki-c001-a96-9,ORAL
"Je ne suis pas biologiste , mais je Crois que l' homme est le même ( et pourtant différent ) , partout dans le monde .",SEN:10,cmr-wiki-c001-a96-10,LIT
Affirmation idéologique ...,SEN:11,cmr-wiki-c001-a96-11,ORAL
Oui !,SEN:12,cmr-wiki-c001-a96-12,ORAL
Et alors ?,SEN:13,cmr-wiki-c001-a96-13,ORAL
Je source : Jean-Pierre,SEN:14,cmr-wiki-c001-a96-14,ORAL
"Changeux , Albert Jacquard .",SEN:15,cmr-wiki-c001-a96-15,ORAL
L' idée qu' il y a une nature humaine et que celle-ci,SEN:16,cmr-wiki-c001-a96-16,LIT
"soit enfermée dans le biologique me semble une pure escroquerie de scientiste ; avec des statistiques , on n' a jamais démontré quoique ce soit .",SEN:17,cmr-wiki-c001-a96-17,LIT
"Depuis Giordano Bruno , on sait que seule la réflexion permet de comprendre , pas l' accumulation de chiffres !",SEN:18,cmr-wiki-c001-a96-18,LIT
Hegel ne dit rien d' autre d' ailleurs ...,SEN:19,cmr-wiki-c001-a96-19,ORAL
( sur les maths ) Et c' est un matheux qui parle ( justement ) .,SEN:20,cmr-wiki-c001-a96-20,LIT
Quelques lectures philosophiques guérissent de l' illusion que les chiffres mènent le monde .,SEN:21,cmr-wiki-c001-a96-21,LIT
Ils s' interprètent .,SEN:22,cmr-wiki-c001-a96-22,ORAL
Et l' interprétation qui en est faite par les articles cités me semble bien légère : Les variations aux tests de QI s' expliquent certainement par la familiarité des enfants asiatiques avec des signes ( Kanji ) dont l' apprentissage ( et la pure contemplation éveillent d' incontestables qualités ...,SEN:23,cmr-wiki-c001-a96-23,LIT
en éteint d' autres .,SEN:24,cmr-wiki-c001-a96-24,ORAL
Que dire après ça ?,SEN:25,cmr-wiki-c001-a96-25,ORAL
"Le QI moyen de la classe ouvrière des pays occidentaux est à 80 quand la bourgeoisie est à 120 , On le sait .",SEN:26,cmr-wiki-c001-a96-26,LIT
Qu' est -ce,SEN:27,cmr-wiki-c001-a96-27,ORAL
à dire ?,SEN:28,cmr-wiki-c001-a96-28,ORAL
"Que les enfants d' ouvriers ne sont pas familiarisés avec les tests conceptuels , rien de plus .",SEN:29,cmr-wiki-c001-a96-29,LIT
Cela m' apprend -il,SEN:30,cmr-wiki-c001-a96-30,ORAL
quelque chose que je ne sache déjà et qui me permette d' agir ?,SEN:31,cmr-wiki-c001-a96-31,LIT
Non .,SEN:32,cmr-wiki-c001-a96-32,ORAL
"Cela ouvre simplement la voie à une autre interprétation : ' C' est leur faute , ils sont cons ; qu' ils le restent ' .",SEN:33,cmr-wiki-c001-a96-33,LIT
J' ai très peur que les thèses des universitaires canadiens incriminés ne cachent des arrières pensées de ce style .,SEN:34,cmr-wiki-c001-a96-34,LIT
"En tout cas , elles peuvent donner lieu à cette interprétation ( si elles sont évoquées , il faudra sans doute en donner aussi une critique serrée ! )",SEN:35,cmr-wiki-c001-a96-35,LIT
"( et sourcer OK , je suis sûr qu' elles ont déjà été critiquées pour manque de rigueur dans l' analyse ... )",SEN:36,cmr-wiki-c001-a96-36,LIT
Je sais très bien que l' outil Wp finit par dégager des consensus et donc par éliminer les scories non sourcées et délirantes .,SEN:37,cmr-wiki-c001-a96-37,LIT
"Néanmoins , les contributions de ce type - qui provoquent des guerres d' édition et pourrissent des articles assez bien faits - m' agacent .",SEN:38,cmr-wiki-c001-a96-38,LIT
"Les universités privées se multiplient et autorisent des recherchers ' ethnicistes ' , qui en France , je le rappelle sont encore interdites .",SEN:39,cmr-wiki-c001-a96-39,LIT
"De même que l' usage du mot race , pour l' homme , est -vous le savez-",SEN:40,cmr-wiki-c001-a96-40,LIT
inapproprié et à proscrire .,SEN:41,cmr-wiki-c001-a96-41,ORAL
"Une citation comme "" Race differences in intelligence , Richard Lynn , 2006 , p.180 """,SEN:42,cmr-wiki-c001-a96-42,LIT
"de même que Intelligence , race , and genetics .",SEN:43,cmr-wiki-c001-a96-43,LIT
"Conversations with Arthur Jensen , de Frank Miele , 2002 , pp.135",SEN:44,cmr-wiki-c001-a96-44,LIT
et 136 ont leur place au chenil et dans les poubelles Jean de Parthenay ( d ) 10 octobre 2009 à 15:52 ( CEST ) ( à moins que race = course ? ),SEN:45,cmr-wiki-c001-a96-45,LIT
"Mon cher Jean , je vous comprends mais , néanmoins , 15 à 30 % de la population soutient ces thèses et une proportion le soutiendra toujours , contre vents et marées .",SEN:0,cmr-wiki-c001-a97-0,LIT
"Par contre , avec une bonne information objective , nous pouvons aider les personnes à faire un choix mais surtout sans les forcer dans un sens ou dans un autre , parfois , ces thèses sont aidées par le fait que des vérités ou des résultats désagréables sont niés ou cachés .",SEN:1,cmr-wiki-c001-a97-1,LIT
Alors commence tout un cinéma de victimisation et autre .,SEN:2,cmr-wiki-c001-a97-2,LIT
"Partant de cette faute déontologique , ils embrayent alors sur beaucoup plus large .",SEN:3,cmr-wiki-c001-a97-3,LIT
il ne faut pas fournir la mèche mais simplement informer .,SEN:4,cmr-wiki-c001-a97-4,LIT
"De plus , ces personnes ont un caractère propice à ces comportements , cela fait partie d' eux , le crime de naissance est un aberration , il faut apprendre à vivre avec eux . Quant",SEN:5,cmr-wiki-c001-a97-5,LIT
"à trouver des textes qui critiquent et démontent ces théories , il y en a en fait très peu car c' est tabou .",SEN:6,cmr-wiki-c001-a97-6,LIT
C' est pour cela que je me suis décidé à finalement créer tout un article dessus .,SEN:7,cmr-wiki-c001-a97-7,LIT
"Si cela vous intéresse , il est sur cette adresse : http://knol.google.com/k/hugues-crepin/un-essai-sur-le-retour-des-théories-de/3840f7pxozc5c/12",SEN:8,cmr-wiki-c001-a97-8,LIT
Bon week - end .,SEN:9,cmr-wiki-c001-a97-9,ORAL
-- Hcrepin ( d ) 10 octobre 2009 à 23:05 ( CEST ),SEN:10,cmr-wiki-c001-a97-10,LIT
Ton point de vue se défend .,SEN:0,cmr-wiki-c001-a98-0,ORAL
J' ai vu ta page .,SEN:1,cmr-wiki-c001-a98-1,ORAL
C' est bien .,SEN:2,cmr-wiki-c001-a98-2,ORAL
Un détail : peut-être,SEN:3,cmr-wiki-c001-a98-3,ORAL
"un peu compliqué à lire pour ceux qui sont persuadés que l' autre leur est soit supérieur , soit inférieur .",SEN:4,cmr-wiki-c001-a98-4,LIT
Il est utile de démonter les lacunes d' un raisonnement qui se veut scientifique .,SEN:5,cmr-wiki-c001-a98-5,LIT
Mais je crois qu' il faut aussi différencier les réponses selon les publcs .,SEN:6,cmr-wiki-c001-a98-6,LIT
Et puis reprendre les choses à la racine : La science n' est pas qu' une collection de mesures .,SEN:7,cmr-wiki-c001-a98-7,LIT
Elle ne sait dire des choses que pour autant qu' elle ait une explication .,SEN:8,cmr-wiki-c001-a98-8,LIT
Ce qui suppose un modèle et des expérimentations .,SEN:9,cmr-wiki-c001-a98-9,LIT
"Or sur ce sujet , Je tiens au tabou sur les expérientations , et je crois que 4 à 6 millions de déportés donnent à ce propos tout son poids .",SEN:10,cmr-wiki-c001-a98-10,LIT
"J' espère fortement qu' au delà de la recherche de la vérité , nous mettons d' abord le respect de l' autre .",SEN:11,cmr-wiki-c001-a98-11,LIT
Avoir raison à tout prix n' est pas avoir raison .,SEN:12,cmr-wiki-c001-a98-12,LIT
Cela demande donc à mon avis quelques applications philosophiques sur les limites de ce qu' on ne peut pas faire .,SEN:13,cmr-wiki-c001-a98-13,LIT
"Ni dire , du moins en public ( peu importe les conversations de bistro me semble -t -il ,",SEN:14,cmr-wiki-c001-a98-14,LIT
du moins tant qu' elles ne prônent pas la violence ) sur ce qu' on ne doit pas attendre de la science et des nombres ...,SEN:15,cmr-wiki-c001-a98-15,LIT
Ces prolégomènes philosophique posés/ as - tu,SEN:16,cmr-wiki-c001-a98-16,ORAL
regardé du côté de l' AFIS ?,SEN:17,cmr-wiki-c001-a98-17,ORAL
Ils ont peut-être,SEN:18,cmr-wiki-c001-a98-18,ORAL
de la documentation là dessus ?,SEN:19,cmr-wiki-c001-a98-19,ORAL
Jean de Parthenay ( d ) 18 octobre 2009 à 00:45 ( CEST ),SEN:20,cmr-wiki-c001-a98-20,LIT
"Vos « 4 à 6 millions de déportés » me rappellent un camarade de faculté qui , dans ma très lointaine jeunesse , soutenait contre les idées de Mendel les délires de Mitchourine et de Lyssenko ; je n' ai pas oublié son argument : « C' est ça !",SEN:0,cmr-wiki-c001-a99-0,LIT
on commence par sélectionner les graines et puis on envoie les juifs à Auschwitz .,SEN:1,cmr-wiki-c001-a99-1,LIT
"» Quand elle cherche , la science n' a pas à tenir compte de ce que des imbéciles pourraient tirer éventuellement des résultats qu' elle découvre .",SEN:2,cmr-wiki-c001-a99-2,LIT
Je suis très sceptique moi - même,SEN:3,cmr-wiki-c001-a99-3,ORAL
quant à cette question de Q.I.,SEN:4,cmr-wiki-c001-a99-4,ORAL
mais ce n' est pas pour des raisons de « politiquement correct » .,SEN:5,cmr-wiki-c001-a99-5,LIT
Gustave G.,SEN:6,cmr-wiki-c001-a99-6,ORAL
( d ) 18 octobre 2009 à 04:49 ( CEST ),SEN:7,cmr-wiki-c001-a99-7,ORAL
je parle ci - dessus,SEN:0,cmr-wiki-c001-a100-0,ORAL
d' expérimentation sur l' humain / Qi ...,SEN:1,cmr-wiki-c001-a100-1,ORAL
"comme pour l' expérimentation sur l' humain médicale , l' expérimentation psychologique n' est pas innocente .",SEN:2,cmr-wiki-c001-a100-2,LIT
Cela devrait être très strictement encadré .,SEN:3,cmr-wiki-c001-a100-3,LIT
"Un enfant à qui tu annonces que son Qi est de 60 , t' en fais quoi après tu le jettes ?",SEN:4,cmr-wiki-c001-a100-4,LIT
"Tu lui explique que c' est pas de sa faute , que c' est : soit ses gènes , soit son éducation .",SEN:5,cmr-wiki-c001-a100-5,LIT
BINGO !,SEN:6,cmr-wiki-c001-a100-6,ORAL
t' en as fait un débile à vie .,SEN:7,cmr-wiki-c001-a100-7,ORAL
Tu lui dis rien ?,SEN:8,cmr-wiki-c001-a100-8,ORAL
Pire !,SEN:9,cmr-wiki-c001-a100-9,ORAL
Tu le dis à ses parents sous le sceau de la confidentialité ?,SEN:10,cmr-wiki-c001-a100-10,LIT
Tu lui mens ?,SEN:11,cmr-wiki-c001-a100-11,ORAL
La déontologie commence ...,SEN:12,cmr-wiki-c001-a100-12,ORAL
Je crois que tu as mal compris mon propos .,SEN:13,cmr-wiki-c001-a100-13,ORAL
"Ce que je dis sur cette page , c' est que les expériences n' étant pas aisées , et probablement celles qui ont été mises en place très critiquables , les discriminations par pays , par ethnies , par race .",SEN:14,cmr-wiki-c001-a100-14,LIT
( alors qu' on a aucune défintion de ça ) .,SEN:15,cmr-wiki-c001-a100-15,ORAL
ne sont pour moi que des papiers à mettre à la poubelle .,SEN:16,cmr-wiki-c001-a100-16,LIT
"En parler , c' est la porte ouverte à voir s' engouffrer dans cet article tous les racismes , ce qui est arrivé .",SEN:17,cmr-wiki-c001-a100-17,LIT
"Les combattre intelligemment , ce n' est pas non plus leur ouvrir la porte !",SEN:18,cmr-wiki-c001-a100-18,LIT
"ET si on veut en parler , il faut pouvoir en montrer les limites .",SEN:19,cmr-wiki-c001-a100-19,LIT
Plus généralement : la science s' impose -t -elle,SEN:20,cmr-wiki-c001-a100-20,LIT
des limites ?,SEN:21,cmr-wiki-c001-a100-21,ORAL
Je l' espère bien !,SEN:22,cmr-wiki-c001-a100-22,ORAL
"Sans limite , il n' y a que du vent .",SEN:23,cmr-wiki-c001-a100-23,ORAL
"Y compris des limites éthiques , et morale .",SEN:24,cmr-wiki-c001-a100-24,ORAL
Je te renvoie à Elie Wiesel et pas à Lyssenko ( pourquoi doit -on,SEN:25,cmr-wiki-c001-a100-25,LIT
toujours faire référence aux soviets dans cette page .,SEN:26,cmr-wiki-c001-a100-26,LIT
Cet argument massue ( la vache stalinienne ) est très connoté .,SEN:27,cmr-wiki-c001-a100-27,LIT
( Jean de Parthenay ( d ) 18 octobre 2009 à 12:23 ( CEST ) ),SEN:28,cmr-wiki-c001-a100-28,LIT
"On a le droit de se poser toutes les questions que l' on veut , la seule limite étant qu' il n' est pas permis d' user de tous les moyens pour satisfaire sa curiosité ; Frédéric II , empereur du moyen-âge ,",SEN:0,cmr-wiki-c001-a101-0,LIT
"avait bien raison de vouloir mieux connaître le corps humain , mais s' il a affectivement pratiqué des vivisections comme on l' en a accusé , on doit bien sûr le condamnerVoir ce qu' en dit Gabriel Tarde , La philosophie pénale , Elibron Classics pp.",SEN:1,cmr-wiki-c001-a101-1,LIT
544 et suiv .,SEN:2,cmr-wiki-c001-a101-2,ORAL
"2002 , ISBN 9780543964915 ..",SEN:3,cmr-wiki-c001-a101-3,ORAL
"Vous parlez d' un enfant qui n' aurait qu' un QI de 60 , mais le QI , tel qu' on a fini par le calculer , ne représente qu' une petite partie de l' intelligence globale .",SEN:4,cmr-wiki-c001-a101-4,LIT
On fait fi de la richesse du vocabulaire qui est un élément essentiel de la réussite scolaire ; encore cette richesse doit -elle,SEN:5,cmr-wiki-c001-a101-5,LIT
être appréciée différemment chez un bilingue et chez un unilingue : ma fille toute jeune aurait peut-être,SEN:6,cmr-wiki-c001-a101-6,LIT
"ignoré des mots comme « simultané » ou « hibernation » , alors qu' elle aurait tout de suite compris « gleichzeitig » et « Winterschlaf » , limpides pour un petit germanophone .",SEN:7,cmr-wiki-c001-a101-7,LIT
Faut -il,SEN:8,cmr-wiki-c001-a101-8,ORAL
révéler le QI ?,SEN:9,cmr-wiki-c001-a101-9,ORAL
"Comme toujours c' est un cas d' espèce : apprenez à quelqu' un qui a raté sa carrière qu' il a un QI de 140 , il y a bien des chances pour qu' il se dise : « J' étais trop intelligent pour une société qui ne me méritait pas !",SEN:10,cmr-wiki-c001-a101-10,LIT
» et il ne cherchera pas à corriger ses défauts .,SEN:11,cmr-wiki-c001-a101-11,LIT
Je préfère vous laisser vous battre sur un article faussé dès le départ .,SEN:12,cmr-wiki-c001-a101-12,LIT
Gustave G.,SEN:13,cmr-wiki-c001-a101-13,ORAL
( d ) 18 octobre 2009 à 16:58 ( CEST ),SEN:14,cmr-wiki-c001-a101-14,ORAL
"Puisque { { u|Dumoulinb } } ne tient visiblement aucun compte des objections qui lui ont été faites , ci - dessus",SEN:0,cmr-wiki-c001-a102-0,LIT
"ou par commentaires interposés lors des modifications de l' article , j' ai fait revenir celui-ci",SEN:1,cmr-wiki-c001-a102-1,LIT
à la version de Maurilbert .,SEN:2,cmr-wiki-c001-a102-2,ORAL
Puis je l' ai protégé en écriture .,SEN:3,cmr-wiki-c001-a102-3,ORAL
"Mais je crains , hélas , au vu de cce qui précède ( comme l' épisode de la « [ grosse vache stalinienne » ) que cela ne finisse , à court ou moyen terme , par un blocage de longue durée de celui quik refuse de prendre en compte l' opinion d' autrui .",SEN:4,cmr-wiki-c001-a102-4,LIT
"Nul sur Wikip^édia n' est en droit de se prétendre , explicitement , ou simplement de se poser , implicitement , en propriétaire d' un quelconque article ou d' un quelconque domaine de connaissance , quelles que soient ses connaissances reconnues ou supposées .",SEN:5,cmr-wiki-c001-a102-5,LIT
"Cela va à l' encontre d' un de nos principes fondateurs qui expose que Wikipédia est publiée sous licence libre et ouverte à tous , ce principe impliquant notamment que personne n' a le contrôle d' un article particulier .",SEN:6,cmr-wiki-c001-a102-6,LIT
Hégésippe | ±Θ± 4 octobre 2009 à 08:55 ( CEST ),SEN:7,cmr-wiki-c001-a102-7,LIT
Je m' excuse de vous le dire mais celui qui pose problème ici c' est assurément Parthes .,SEN:0,cmr-wiki-c001-a103-0,LIT
"Si vous lisez les paragraphes précédents de ce volet discussion vous pourrez voir que je suis très loins d' être le seul à être exaspéré par l' emprise de l' idéologie sur la raison , or c' est pertinément dans ce sens que Parthes persévère envers et contre tous en supprimant des passages contraires à son idéal .",SEN:1,cmr-wiki-c001-a103-1,LIT
Il supprime par exemple mon article sur l' héritabilité du Q.I,SEN:2,cmr-wiki-c001-a103-2,LIT
et affirme que le nombre d' études est insuffisant pour pouvoir tirer des conclusions .,SEN:3,cmr-wiki-c001-a103-3,LIT
Mais d' ou sort -il,SEN:4,cmr-wiki-c001-a103-4,ORAL
cette affirmation ?,SEN:5,cmr-wiki-c001-a103-5,ORAL
Des études ont été faites sur des centaines de milliers de cas !,SEN:6,cmr-wiki-c001-a103-6,LIT
-- Dumoulinb ( d ) 4 octobre 2009 à 19:36 ( CEST ),SEN:7,cmr-wiki-c001-a103-7,LIT
"Je voudrais juste remercier Dumoulinb pour sa collaboration à cet article , je trouve qu' il y a beaucoup apporté .",SEN:0,cmr-wiki-c001-a104-0,LIT
-- 62.235.207.102,SEN:1,cmr-wiki-c001-a104-1,ORAL
( d ) 4 octobre 2009 à 21:35 ( CEST ),SEN:2,cmr-wiki-c001-a104-2,ORAL
La réflexion la plus pertinente que j' aie lu dans cet article me semble la suivante : « Il est fréquent que la vraie difficulté intellectuelle d' une tâche soit d' arriver à bien poser le problème plutôt que le résoudre une fois posé .,SEN:0,cmr-wiki-c001-a105-0,LIT
» Je pense à ce que Renan disait de saint Thomas d' Aquin dans ses Souvenirs d' enfance et de jeunesse : C' est un édifice dont les pierres sont liées par des tenons en fer ; mais la base est d' une faiblesse extrême .,SEN:1,cmr-wiki-c001-a105-1,LIT
"et ailleurs , en parlant des diverses théologies : Partout ce sont les mêmes textes découpés et séparés de ce qui les explique , les mêmes syllogismes triomphants , mais posant sur le vide , les mêmes défauts de critique historique , provenant de la confusion des dates et des milieux .",SEN:2,cmr-wiki-c001-a105-2,LIT
"Ce que mesure le QI , ne serait -ce",SEN:3,cmr-wiki-c001-a105-3,ORAL
pas l' aptitude à enchaîner logiquement des raisonnements les uns aux autres sans que l' on se demande nécessairement si le point de départ est juste et si l' on n' aboutira pas à des absurdités ?,SEN:4,cmr-wiki-c001-a105-4,LIT
Les quotients intellectuels élevés sont peut-être,SEN:5,cmr-wiki-c001-a105-5,LIT
exceptionnellement fréquents parmi les technocrates et les énarques .,SEN:6,cmr-wiki-c001-a105-6,LIT
Gustave G.,SEN:7,cmr-wiki-c001-a105-7,ORAL
( d ) 10 octobre 2009 à 08:04 ( CEST ),SEN:8,cmr-wiki-c001-a105-8,ORAL
"En fait , justement non , ironiquement , la proportion de quotients intellectuels très élevés est à peine supérieure à la normale chez les technocrates et les énarques .",SEN:0,cmr-wiki-c001-a106-0,LIT
"Ces milieux sont caractérisés par des QI de 110 - 115 de moyenne , sans plus .",SEN:1,cmr-wiki-c001-a106-1,LIT
"L' intelligence est également plurielle , les milieux académiques et administratifs favorisent essentiellement une forme d' intelligence sociale et la mémoire .",SEN:2,cmr-wiki-c001-a106-2,LIT
Les besoins en raisonnement de ces milieux ne demande pas pour avoir la moyenne ou la réussite des performances exceptionnelles .,SEN:3,cmr-wiki-c001-a106-3,LIT
"Si l' on était rationnel , les postes à responsabilité et les groupes de réflexion devraient surtout rassembler des gens différents , la catastrophe actuelle vient de la monoculturelle et du noyautage népotique de ces "" hautes "" écoles .",SEN:4,cmr-wiki-c001-a106-4,LIT
"Mais cette notion de base très ténue est fragile est toujours aussi juste de nos jours car , en effet , nos bases scientifiques sont viciées par les idéologies diverses ce qui fait que les décisions actuelles sont souvent prises sur des bases idéologiquement orientées ou filtrées .",SEN:5,cmr-wiki-c001-a106-5,LIT
"La meilleure preuve étant que quand l' on peut questionner réellement un dirigeant , on s' aperçoit très vite qu' en réalité , il a tout au plus un secteur de compétence mais est complètement incompétent sur le reste , ce reste incluant bien souvent la communication , l' éthique , la gestion autre que court terme , l' esprit critique , l' empathie , la capacité de dialogue / négociation ou la connaissance du métier de son secteur .",SEN:6,cmr-wiki-c001-a106-6,LIT
"Ces "" hautes "" écoles font surtout sortir des gens bien moulés mais en rien des élites .",SEN:7,cmr-wiki-c001-a106-7,LIT
--,SEN:8,cmr-wiki-c001-a106-8,ORAL
